customer_id,first_name,last_name,email,phone,signup_date,date_of_birth,city,postcode,country,marketing_opt_in
C3082,Mia,Evans,mia.evans90@outlook.com,07720 937945,06/07/2025,1955/05/19,Wrexham,LL11 9SA,UK,no
C5810,Oliver,Robinson,oliver.robinson@outlook.com,07159 902747,01/01/2026,1968-12-19,Swansea,SA5 5SN,United Kingdom,No
C6231,LILY,Jones,lily.jones@hotmail.co.uk,07453 098924,2026-04-04,1973-02-03,Belfast,bt23ls,england,0
C5373,Leo,McDonald,leo.mcdonald@gmail.com,07929696950,2025-01-22,19/05/1991,Manchester,M5 4DE,UK,y
C3666,George,Thompson,george.thompson90@icloud.com,07625-269687,2025-12-02,1983-01-06,London,E5 9RS,United Kingdom,y
C4390,Connor,Hughes,connor.hughes76@gmail.com,07651 434213,2025-05-13,"August 27, 1994",Liverpool,l202je,GB,N
C2826,Oliver,Hughes,oliver.hughes71@outlook.com,07772667573,2026-06-12,2031-04-12,London,E9 7JU,United Kingdom,0
C2190,Ivy,Johnson, ivy.johnson77@btinternet.com ,07739 084832,04-30-2026,1971-01-13,Bangor,LL12 4BH,United Kingdom,no
C2790,Leo,Hall,leo.hallbtinternet.com,07891983812,2024-08-31,1963-05-20,Aberystwyth,SY9 7PA,UK,No
C4077,Noah,Lewis,noah.lewis64@btinternet.com,07832 364039,09-14-2026,1957-06-01,Birmingham,B14 1GB,GB,Yes
C5814,Fiona,Thompson,fiona.thompson87@outlook.com,07231 483818,"May 17, 2024",1956-09-27,Wrexham,LL6 9YP,United Kingdom,FALSE
C1432,Cerys,Johnson,cerys.johnson66@btinternet.com,,2024-03-03,1984-01-19,Aberystwyth,,United Kingdom,yes
C2628,Leo,Davies, leo.davies@btinternet.com ,07795723067,02 Apr 2025,1950-11-15,Wrexham,LL14 1HN,United Kingdom,0
C3568,Leo,Lewis,leo.lewis71@outlook.com,07429 033407,"August 03, 2025",11-24-1982,Glasgow,G10 6NQ,UK,N
C1506,Rhys,Hall,rhys.hall70@gmail.com,07755 673916,2023-07-28,1972-07-22,Edinburgh,EH1 8XD,england,Yes
C5537,Lily,Ali,lily.ali@gmail.com,07343 838364,2025-07-13,1954-07-07,Cardiff,cf157yt,UK,TRUE
C4621,Megan,Nowak,megan.nowak@hotmail.co.uk,+44 7118 726474,2024-01-21,1982-11-02,Cardiff,CF3 2LQ,United Kingdom,
C1805,Mia,Robinson,mia.robinson@outlook.com,07403 972034,2025-09-01,,Newport,np74nr,United Kingdom,N
C3902,Megan,Thompson,megan.thompson91@outlook.com,07203-783047,30.05.26,1960-04-26,Sheffield,S6 6QX,United Kingdom,FALSE
C1796,Grace,Morgan,grace.morgan88@btinternet.com,07577 944895,2025-05-05,1956-11-24,Swansea,SA1 2LQ,United Kingdom,Yes
C4841,George,Walker,george.walker70@icloud.com,07205 432029,2026-01-17,2005-03-22,Glasgow,G2 3UB,Great Britain,FALSE
C2980,Mohammed,O'Brien,mohammed.obrien96@yahoo.co.uk,+44 7807 207282,2025-09-18,1986-05-18,Aberystwyth,SY3 8GF,GB,N
C5438,Priya,Thompson,priya.thompson81@icloud.com,07936372847,2025-05-22,1957-12-16,Nottingham,NG7 8DW,United Kingdom,no
C5044,Katarzyna,Lewis,katarzyna.lewis84@icloud.com,07302038109,2026-05-05,1900-01-01,Wrexham,ll97lp,england,Y
C3429,Liam,Taylor,liam.taylor97@gmail.com,07338 636665,14/12/2025,1962-02-04,Edinburgh,EH14 3PT,Great Britain,TRUE
C2363,Bethan,Lewis,bethan.lewis@hotmail.co.uk,+44 7827 369887,2025-08-31,16.04.74,Wrexham,LL13 9AZ,United Kingdom,1
C2911,Priya,Griffiths,priya.griffiths75@hotmail.co.uk,07130 025166,2026-01-13,1975-02-27,Liverpool,L17 2NY,england,1
C1825,Lily,Robinson,lily.robinson41@btinternet.com,07718 150088,2026-07-29,1982-05-01,Belfast,BT11 2SQ,United Kingdom,TRUE
C1522,Tomasz,Taylor,tomasz.taylor39@btinternet.com,07450 216403,"February 15, 2025",29.04.57,Port Talbot,SA9 4TX,GB,1
C6092,ethan,Morgan,ethan.morgan98@icloud.com,,2024-04-23,1971-08-29,Swansea,SA15 6WL,United Kingdom,no
C1570,Megan,Singh,megan.singh@gmail.com,07631 958578,2025-10-18,1996-07-31,Glasgow,G1 6DY,,No
C1787,Fiona,Murphy,fiona.murphy@outlook.com,07538 820024,2024-11-22,01.04.75,Newport,NP13 2AH,United Kingdom,Y
C5174,Owen,Robinson,owen.robinson@hotmail.co.uk,+44 7168 793063,2026-05-08,2003-02-15,Newport,NP2 7FX,United Kingdom,
C5000,Chloe,O'Brien,chloe.obrien35@hotmail.co.uk,,2025/07/14,1986-05-30,Edinburgh,EH5 8UL,United Kingdom,No
C2375,Ivy,Price,ivy.price41@icloud.com,+44 7801 273450,2025-09-01,1960-01-06,,L6 4DH,U.K.,TRUE
C6116,Callum ,Taylor,callum.taylor69@btinternet.com,07793270594,07/03/2026,2001-08-17,Liverpool,L1 9YG,Wales,y
C1248,Oliver,Lewis, oliver.lewis74@outlook.com ,07632 167585,21 Aug 2023,1965-07-08,Leeds,LS2 7PN,United Kingdom,Yes
C4385,Arthur,Taylor,arthur.taylor61@yahoo.co.uk,07918 960580,2024-03-15,1968-09-24,Newport,NP18 2JN,United Kingdom,no
C5540,Megan,Khan,megan.khan@outlook.com,07818 650132,2026-05-27,14 Jul 2003,Belfast,BT14 8SB,United Kingdom,
C5383,Freya,Khan,freya.khan14@hotmail.co.uk,0741383,2026-04-11,1956-12-21,Bangor,LL19 7EF,United Kingdom,no
C3512,Priya,Singh,priya.singh49@icloud.com,07445 201409,,1959-03-27,Sheffield,S17 3LR,United Kingdom,FALSE
C1147,Ava,O'Brien,ava.obrien99@gmail.com,07140 495360,2025-11-04,2003-09-08,Cardiff,CF20 5NY,United Kingdom,Y
C4197,Liam,Evans,liam.evans@gmail.com,+44 7453 387639,2025-10-30,1996-02-09,Nottingham,NG10 4TJ,Wales,
C3185,Owen,Davies,owen.davies95@outlook.com,07644 209074,10 Feb 2026,1964-11-13,Aberystwyth,SY9 4XR,United Kingdom,0
C2550,Seren,Robinson,seren.robinson63@yahoo.co.uk,07772 482377,2026/03/24,1991-11-13,Wrexham,LL12 3HX,england,No
C1709,Niamh,Patel,niamh.patel82@hotmail.co.uk,07680 317301,2023-12-09,1998-03-14,Manchester,M13 5UU,United Kingdom,
C5466,Ravi,Griffiths,ravi.griffiths74@hotmail.co.uk,07812654106,2025-05-24,1983-11-02,Bangor,LL13 8DG,U.K.,y
C1177,Katarzyna,Smith, katarzyna.smith41@icloud.com ,07940 110359,2024-02-06,1954-11-23,Edinburgh,EH16 3LS,United Kingdom,0
C4153,Megan,Wood,megan.wood@gmail.com,,2026-01-16,1951-08-01,Wrexham,LL17 7HL,UK,N
C1231,Grace,O'Brien,grace.obrien30@hotmail.co.uk,07802-897196,"October 14, 2025",2002-05-03,Liverpool,L11 9WZ,United Kingdom,y
C2106,Tomasz,Davies,tomasz.davies91@yahoo.co.uk,07764 681722,2024-03-03,1950-02-18,Bath,BA18 2DY,United Kingdom,N
C1489,Leo,Jones,leo.jones57@yahoo.co.uk,+44 7287 832006,2023-12-12,1983-05-25,Port Talbot,SA1 6PN,United Kingdom,Yes
C3253,Chloe,O'Brien,chloe.obrien91@gmail.com,07277480067,2026-04-12,1953-11-15,Port Talbot,SA13 4UB,United Kingdom,Yes
C2629,Gareth,Hughes,gareth.hughes15@hotmail.co.uk,0711780,28 Jun 2025,0000-00-00,edinburgh,EH18 7UB,United Kingdom,FALSE
C2180,Zainab,Khan,zainab.khan95@yahoo.co.uk,+44 7804 422921,19 Jan 2024,1974-05-06,Glasgow,G19 6PL,GB,0
C4738,Megan,Khan,megan.khan@gmail.com,+44 7808 506360,02/07/2023,1962-03-05,Port Talbot,SA14 8DX,UK,y
C3499,Sean,Taylor,sean.taylor88@icloud.com,+44 7725 560434,2025-07-05,1994-10-22,Glasgow,g147ge,england,
C5952,Mohammed,McDonald,mohammed.mcdonald85@btinternet.com,,06-02-2025,1996-06-14,Birmingham,,UK,1
C1348,Rhys,Hall,,07243 919397,"September 08, 2026",1966-02-25,Liverpool,L13 3PB,United Kingdom,1
C3104,Callum,Roberts,callum.roberts90@icloud.com,+44 7469 193627,04.06.24,2001-03-19,Sheffield,S8 9HB,United Kingdom,Yes
C3769,Rhys,Wood,rhys.wood46@hotmail.co.uk,07991 576335,17.01.26,1989-07-14,Newport,NP18 2YH,United Kingdom,no
C3462,Tomasz,Green,tomasz.green96@btinternet.com,+44 7832 714806,2026-08-06,11-27-2004,Bath,BA9 4UH,Wales,no
C5761,Seren,Evans,seren.evans@btinternet.com,07865927790,"February 16, 2026",1956-03-31,Sheffield,S11 5TN,UK,Y
C3960,Freya,Evans,freya.evans@icloud.com,0727817,2023-07-16,1968-02-12,Bath,BA10 2PL,UK,y
C1195,Connor,Thompson,connor.thompson78@hotmail.co.uk,07308533560,2025-04-22,1970-06-25,Swansea,,Great Britain,no
C1747,Isla,Thomas, isla.thomas96@hotmail.co.uk ,07366287030,2024-06-25,1956-04-30,Leeds,LS19 4ZZ,United Kingdom,Yes
C1064,Zainab,Ali,zainab.ali88@yahoo.co.uk,07192894487,2026-04-08,2005-04-20,Newport,NP18 1XN,United Kingdom,FALSE
C3536,Harry,O'Brien,harry.obrien81@icloud.com,07227-436060,2024-01-29,14/09/1992,Manchester,M15 7AF,UK,Y
C1341,Fiona,Smith,fiona.smith@btinternet.com,07155 233608,2024-03-23,1989-06-18,Liverpool,L20 4GZ,United Kingdom,0
C2770,Mohammed,Johnson,mohammed.johnson45@hotmail.co.uk,07413988284,17 Aug 2024,03-05-2001,Bristol,bs97zz,United Kingdom,
C3569,Ivy,Singh,ivy.singh86@gmail.com,,09-20-2026,"January 20, 1985",Sheffield,,United Kingdom,yes
C6319,MOHAMMED,Williams,mohammed.williams98@gmail.com,,2025-12-19,1999-10-16,Glasgow,G2 8DG,United Kingdom,1
C4477,Callum,Khan,callum.khan83@outlook.com,07377-780313,02.01.25,"September 16, 1993",Glasgow,G5 4LU,United Kingdom,
C5933,Tomasz,Evans,tomasz.evans5@icloud.com,,2026-04-05,1962-10-10,,G15 3HW,United Kingdom,1
C5064,Niamh,Jenkins,niamh.jenkins88@icloud.com,07569 853685,2025-08-16,1987-06-01,London,E11 8TD,UK,y
C1841,Ravi,Edwards,ravi.edwards62@hotmail.co.uk,07476023563,2024/10/02,1973/02/13,Swansea,sa54tg,United Kingdom,TRUE
C2814,Chloe,Wood,chloe.wood@yahoo.co.uk,07779 229009,2025-12-21,04/10/1993,Newport,NP11 6HQ,United Kingdom,no
C5809,Tomasz,Robinson,tomasz.robinson@btinternet.com,07978505258,2025-08-16,1973-01-26,Manchester,M18 9SW,GB,yes
C1165,Rhys,Price,rhys.price@outlook.com,07282853766,2023-11-25,1981-07-14,Exeter,EX19 1RG,United Kingdom,No
C1023,Liam,Khan,liam.khan60@icloud.com,07555125939,10 Jan 2025,2031-04-12,Bath,BA6 7BL,Great Britain,Y
C1549,Sean,Hall,sean.hall@hotmail.co.uk,07157-274030,2023-10-21,2031-04-12,Liverpool,L9 6TN,United Kingdom,y
C6035,chloe,Nowak,,07167 798766,2025-10-17,1958-09-05,Bristol,BS6 8HZ,United Kingdom,no
C3226,Ivy,Price,ivy.price78@outlook.com,07298 613540,2023-10-31,1968-11-30,Bangor,ll113ng,UK,Yes
C4095,Leo,Murphy,leo.murphy99@outlook.com,,06-23-2023,1970-04-21,Newport,NP16 9DJ,United Kingdom,1
C2114,Mia,Singh,mia.singh@btinternet.com,+44 7786 476817,2024-05-11,1988-08-05,Nottingham,NG15 1LS,United Kingdom,
C5029,Ava,Ali,ava.ali68@btinternet.com,07690731423,14.02.26,1952-06-29,Swansea,SA4 2EQ,Great Britain,Y
C3300,Liam,Nowak,liam.nowak92@hotmail.co.uk,07671 851968,2024-03-14,1972-05-08,Sheffield,S15 3BG,UK,N
C1889,Liam,Khan,liam.khan71@hotmail.co.uk,07412402655,2024/07/03,2005-11-01,Sheffield,S3 1LX,United Kingdom,Y
C5974,Gareth,Smith,gareth.smith94gmail.com,07906 964727,2026-01-05,1989-10-15,Bath,BA15 9UQ,United Kingdom,N
C3786,Cerys,Thompson,cerys.thompson@icloud.com,07485534953,"June 01, 2023",1969-01-22,Bath,BA8 4RG,UK,Yes
C5962,Lily,Jones,lily.jones63@outlook.com,07602 194573,19 Oct 2024,1981-12-29,Bristol,BS4 1SW,United Kingdom,0
C3053,Lily,Wood,lily.wood78@icloud.com,+44 7571 550959,2025-08-03,1970-09-19,Newport,NP6 7LQ,United Kingdom,yes
C1391,Owen,Lewis,owen.lewis@gmail.com,07819316142,2025-03-25,1960-04-06,London,E16 8EG,,yes
C4291,Noah,Nowak,noah.nowak81@yahoo.co.uk,07799664294,07 Aug 2025,1999-11-16,Belfast,BT16 4PJ,Great Britain,1
C3930,Niamh,Davies,niamh.davies64@hotmail.co.uk,07383051527,2025-10-26,1964-06-24,Birmingham,B6 2AR,United Kingdom,No
C3927,Amelia,Johnson,amelia.johnson@outlook.com,+44 7269 102416,2023-07-10,19/06/2005,Aberystwyth,SY9 7NU,United Kingdom,yes
C3798,Mohammed,Taylor,mohammed.taylor72@icloud.com,07201 232368,2025-02-07,1958-01-10,london,E19 8LD,Wales,1
C1602,Callum,Ali,callum.ali@gmail.com,07422 470114,2026-08-15,1975-02-09,Leeds,LS9 4GT,UK,0
C5496,Sean,Lewis,sean.lewis29@icloud.com,07260 002193,"May 12, 2024",1972-04-27,Leeds,LS8 5LG,United Kingdom,1
C3687,George,Hall,george.hall9@outlook.com,07312 565895,2023-09-27,2001-04-23,Belfast,BT7 9RG,UK,y
C2892,Fiona,Davies,fiona.davies95@outlook.com,07948 065190,25.09.26,1951-03-21,Liverpool,L17 3AN,United Kingdom,Yes
C1484,Fiona,Williams,fiona.williams40@outlook.com,07613247070,2023-09-15,1984-10-16,Nottingham,NG13 6ZU,United Kingdom,0
C3852,Callum,Price,callum.price88@outlook.com,+44 7690 723411,2024-03-01,2005-03-28,Belfast,BT17 5RU,United Kingdom,No
C3603,Bethan,Ali,bethan.ali@btinternet.com,07363 506016,2024-09-13,1985-02-06,Nottingham,NG14 7QX,,No
C4421,Arthur,Davies,arthur.davies@yahoo.co.uk,07451 701731,2024-09-19,25/02/1965,Newport,NP19 8LU,UK,Y
C1206,Ava,Lewis,ava.lewis28outlook.com,07757828334,2025-07-02,1989-08-29,Newport,NP17 2GN,United Kingdom,0
C1472,Katarzyna,Singh,katarzyna.singh@yahoo.co.uk,07829 498018,03.07.23,1999-07-15,Edinburgh,EH7 9UR,U.K.,Y
C3389,Megan,O'Brien,megan.obrien98@gmail.com,+44 7616 724107,2026-01-25,"June 27, 1958",Wrexham,LL15 4UD,United Kingdom,Yes
C2006,Connor,Evans,connor.evans35@icloud.com,07125 030315,10/08/2026,1957-02-21,Swansea,SA11 7YP,United Kingdom,TRUE
C5964,Dylan,Griffiths,dylan.griffiths91@yahoo.co.uk,+44 7140 321979,2023-11-17,1982-12-21,Manchester,M2 2GL,United Kingdom,N
C4494,Rhys,Walker,rhys.walker@icloud.com,07237267417,2024-04-02,1976-11-19,Bath,ba16ug,United Kingdom,No
C1678,Dylan,Morgan,dylan.morgan77@outlook.com,07754 098890,2025-04-03,07-07-1981,Belfast,BT19 9EQ,United Kingdom,Yes
C3492,Dylan,Jones,dylan.jones88@hotmail.co.uk,07823811285,2024-08-18,1962-03-09,Nottingham,NG2 9SR,United Kingdom,yes
C3630,Ravi,Roberts,ravi.roberts60@yahoo.co.uk,07709 153611,12-29-2025,1964-03-02,Sheffield,S14 1HL,United Kingdom,TRUE
C3167,Ivy,Smith,ivy.smith5@icloud.com,07956 434699,03 Oct 2023,1970-10-30,Newport,NP13 3HZ,United Kingdom,No
C1441,Ava,Smith,ava.smith@hotmail.co.uk,07179 515819,2026-08-20,1975-09-23,Sheffield,s172ad,GB,
C4355,Isla,Hughes,isla.hughes19@yahoo.co.uk,07234391238,"February 01, 2026",1992-10-10,Bristol,BS4 6FB,United Kingdom,0
C5932,Connor,Roberts,connor.roberts78@icloud.com,0717649,2025/08/04,2005-04-12,Wrexham,LL14 9HS,United Kingdom,FALSE
C4471,Callum,Hall,callum.hall83@icloud.com,07786983404,2026-03-09,1956-03-24,Nottingham,NG20 1HA,UK,
C4595,Priya,Johnson,priya.johnson4@icloud.com,07825 036483,14/12/2023,1993/05/03,Swansea,SA6 2JU,United Kingdom,FALSE
C5782,Fiona,Ali,fiona.ali@yahoo.co.uk,+44 7227 149990,29 Aug 2026,1977-08-04,,L12 3WW,United Kingdom,N
C4644,Priya,Roberts,priya.roberts96@icloud.com,+44 7123 985974,2023-11-17,1969-06-26,Swansea,SA7 5DB,United Kingdom,no
C2347,Seren,Robinson,seren.robinson71@yahoo.co.uk,0717959,2024-12-16,1954-01-01,swansea,SA9 1QQ,United Kingdom,N
C1054,Gareth,Walker,gareth.walker99@outlook.com,07569 663949,"July 24, 2026",2001-07-13,London,E16 8WQ,United Kingdom,0
C6217,callum,Khan,CALLUM.KHAN@OUTLOOK.COM,07957 949902,2024-02-27,1992-10-22,Bangor,LL9 1HS,United Kingdom,
C2143,Ivy,Roberts,ivy.roberts72@hotmail.co.uk,0767439,2026-06-19,"August 14, 1962",Bristol,BS7 2LD,United Kingdom,no
C2355,Ivy,Morgan,ivy.morgan@hotmail.co.uk,,2024-07-03,1963-04-02,Manchester,M10 5DJ,United Kingdom,
C3822,Chloe,O'Brien,chloe.obrien86@icloud.com,07285 941078,2025-07-19,2000-12-27,Sheffield,s198zp,UK,y
C3928,Jack,McDonald,jack.mcdonald63@hotmail.co.uk,07158208100,2026-05-23,"April 02, 1952",Exeter,EX3 6ZN,United Kingdom,Yes
C3322,Noah,Morgan,noah.morgan86@hotmail.co.uk,07317 949225,2024-10-31,1985-01-30,London,E17 1FA,United Kingdom,N
C1037,Zainab,Johnson,zainab.johnson@hotmail.co.uk,07138-681797,"March 10, 2024",1999-08-12,Liverpool,L8 6HU,United Kingdom,no
C2828,Bethan,Evans,bethan.evansicloud.com,07363 280414,2024-02-01,1962-01-13,Wrexham,,United Kingdom,TRUE
C4959,Priya,Robinson,priya.robinson@hotmail.co.uk,07790 730358,2025-03-20,1992-06-12,Sheffield,S20 4FH,Wales,yes
C3121,Ravi,Khan,,07877801605,2024-02-08,2001-04-21,Edinburg,EH11 5GW,United Kingdom,1
C5983,Freya,McDonald,freya.mcdonald96@icloud.com,07231 930684,2026-06-22,2000-11-01,Wrexham,LL3 7ZB,United Kingdom,yes
C4480,Grace,Morgan,grace.morgan78@hotmail.co.uk,,2025-09-13,0000-00-00,Bangor,LL18 6EQ,UK,
C5451,Leo,Walker,leo.walker31@yahoo.co.uk,0715470,2023-10-29,1995-03-04,Nottingham,NG4 9AH,UK,no
C5779,Dylan,Singh, dylan.singh@yahoo.co.uk ,07431 773814,2026-05-24,1969-02-05,Bath,BA19 6ZX,United Kingdom,
C3464,Bethan,Wood,bethan.wood@yahoo.co.uk,07809 173529,2026/01/14,1966-11-22,Sheffield,S20 1WT,Wales,Yes
C3925,Ella,Edwards,ella.edwards90@hotmail.co.uk,07119 298091,18 Dec 2024,1964-09-04,Nottingham,NG5 5AP,United Kingdom,
C5241,Harry,Jones,harry.jones78@btinternet.com,+44 7952 342149,2023-08-14,1998-08-04,Glasgow,G10 6XF,United Kingdom,no
C5576,Harry,Edwards,harry.edwards@yahoo.co.uk,07842025391,2026-09-03,17/08/1957,Birmingham,B17 3WS,United Kingdom,FALSE
C6034,TOMASZ,Walker,TOMASZ.WALKER88@YAHOO.CO.UK,07574018217,2024-12-19,2002-01-16,Newport,NP7 8EA,United Kingdom,FALSE
C5911,Arthur,Davies,arthur.davies@outlook.com,07383507695,2024-07-24,1960/04/15,Glasgow,G19 8YR,United Kingdom,y
C1440,Sean,Thompson,sean.thompson30@btinternet.com,07367 349682,"June 18, 2023",1999-01-16,Leeds,LS13 3TB,United Kingdom,
C2835,Callum,Roberts,callum.roberts38@icloud.com,+44 7145 547789,10.05.26,2004-09-26,Nottingham,NG12 6QJ,United Kingdom,0
C1706,Callum,Robinson,callum.robinson93@outlook.com,07578 678157,12-13-2025,1980-08-05,Manchester,M17 7EP,Great Britain,Yes
C2579,Bethan,Hughes,bethan.hughes72@gmail.com,,2023-07-30,1965-04-29,LONDON,E7 1QX,United Kingdom,y
C2762,Dylan,Patel,dylan.patel73@yahoo.co.uk,07291 451881,2025-09-24,1960-03-14,London,E9 3BA,United Kingdom,no
C4364,Freya,Green,freya.green47@gmail.com,+44 7837 771709,2024-05-02,1972-02-14,Bristol,BS18 7ZZ,United Kingdom,1
C5362,Ella,Smith,ella.smith88@yahoo.co.uk,+44 7968 541954,2025/06/21,1982-11-01,Belfast,BT14 5HF,United Kingdom,1
C3744,Chloe,Jenkins,chloe.jenkins@yahoo.co.uk,07956-522225,2025-08-08,2031-04-12,Swanzea,SA18 9LR,United Kingdom,0
C4479,Oliver,Johnson,oliver.johnson18@outlook.com,07294 268196,24.08.25,1994-11-15,Bristol,BS9 5AU,United Kingdom,0
C1749,Freya,Griffiths,freya.griffiths48@gmail.com,07963 440586,01-16-2025,1984-02-24,Port Talbot,SA4 9YG,GB,1
C4920,Lily,Griffiths,lily.griffiths@yahoo.co.uk,+44 7215 561838,2024-12-06,1965-08-10,Exeter,EX6 5WG,United Kingdom,
C2061,Harry,Hall,harry.hall@outlook.com,+44 7450 863035,2025-12-27,1972-05-20,Leeds,LS14 4LU,UK,yes
C2351,Fiona,Morgan,fiona.morgan76@gmail.com,07775-870606,2023-08-14,1992-06-20,Glasgow,G17 1UY,UK,no
C5291,Oliver,O'Brien,oliver.obrien97@hotmail.co.uk,07244410743,2026-04-21,05-20-2005,Bangor,LL14 9RY,United Kingdom,TRUE
C5539,Owen,Jones,owen.jones@outlook.com,,2023-11-30,2000-09-15,Bangor,LL14 6HW,GB,Yes
C1083,Jack,Edwards,,,07-08-2023,1996/09/22,Glasgow,G19 9PY,Great Britain,y
C2639,Bethan,Jenkins,bethan.jenkins93@outlook.com,07691 649100,28.11.24,1971-06-13,Bristol,BS7 5FF,United Kingdom,y
C2804,Chloe,Lewis,chloe.lewis82@outlook.com,07748 634962,2026-07-22,12.11.83,Leeds,LS2 1JJ,United Kingdom,TRUE
C3382,Mia,McDonald,mia.mcdonald89@icloud.com,07667 340606,08-06-2025,09-17-1981,Bath,,United Kingdom,TRUE
C4203,Connor,Edwards,connor.edwards@gmail.com,07622244702,2025-08-07,2002/07/15,Sheffield,S9 3HA,Wales,FALSE
C4488,Katarzyna,Ali,katarzyna.ali79@hotmail.co.uk,07808 266057,29 Jul 2023,1975-02-01,Exeter,EX1 7JF,United Kingdom,1
C1969,Owen,Evans,owen.evans@gmail.com,07903 998938,2025-10-14,"April 10, 1964",Birmingham,B8 9XJ,United Kingdom,TRUE
C4665,Owen,Johnson,owen.johnson94@yahoo.co.uk,07406-349137,2023-09-09,1998-04-11,Birmingham,B11 8YT,U.K.,Yes
C2034,Fiona,Smith,fiona.smith@icloud.com,07304 781419,2025-03-08,1967-11-17,Nottingham,NG1 7XR,United Kingdom,No
C1940,Gareth,Hughes,gareth.hughes74@yahoo.co.uk,,2025-01-21,29/06/1999,Liverpool,L11 6YJ,UK,0
C3383,Zainab,Williams,zainab.williams34@outlook.com,07116 679982,08.06.25,27.07.98,Bristol,BS10 4ZT,United Kingdom,No
C2003,Liam,Morgan,liam.morgan@yahoo.co.uk,07495 876488,"July 01, 2026",1991-08-25,Bangor,LL10 3NH,U.K.,0
C1756,Ravi,Patel,ravi.patel@hotmail.co.uk,07619 796305,2026-04-19,1979-10-02,Newport,NP17 2FX,,
C4953,Sean,Ali,,07356311552,2023-12-01,1996-05-01,Aberystwyth,SY12 3TA,UK,N
C2936,Fiona,Murphy,fiona.murphy@icloud.com,07901 362844,2026-03-02,1954-02-07,Sheffield,S2 9UH,england,0
C4054,Ella,Griffiths,ella.griffiths18@icloud.com,,2025-03-01,1963-03-13,Birmingham,,UK,N
C1859,Connor,Roberts,connor.roberts22@gmail.com,07776 704541,2025-01-12,1953-06-19,Swansea,SA6 6EL,United Kingdom,
C5286,Megan,Griffiths,megan.griffiths43@outlook.com,07314251800,2024-11-27,1965-04-15,Belfast,BT11 4LZ,United Kingdom,N
C2141,Zainab,McDonald,zainab.mcdonald@btinternet.com,07793-948511,29.06.26,11-19-1974,Newport,NP10 6DH,United Kingdom,1
C5653,Dylan,Price,dylan.price@icloud.com,,2023-11-05,1982-01-09,Edinburgh,EH10 9PE,United Kingdom,yes
C5109,Leo,Patel,"leo.patel97@yahoo.co,uk",07834008054,2025-05-05,1979-09-01,Bath,BA18 8JL,United Kingdom,1
C2920,Lily,Edwards,lily.edwards21@icloud.com,+44 7979 415418,2026/04/24,1900-01-01,Belfast,bt144sp,UK,N
C1155,Fiona,Morgan,fiona.morgan68@btinternet.com,07528 095953,08-02-2025,1978-03-18,Newport,NP20 8NR,U.K.,TRUE
C5164,Zainab,Davies,zainab.davies@outlook.com,07558-776580,2025-10-16,1957-01-27,Newport,NP3 1UX,United Kingdom,N
C5930,George,Patel,george.patel@gmail.com,07327-801809,2025-03-25,1960-06-20,Swansea,SA20 4AJ,United Kingdom,0
C5815,Owen,Hall,owen.hall72@gmail.com,07939642212,22.06.24,1982-05-25,Nottingham,NG4 8WF,United Kingdom,1
C1245,Callum,Green,callum.green82@hotmail.co.uk,+44 7514 503902,2026-03-18,1986-04-05,Birmingam,B10 4WA,UK,no
C3914,Callum,Ali,callum.ali@yahoo.co.uk,07572 597839,2026-07-23,1952-05-19,Cardiff,CF1 3RU,United Kingdom,Yes
C4110,Sophie,Davies, sophie.davies@outlook.com ,+44 7334 993310,13/08/2025,1997-05-28,Bangor,LL3 4EF,United Kingdom,No
C3494,Ivy,Thompson,"ivy.thompson95@yahoo.co,uk",07508 705672,2026/06/19,17 May 2003,Edinburg,EH13 4ZX,United Kingdom,1
C4061,Arthur,Lewis,,07910 226399,2024-06-30,1957-01-27,Edinburgh,EH8 9ZN,United Kingdom,0
C5185,Leo,Griffiths,leo.griffiths@outlook.com,,2024-01-21,30/12/1967,Port Talbot,sa181xu,United Kingdom,TRUE
C2222,Arthur,Wood,arthur.wood@btinternet.com,07353-373356,2024-03-14,1994-02-03,Port Talbot,sa134gj,United Kingdom,1
C6314,chloe,O'Brien,chloe.obrien86@icloud.com,07285 941078,2025-08-03,2000/12/27,Sheffield,s122dh,United Kingdom,0
C5482,Freya,Edwards,freya.edwards80@yahoo.co.uk,07722-414147,2024-01-30,1961-08-22,Swansea,SA12 5DU,United Kingdom,Y
C3691,Mohammed,Williams,mohammed.williams88@outlook.com,+44 7902 994849,2026-08-07,1975-03-06,Liverpool,l176tl,United Kingdom,TRUE
C3421,Aisha,Thompson,"aisha.thompson63@yahoo.co,uk",07527676614,2026-01-06,1964-08-22,Newport,NP18 1AH,United Kingdom,Yes
C6125,niamh,Walker,NIAMH.WALKER@ICLOUD.COM,07945 088773,2023-07-21,1972-09-24,Liverpool,L12 3AX,United Kingdom,1
C2476,Gareth,Williams,gareth.williams@gmail.com,07838 165198,2025-07-15,2005-11-14,Sheffield,S3 5FG,United Kingdom,
C1971,Amelia,Roberts,amelia.roberts97@outlook.com,07816-940893,2024-04-13,1998-05-25,Glasgow,G10 5BN,United Kingdom,No
C5998,Leo,Jones,leo.jones95@yahoo.co.uk,07454 572595,13.07.26,1979-06-27,Birmingham,B16 8XY,United Kingdom,TRUE
C6122,Callum ,Hughes,callum.hughes12@outlook.com,+44 7427 887711,08-29-2025,2003-11-18,Edinburgh,EH6 2JA,UK,y
C5313,Megan,Thomas,megan.thomas83@gmail.com,07777 632716,07-18-2025,2005-10-18,Aberystwyth,SY13 4HR,england,No
C3562,Niamh,Jenkins,niamh.jenkins80@outlook.com,+44 7537 218257,25.03.25,"August 28, 1999",Cardiff,CF11 9WR,United Kingdom,y
C3162,Jack,Lewis,jack.lewis35@btinternet.com,07325371969,2026-04-27,2005-05-17,Port Talbot,SA16 8PZ,United Kingdom,
C5452,Priya,Thomas,priya.thomas76@gmail.com,+44 7915 133838,2024-04-27,1982-04-07,Swansea,SA16 5RS,United Kingdom,0
C1227,Dylan,Evans,dylan.evans89@btinternet.com,+44 7762 321947,2025-07-30,1960-10-27,Bath,BA9 9GT,United Kingdom,No
C4207,Connor,Jones,connor.jones98@outlook.com,07906 594035,2025-08-25,1995/02/03,Nottingham,NG17 2RG,United Kingdom,FALSE
C3442,Mia,O'Brien,mia.obrien@icloud.com,0745960,2026-09-22,1973-05-09,Port Talbot,SA14 4LD,UK,No
C4627,Dylan,Evans,dylan.evans@yahoo.co.uk,07908 893767,2025-07-09,07 Oct 1994,Aberystwyth,SY19 2PQ,United Kingdom,Yes
C3430,Sean,Singh,sean.singh57@gmail.com,07687590545,2026-07-28,1995-01-24,Bath,BA17 1SJ,United Kingdom,
C2825,Mia,Edwards, mia.edwards75@yahoo.co.uk ,07717 046406,2024-02-28,1962-06-19,Sheffield,S7 4QP,United Kingdom,Yes
C3448,Connor,McDonald,connor.mcdonald85@outlook.com,07341 126201,"October 31, 2024",1956-05-24,Edinburgh,EH16 4BG,United Kingdom,Y
C4262,Mia,Davies,mia.davies80@icloud.com,+44 7266 955172,2026-04-06,1964-12-04,edinburgh,EH13 1DH,UK,N
C1771,Priya,Murphy,priya.murphy91@hotmail.co.uk,0798020,"March 26, 2026",1972-07-27,Nottingham,NG7 1WJ,United Kingdom,Y
C1717,Gareth,Morgan,gareth.morgan94@hotmail.co.uk,07402445641,02/06/2024,2003-02-18,Bristol,bs24wa,United Kingdom,yes
C1965,Ravi,Jones,ravi.jones73@btinternet.com,07303 044315,2025-02-23,1955-08-06,Newport,NP14 3WU,United Kingdom,yes
C5681,Ivy,Robinson,ivy.robinson98@btinternet.com,07835 333711,02-11-2025,1979-01-17,London,E7 7PP,GB,y
C3093,Gareth,Morgan,gareth.morgan@outlook.com,+44 7281 493807,2026-09-13,1972-08-06,Wrexham,LL4 8HP,United Kingdom,no
C1229,Priya,Thomas,priya.thomas82@icloud.com,07650 011619,2026-04-29,"June 27, 1956",Aberystwyth,SY7 5TY,United Kingdom,yes
C5216,Sophie,Ali,sophie.ali50@gmail.com,+44 7338 297674,2026-04-09,1987-08-13,Cardiff,CF17 5QN,UK,
C3179,Freya,Hughes,freya.hughes15@hotmail.co.uk,07277 769961,2024-12-15,1971-10-10,Cardiff,CF4 1YX,,TRUE
C5388,Callum,Williams,callum.williams74@outlook.com,07359822122,2024-11-15,1990-06-20,Port Talbot,SA4 1NN,UK,FALSE
C4439,Freya,Williams,freya.williams@icloud.com,0751526,2023-12-08,1971-06-01,Belfast,BT10 4RP,UK,yes
C2237,Ava,Lewis, ava.lewis73@hotmail.co.uk ,07403 243037,2023-10-02,1956-11-09,Bath,BA3 3WN,United Kingdom,FALSE
C1014,Mia,Hall,mia.hall91@outlook.com,+44 7105 328668,24 Jun 2026,"November 20, 1963",Swansea,SA18 6YR,United Kingdom,y
C3133,Isla,Murphy,isla.murphy63@gmail.com,,2026-06-15,1970-08-06,Glasgow,G15 7RP,U.K.,N
C5894,Zainab,Price, zainab.price90@gmail.com ,079550,21 Jan 2025,1996-12-17,Newport,np195pz,UK,yes
C3541,George,Singh,george.singh86@hotmail.co.uk,07891 757210,2024-01-23,18 Jul 2003,Wrexham,LL15 5ZX,Wales,yes
C6218,Dylan ,Johnson,dylan.johnson99@icloud.com,07811947968,2025/03/16,1950-07-03,Birmingham,B2 4ZE,United Kingdom,yes
C5198,Niamh,Walker,niamh.walker83@hotmail.co.uk,07718 053646,2024-01-18,1954-07-18,Glasgow,G13 1RN,UK,Yes
C4649,Priya,Edwards,priya.edwards@btinternet.com,07743402153,"November 09, 2023",20.12.99,Edinburgh,eh148sy,United Kingdom,0
C3964,Priya,Walker,priya.walker77@btinternet.com,07268 705079,,06 Jun 1971,Swansea,SA10 7LF,United Kingdom,N
C2270,Freya,Price,freya.price@outlook.com,+44 7517 998659,2024-05-10,TBC,Manchester,M9 6BP,,TRUE
C4992,Harry,Roberts,harry.roberts@yahoo.co.uk,07566-414400,2024-07-30,1996-03-04,Sheffield,S20 8PL,UK,N
C4131,Ella,Lewis,ella.lewis79@gmail.com,07273 635088,2026-04-17,20.06.69,Exeter,EX11 8FS,UK,No
C4499,Amelia,Hughes,amelia.hughes71@gmail.com,07603 973858,06-07-2023,1963-07-20,Newport,NP12 9PG,UK,No
C3224,Niamh,Murphy,,07250 196844,12 Jan 2024,1987-04-10,Swansea,SA10 9LX,United Kingdom,N
C1435,Noah,Jones,noah.jones@outlook.com,07591 549897,2026-02-12,1976-11-08,London,E3 3EH,U.K.,
C1953,Cerys,Hughes,cerys.hughes76@btinternet.com,07671 801804,2026-09-04,1998-10-05,Port Talbot,SA18 8RH,Wales,yes
C6175,Ava ,Singh,ava.singh@yahoo.co.uk,+44 7281 345822,2026/07/31,1960-05-06,Wrexham,ll153pe,UK,Y
C4642,Gareth,Murphy,gareth.murphy89@gmail.com,07560-617670,2024-10-18,1986-06-13,cardiff,CF19 8TZ,United Kingdom,FALSE
C3223,Cerys,Smith, cerys.smith93@icloud.com ,07569 323646,"September 18, 2026",05.12.56,Nottingham,NG4 3FS,UK,no
C2405,Mohammed,McDonald,mohammed.mcdonald@hotmail.co.uk,07482 894423,"February 22, 2025",25/06/2002,London,E14 4JQ,United Kingdom,TRUE
C3369,Megan,Hall,megan.hall54@icloud.com,07542 094145,2025-05-27,11.07.96,Edinburgh,EH7 2UN,United Kingdom,0
C3746,Sophie,Green,sophie.green67@icloud.com,,2023-09-23,2003-12-30,Exeter,,United Kingdom,y
C2703,Megan,Davies,megan.davies40@outlook.com,07892 013834,2025-06-16,1990-04-12,Newport,NP11 8PB,United Kingdom,1
C4823,Amelia,Taylor,amelia.taylor89@icloud.com,+44 7536 073831,03/09/2026,1997-02-10,Wrexham,LL12 8DZ,UK,yes
C4866,Lily,Morgan,lily.morgan77@btinternet.com,07895161267,22.08.25,10-03-1987,Aberystwyth,SY20 8SL,UK,TRUE
C3345,Bethan,Taylor,bethan.taylor72@icloud.com,07200 795694,unknown,1970-05-07,Londn,E10 9TU,United Kingdom,1
C4192,Connor,Khan,connor.khan@gmail.com,+44 7921 286918,2025-02-04,1951-04-30,Leeds,LS17 3FZ,UK,No
C1305,Bethan,Ali,bethan.ali@gmail.com,07265 086587,"June 21, 2024","March 03, 1958",Birmingham,B17 1UE,Great Britain,1
C2240,Rhys,Smith,rhys.smith70outlook.com,,2024-03-12,2003-02-27,Aberystwyth,SY18 9FT,United Kingdom,yes
C3157,Priya,Price,priya.price81@btinternet.com,07826 949452,2025-01-18,1986-12-12,Glasgow,G15 8PG,United Kingdom,Y
C3807,Zainab,Johnson,zainab.johnson73@btinternet.com,0718599,2026-05-06,2001-05-14,Bath,BA13 6YB,UK,0
C3270,Noah,Williams,noah.williams@outlook.com,07602 568658,2026-01-13,1950-01-04,Edinburgh,EH9 5XB,Wales,Yes
C3487,Fiona,Singh,fiona.singh85@btinternet.com,07617-863577,2024-11-08,1978/09/20,Aberystwyth,SY11 3GX,United Kingdom,
C3713,Liam,Price,liam.price93@icloud.com,07291344339,2026-04-04,1972-05-15,Birmingham,B6 8FG,United Kingdom,yes
C5254,Cerys,Smith,cerys.smith@yahoo.co.uk,07108 895087,2025-12-28,1987-10-15,Bristol,BS4 7WQ,UK,1
C2566,Priya,Lewis,priya.lewis@icloud.com,07742 419574,2025-04-02,1998-02-12,Bristol,BS1 9NS,United Kingdom,Yes
C4787,Noah,Taylor,noah.taylor@gmail.com,07804 912768,2024-08-10,1981-03-01,Bristol,,UK,Y
C1491,Callum,Khan,callum.khan92@gmail.com,07907 381029,10.07.25,1960-02-06,Nottingham,NG8 9SE,U.K.,Y
C2138,Cerys,Davies,cerys.davies92@btinternet.com,07192 849365,2024-11-05,1961-10-26,Aberystwyth,SY13 4DR,UK,0
C2146,Sean,Ali,sean.ali6@outlook.com,07571 112139,2025-05-26,1963-10-01,Manchester,M7 8DH,United Kingdom,Yes
C1533,Dylan,Robinson,dylan.robinson22@yahoo.co.uk,07848 361788,2024-09-18,1980-07-30,Nottingham,NG6 9GA,United Kingdom,1
C2226,Owen,Hall,owen.hall50@gmail.com,07205 657502,2026-03-15,"August 11, 1960",Liverpool,l118yp,Great Britain,
C3217,Dylan,Robinson,dylan.robinson@hotmail.co.uk,07202 897846,"October 04, 2025",1997-04-02,Newport,NP20 2PQ,United Kingdom,N
C4694,Amelia,Nowak,amelia.nowak97@outlook.com,07548 332627,2024-05-08,"July 11, 1971",Liverpool,L16 4TF,United Kingdom,no
C3847,Noah,Johnson,noah.johnson@gmail.com,07989-901225,2024-01-23,05 Mar 1980,Cardiff,CF7 4UB,United Kingdom,No
C2699,Liam,Smith,liam.smith70@btinternet.com,07991 218470,2025-01-10,1963-06-18,Newport,NP12 8RL,UK,Yes
C4503,Megan,Evans,megan.evans81@gmail.com,07654 694074,2024-07-06,1982-09-14,Exeter,EX18 6GN,UK,yes
C6090,LILY,Ali,lily.ali@gmail.com,07882 311374,06-21-2025,1961-04-18,London,E11 5XZ,U.K.,no
C5558,Harry,Williams,harry.williams@btinternet.com,07585 478651,"September 17, 2025",1964-06-25,Glasgow,g83ad,United Kingdom,Yes
C3328,Zainab,Williams,zainab.williams42@hotmail.co.uk,07396-450662,2025-04-12,2031-04-12,Leeds,LS10 9BW,GB,1
C1473,Leo,Ali,leo.ali@icloud.com,07314 247012,2025-03-15,1994-01-06,Aberystwyth,SY6 2SU,United Kingdom,0
C6017,Sean ,O'Brien,SEAN.OBRIEN@ICLOUD.COM,07283 637932,2024-05-26,1970-01-04,Aberystwyth,SY18 6YR,United Kingdom,0
C3372,Ravi,Smith,ravi.smith@yahoo.co.uk,07788 238386,2024-04-13,02-14-1985,Exeter,EX2 8GP,United Kingdom,N
C4106,Ella,Khan,ella.khan@yahoo.co.uk,07449 246328,18 Aug 2026,02-01-1986,Belfast,BT8 6NZ,United Kingdom,1
C6183,CHLOE,Ali,chloe.ali@icloud.com,,03/09/2025,04 Nov 1952,Sheffield,s207ry,United Kingdom,0
C3454,Tomasz,Roberts,tomasz.roberts58@outlook.com,07860 742151,"August 21, 2025",2002-07-05,Aberystwyth,SY1 4QY,United Kingdom,No
C2101,Noah,Roberts,noah.roberts88@outlook.com,07276 639230,2025-02-07,2000-12-19,Bath,BA6 2HD,United Kingdom,No
C4166,Grace,O'Brien,grace.obrien@icloud.com,+44 7793 726267,10-30-2024,27.07.91,Aberystwyth,SY3 9XD,United Kingdom,
C5157,Callum,Walker,callum.walker@yahoo.co.uk,+44 7706 225622,2023-11-20,,Leeds,LS4 2JP,United Kingdom,Yes
C6062,mia,Patel,MIA.PATEL72@OUTLOOK.COM,07988 117529,2025-06-15,12-31-2001,London,E12 1FR,United Kingdom,0
C1415,Gareth,Griffiths,gareth.griffiths78@outlook.com,07954805029,2024-10-15,1960-10-14,Cardiff,CF12 3FU,Great Britain,
C5521,Oliver,Price,oliver.price2@outlook.com,+44 7527 915353,11/10/2023,1998-10-01,Leeds,LS2 3FG,United Kingdom,Yes
C5424,Sean,Williams,sean.williams89@yahoo.co.uk,07384 447582,2026-05-06,1958-03-03,LONDON,E4 2PF,,0
C1616,Grace,Hall,grace.hall97@hotmail.co.uk,+44 7637 287369,15 Jul 2024,1980-09-07,cardiff,cf209zl,england,yes
C2950,Harry,Singh,harry.singh3icloud.com,,23 May 2024,1978-11-23,Leeds,LS11 9DW,United Kingdom,TRUE
C5597,Lily,Morgan,lily.morgan91@yahoo.co.uk,07898654952,24 Jan 2026,1968-07-28,Bristol,BS14 5WE,United Kingdom,Y
C6165,priya,Johnson,PRIYA.JOHNSON@OUTLOOK.COM,07250 313716,"December 01, 2025",1979-02-21,Nottingham,NG8 2JL,United Kingdom,y
C1424,Callum,Lewis,callum.lewis83@outlook.com,07439 528506,2024-01-22,1963-04-19,Wrexham,LL5 2WZ,United Kingdom,TRUE
C1119,Isla,Thompson,isla.thompson82@btinternet.com,07636 260123,2025-10-24,1998-11-24,Manchester,M17 3QY,GB,FALSE
C2610,Ravi,Patel,ravi.patel@outlook.com,,2025-07-24,2031-04-12,Liverpool,L15 9UP,UK,
C4070,Megan,Hall,megan.hall22@hotmail.co.uk,07965 712762,2026/08/23,24.08.85,Swansea,,Wales,yes
C6064,Lily ,Khan,LILY.KHAN26@HOTMAIL.CO.UK,07847 021522,2025-02-25,1980-12-23,Aberystwyth,SY4 4SD,United Kingdom,No
C4974,Ava,Price,ava.price26@yahoo.co.uk,0773182,2025-09-25,1955-05-28,Liverpool,L8 5UB,UK,1
C5606,Liam,Thompson,liam.thompson84@icloud.com,07486 646708,2025-08-25,1978-10-12,Leeds,LS4 3AU,United Kingdom,0
C5514,Amelia,Ali,amelia.ali74@icloud.com,07514 048475,2025-02-13,1959-10-15,Newport,NP5 6SU,United Kingdom,TRUE
C6185,BETHAN,Smith,bethan.smith88@outlook.com,07503 161432,2025-11-24,1950-08-07,Nottingham,NG6 2GS,United Kingdom,N
C5632,Dylan,Davies,dylan.davies49@btinternet.com,07181 785267,2025-01-26,1966-06-26,BIRMINGHAM,B15 2XU,United Kingdom,N
C6069,CONNOR,Patel,connor.patel13@yahoo.co.uk,0726822,2024-12-20,,Bristol,bs119wq,GB,yes
C5344,Oliver,Davies,oliver.davies@btinternet.com,,2025-10-04,1993-12-14,Exeter,EX16 2FF,United Kingdom,no
C3581,Ethan,McDonald,ethan.mcdonald41@yahoo.co.uk,07861 050455,2023-08-23,1966-08-20,Exeter,,United Kingdom,1
C5031,Mohammed,Jenkins,mohammed.jenkins70@gmail.com,0734424,2023-12-16,1975-11-18,Bangor,LL20 7LX,england,yes
C1704,Freya,Thompson,freya.thompson@gmail.com,,2025-05-18,2000-12-06,,L13 2EE,United Kingdom,no
C4369,Zainab,Hall,zainab.hall27@gmail.com,07368 102379,11/03/2024,2001-10-12,Wrexham,LL18 5FH,United Kingdom,Yes
C1958,Aisha,Robinson,aisha.robinson@gmail.com,07806 838054,09-18-2023,1967-11-05,Liverpool,L7 1FD,United Kingdom,0
C4908,Chloe,Thomas,chloe.thomas76@hotmail.co.uk,07587 890559,09-02-2026,01/04/1953,Bangor,LL5 5PW,United Kingdom,yes
C5557,Tomasz,Hughes,tomasz.hughes@gmail.com,07404711108,2026-08-01,1992-11-05,Cardiff,CF20 4ED,UK,N
C2196,Arthur,Smith,arthur.smith@outlook.com,07354-692975,2025-01-26,1981-12-05,Edinburgh,EH5 1DZ,Great Britain,No
C4495,George,Patel,george.patel91@btinternet.com,,2026-06-13,1990-09-20,Bristol,,UK,Y
C4492,Chloe,Nowak,chloe.nowak77@hotmail.co.uk,07980 435568,14/12/2025,1963-12-12,Swansea,SA10 3PG,United Kingdom,0
C5725,Niamh,Griffiths,niamh.griffiths80@gmail.com,+44 7877 566555,29.06.24,1959-07-20,Belfast,bt56wf,UK,N
C3486,Connor,Lewis,connor.lewis@yahoo.co.uk,07631 153112,21 Aug 2026,"September 16, 1994",Belfast,BT7 7PX,United Kingdom,y
C1651,Rhys,Griffiths,rhys.griffiths94@gmail.com,07183-627829,2025-09-25,2004-12-25,Cardiff,CF7 2NA,United Kingdom,y
C5821,Dylan,Singh,dylan.singh88@outlook.com,07715 838075,2025-01-14,"August 02, 1970",Bristol,,GB,Yes
C4218,Mia,Hughes,mia.hughes42@gmail.com,07203 388622,22 Mar 2025,2005-08-18,Wrexham,LL1 6QT,United Kingdom,FALSE
C3269,Noah,Griffiths,noah.griffiths83@gmail.com,07810 246996,2023-08-04,,Edinburgh,EH15 9LQ,United Kingdom,Yes
C2921,Ava,Jenkins,ava.jenkins94@btinternet.com,07168 114747,2026-04-19,1997-12-24,London,E9 4GH,United Kingdom,yes
C4803,Freya,Price,freya.price62@outlook.com,07764060714,2026-07-16,,Bangor,LL18 6LA,United Kingdom,Y
C1389,Tomasz,Smith,tomasz.smith99@hotmail.co.uk,,2023-07-31,1965-09-05,Aberystwyth,SY13 1ZD,U.K.,Y
C3685,Oliver,Hughes,"oliver.hughes81@outlook,com",07545 119342,2026-02-10,1960-12-03,Birmingham,B18 1XU,United Kingdom,N
C5602,Rhys,Edwards,rhys.edwards75@icloud.com,0760669,2024-03-11,1993-06-08,Bristol,BS4 8HS,,Y
C2993,Amelia,Evans,amelia.evans90@outlook.com,+44 7637 538541,2025-02-02,1995-01-10,Sheffield,S8 8DR,United Kingdom,FALSE
C1802,Mia,Jones,mia.jones40@hotmail.co.uk,07266-281218,19 Feb 2024,1987-12-13,,LL13 9DS,United Kingdom,TRUE
C4376,Ella,Griffiths,ella.griffiths69@btinternet.com,0710446,2025-01-22,03.05.79,London,E8 9EQ,United Kingdom,TRUE
C3230,Gareth,Singh,gareth.singh70@gmail.com,07303 436157,2025-06-03,1979-06-11,Birmingham,B4 1NG,UK,no
C3642,Megan,Williams,megan.williams75@yahoo.co.uk,0737850,2023-11-20,1974-01-18,Sheffield,S10 8NE,United Kingdom,Y
C3814,Connor,Green,connor.green84@yahoo.co.uk,07483 401795,12-29-2023,1954-04-22,Swansea,,United Kingdom,y
C4581,George,Johnson,george.johnson36@icloud.com,07654489993,2025-05-12,07/03/1998,Bath,BA5 2LR,UK,Yes
C4310,Arthur,Smith,arthur.smith@icloud.com,+44 7120 362250,2023-12-18,2000-08-21,Wrexham,LL15 1NT,United Kingdom,no
C4017,Megan,Thomas,megan.thomas@hotmail.co.uk,07499-615483,"June 06, 2024",1957-08-11,Liverpool,L9 3ER,GB,no
C5646,Fiona,Davies,fiona.davies50@gmail.com,07358 219492,2026-02-26,2003-07-16,Port Talbot,SA14 8ZY,United Kingdom,Yes
C5201,Zainab,Robinson,zainab.robinson@hotmail.co.uk,,24.11.25,2005-05-28,BIRMINGHAM,B4 3NJ,United Kingdom,No
C5511,Sean,Taylor,sean.taylor@gmail.com,+44 7829 534928,2025-05-24,1979-11-15,Port Talbot,SA13 3SZ,U.K.,
C4098,Niamh,Jenkins,niamh.jenkins77@btinternet.com,,2023-06-02,03-11-1982,Belfast,BT20 2LN,Wales,TRUE
C1437,Megan,Green,megan.green@btinternet.com,07773 473044,2026-01-06,1959-11-22,London,E18 9ZA,U.K.,no
C2900,Dylan,McDonald,"dylan.mcdonald81@icloud,com",07119 684495,2024-07-05,02.10.69,Exeter,EX19 6BY,UK,TRUE
C5160,Ava,Patel,ava.patel92@btinternet.com,07713774083,2024-12-25,1950-01-01,Edinburgh,EH7 5RS,GB,
C5640,Leo,Green,leo.green85@yahoo.co.uk,07295 332385,2023-07-28,03/01/1994,Swansea,sa112eb,Great Britain,Y
C3243,Bethan,Thomas,bethan.thomas67@gmail.com,07342 870714,"July 03, 2024",1989-11-02,Port Talbot,SA5 5XS,United Kingdom,yes
C2217,Fiona,Edwards,fiona.edwards@icloud.com,07873 064124,2026-01-22,1977-05-13,Bristol,bs158ua,United Kingdom,0
C2626,Rhys,Walker,rhys.walkeroutlook.com,07346 356663,26.07.26,,Cardiff,CF1 1LZ,United Kingdom,TRUE
C3905,Ravi,Price,ravi.price44icloud.com,07224-927994,"May 19, 2024",1951-04-25,Swansea,SA4 6GJ,United Kingdom,FALSE
C4350,Cerys,Singh,cerys.singh90@yahoo.co.uk,+44 7347 902947,2024-05-13,1993-10-17,London,E5 2HL,United Kingdom,TRUE
C2498,Ravi,Robinson,ravi.robinson@yahoo.co.uk,07998 771536,2023-08-20,,Bristol,BS10 6BH,United Kingdom,N
C1295,Niamh,McDonald,niamh.mcdonald@btinternet.com,07125 659447,2025-03-22,1980-09-25,Glasgow,G12 2XS,GB,0
C3250,Tomasz,Johnson,tomasz.johnson@yahoo.co.uk,07716 957566,2026-02-10,,Manchester,m13xp,U.K.,Y
C2975,Arthur,Khan,arthur.khan@icloud.com,07990 710980,22.01.26,1979-05-07,Bath,BA20 1PF,UK,0
C2633,Rhys,Jenkins,rhys.jenkins@outlook.com,0750499,2024-11-17,1994-12-07,Nottingham,ng133fl,United Kingdom,0
C3013,Sophie,Patel,sophie.patel84@gmail.com,+44 7952 963480,12 Jan 2026,1978-01-25,Belfast,BT6 6UG,UK,1
C2604,Katarzyna,Hall,katarzyna.hall@btinternet.com,07832-846521,2026-03-20,1984-12-03,Birmingham,B13 3BS,United Kingdom,yes
C4940,Fiona,Hughes,fiona.hughes99@hotmail.co.uk,,2025-07-09,1992-12-14,Bristol,BS14 7EP,United Kingdom,TRUE
C6300,jack,Evans,JACK.EVANS76@YAHOO.CO.UK,07563 513978,2026-01-28,1971-08-18,Belfast,BT12 9UQ,United Kingdom,1
C4420,Dylan,Morgan,dylan.morgan42@gmail.com,,20/12/2024,02 Aug 1980,London,E9 2XQ,Great Britain,TRUE
C3766,Harry,Taylor,harry.taylor@yahoo.co.uk,,06.03.25,1969-10-11,Bath,ba187an,United Kingdom,0
C4191,George,Patel,george.patel87@btinternet.com,07247 778060,2024-09-21,2001-10-24,Aberystwyth,SY5 6DX,UK,no
C2723,Liam,McDonald,liam.mcdonald29@hotmail.co.uk,07956 639277,"July 21, 2026",1954-12-27,Port Talbot,SA15 9WQ,United Kingdom,N
C5501,Arthur,Smith,arthur.smith14@icloud.com,07952-858628,02.09.26,TBC,Belfast,BT13 6GE,United Kingdom,Y
C6033,Sean ,Price,sean.price98@yahoo.co.uk,07430-889973,20/08/2024,24.11.99,swansea,sa127dx,United Kingdom,0
C4027,Gareth,Thomas,gareth.thomas@outlook.com,07902 569326,2025-06-30,1967-07-29,Bristol,BS15 1NG,United Kingdom,yes
C3205,Dylan,O'Brien,dylan.obrien53@btinternet.com,07112-675549,02.05.26,1961-08-19,Glasgow,G14 3TU,UK,FALSE
C4679,Ravi,Taylor,ravi.taylor@hotmail.co.uk,+44 7384 859541,2026-03-03,1965-12-05,Newport,NP9 3XU,United Kingdom,yes
C3740,Ivy,Price,ivy.price81@outlook.com,07469335590,2023-11-22,12-12-2000,Port Talbot,sa154xe,United Kingdom,No
C5060,Dylan,McDonald,dylan.mcdonald@gmail.com,07114 455364,2026/02/15,1963-08-08,Sheffield,s198rw,UK,no
C4687,Niamh,Thomas,niamh.thomas72@outlook.com,07526724097,2025/02/27,1951-08-03,Cardiff,cf84zu,United Kingdom,1
C1568,George,Nowak,george.nowak@hotmail.co.uk,07758 206649,2024-09-28,1950-05-10,,SY20 5JG,Great Britain,No
C2929,Ava,Evans,ava.evans93@gmail.com,07232 238969,2025/07/26,"March 27, 1963",Newport,NP19 8FP,UK,
C1750,Ravi,Edwards,ravi.edwards@yahoo.co.uk,07154 823577,2024-07-11,1974-07-02,,LS9 7BN,GB,TRUE
C3392,Seren,Johnson,seren.johnson98@hotmail.co.uk,07598 877154,2025-04-22,1992-04-06,Bangor,LL7 5WX,UK,yes
C3727,Noah,Khan,noah.khan@gmail.com,07832 679052,28.06.26,1983-07-06,Exeter,EX13 4YH,United Kingdom,yes
C2084,Harry,Patel,harry.patel98@yahoo.co.uk,07804749876,2024-11-27,1950-12-07,Leeds,LS9 6QF,Great Britain,yes
C1005,Mia,Thompson,mia.thompson99@outlook.com,,2026-03-02,05/09/1987,Belfast,BT1 3SX,United Kingdom,No
C2573,Priya,Ali,priya.ali36@btinternet.com,07963225057,2023-12-28,25.08.73,Manchester,M11 4NN,United Kingdom,Y
C1043,Harry,Nowak,harry.nowak97@icloud.com,,2026-05-28,1977-07-08,Cardiff,CF12 4TR,United Kingdom,No
C1355,Bethan,Griffiths,bethan.griffiths99@gmail.com,+44 7469 252569,2025-03-06,1968-05-17,Wrexham,LL15 3FG,United Kingdom,
C6205,AISHA,Griffiths,AISHA.GRIFFITHS34@GMAIL.COM,+44 7742 415202,2025-02-10,2001-12-21,Aberystwyth,SY14 1PL,,no
C1397,Callum,McDonald,callum.mcdonald71@outlook.com,07356 256967,2025-11-21,1981-12-29,Glasgow,G3 6RT,United Kingdom,No
C6280,Gareth ,Davies,,07427 265697,2024-04-01,27.01.79,Bath,BA11 1ZZ,Wales,TRUE
C3706,Fiona,Lewis,fiona.lewis98@yahoo.co.uk,07465 909187,09 May 2026,1969-09-24,Port Talbot,SA18 4FY,United Kingdom,y
C1996,George,Wood,george.wood@outlook.com,07606 950414,2025-06-28,11 Sep 1987,London,E13 8HT,UK,1
C1535,Cerys,O'Brien,cerys.obrien81@yahoo.co.uk,,"October 22, 2025",2000-10-18,Bristol,bs145re,United Kingdom,yes
C1654,Gareth,Patel,gareth.patel95@outlook.com,07780 938519,12-08-2025,"March 30, 1978",London,E2 8DS,UK,No
C3715,Dylan,Thompson,dylan.thompson@hotmail.co.uk,07942-248932,2026-03-01,1952-03-20,Newport,NP12 7YN,United Kingdom,Yes
C2423,Oliver,Thompson,oliver.thompson88@btinternet.com,+44 7495 201535,"November 14, 2025",,Aberystwyth,SY4 4FY,United Kingdom,Yes
C5830,George,Taylor,george.taylor97@gmail.com,0722041,2026-09-07,1958-11-03,Birmingham,B4 6DB,United Kingdom,No
C1374,Priya,Smith,priya.smith@outlook.com,07520 778387,2023-10-02,1995-11-30,Glasgow,G17 1YP,United Kingdom,Yes
C2150,Freya,Thompson,freya.thompson@btinternet.com,,"August 14, 2026",18 Mar 1990,Leeds,LS11 3US,United Kingdom,1
C3529,Seren,Hall,seren.hall@yahoo.co.uk,07885410048,2025-10-23,1952-03-14,Newport,np167lu,Wales,N
C3991,Arthur,O'Brien, arthur.obrien50@hotmail.co.uk ,+44 7156 191642,2026-03-13,2000-03-27,Edinburgh,EH15 5QY,United Kingdom,N
C3079,Isla,Wood,isla.wood87@hotmail.co.uk,07905-696973,15 Sep 2023,"August 18, 2001",Wrexham,LL10 4YN,United Kingdom,1
C4283,Megan,Evans,megan.evans75@hotmail.co.uk,07677 721951,2024-07-19,,Bangor,LL1 7EG,england,TRUE
C1264,Niamh,Thomas,niamh.thomas15@hotmail.co.uk,07925-584581,09.09.25,2002-02-22,Nottingham,NG3 8UA,GB,no
C2617,George,Hughes,george.hughes50@outlook.com,,07-23-2025,1969-08-15,Sheffield,S1 6ST,GB,N
C4012,Sean,Hughes,sean.hughes@btinternet.com,07742 715701,2025-05-04,1964-07-08,Wrexham,LL20 1SF,United Kingdom,FALSE
C6091,connor,Green,connor.green@yahoo.co.uk,07569-567288,2025-09-14,2003-04-13,Wrexham,LL5 4NQ,UK,TRUE
C5024,Gareth,Patel,gareth.patel@yahoo.co.uk,,01-17-2025,1982-05-02,Cardiff,CF12 5QW,UK,0
C2302,Harry,Taylor,harry.taylor@gmail.com,07344 538801,2026-05-01,1996-03-23,Sheffield,S13 2JJ,,No
C6145,Cerys ,Green,CERYS.GREEN97@ICLOUD.COM,+44 7566 551752,"April 28, 2025",1950-08-17,Belfast,BT19 1FW,United Kingdom,no
C2977,George,O'Brien,george.obrien@outlook.com,07600 002630,2024-08-08,1951-06-28,Bangor,LL17 8NQ,United Kingdom,no
C3275,Ava,Griffiths,ava.griffiths93@yahoo.co.uk,07925 725762,23/07/2023,1988-11-07,Port Talbot,SA18 7XL,Great Britain,1
C3895,Amelia,Green,amelia.green@icloud.com,,2023-12-21,2005-11-19,Edinburgh,EH14 4AY,United Kingdom,1
C1755,George,Lewis,george.lewis87@icloud.com,07689 297678,2025-01-11,1961-07-14,Nottingham,NG6 2TS,UK,yes
C3534,Callum,Griffiths,callum.griffiths36@yahoo.co.uk,0764669,27/03/2024,1985-10-29,Bangor,LL6 7WW,england,y
C2026,Aisha,Robinson,aisha.robinson7@yahoo.co.uk,+44 7859 502664,2026-08-12,22.11.74,Exeter,EX6 2RJ,United Kingdom,No
C2432,Fiona,Morgan,fiona.morgan81@outlook.com,07187 643260,"February 04, 2024",25.06.68,Bath,BA5 4ZF,United Kingdom,Y
C5486,Gareth,Jenkins,gareth.jenkins@yahoo.co.uk,07608-059547,2025-04-20,1964-06-09,Bath,BA19 5DB,UK,
C5364,Owen,Taylor,owen.taylor81@gmail.com,0791789,10-19-2024,01-24-1962,Aberystwyth,SY9 4RD,United Kingdom,no
C1428,Ella,Taylor,ella.taylor89@btinternet.com,07248 387216,2026-01-06,1977-04-08,Newport,NP11 4RD,Great Britain,Y
C1926,Sophie,Taylor,sophie.taylor71@gmail.com,07516-625446,2025-12-31,"September 05, 1985",London,E20 6EN,UK,no
C4667,Katarzyna,Thomas,katarzyna.thomas69@icloud.com,07925656525,2024-03-29,2001-09-02,Belfast,BT12 9QZ,United Kingdom,No
C5858,Gareth,Jenkins,gareth.jenkins79@btinternet.com,07963678242,2024-07-10,04/05/1995,cardiff,CF2 5FE,United Kingdom,
C2552,George,Walker,george.walker80@yahoo.co.uk,0721197,29 Sep 2025,1987-10-28,Liverpool,L3 4ZZ,UK,y
C3456,Ava,Griffiths,ava.griffiths@icloud.com,+44 7483 000649,2024/11/23,1981-11-02,Liverpool,L14 1RZ,Great Britain,0
C2675,Gareth,Hughes,gareth.hughes@gmail.com,07750 378012,2024-05-04,1964-11-15,Exeter,EX6 8YA,U.K.,y
C1470,Tomasz,Evans,tomasz.evans37@gmail.com,+44 7801 474618,2024-10-21,1966/09/11,Birmingham,B15 4QG,United Kingdom,y
C4537,Amelia,Nowak,amelia.nowak73@yahoo.co.uk,07624-444060,2023-12-18,1969-01-01,Exeter,EX3 8ZR,United Kingdom,Yes
C6000,MOHAMMED,Taylor,mohammed.taylor15@icloud.com,07715-724908,2023-12-23,1956-04-08,Edinburgh,EH7 5JY,United Kingdom,No
C3969,Megan,Johnson,megan.johnson73@gmail.com,07540 772868,,unknown,Bristol,BS7 7PU,United Kingdom,
C2100,Oliver,Patel,oliver.patel@outlook.com,07984582462,2024/11/14,22 Jan 1986,Sheffield,S12 6NF,United Kingdom,Yes
C5562,George,Green,george.green53@hotmail.co.uk,07279 775779,2024-02-05,1959-07-04,Sheffield,,United Kingdom,
C5574,Freya,Roberts,freya.roberts68@gmail.com,0780708,2026-06-23,1955-05-03,Belfast,BT7 3LE,UK,1
C4401,Jack,Nowak,jack.nowak62@yahoo.co.uk,+44 7353 473830,2024-10-07,1955-02-19,Swansea,,United Kingdom,Y
C6285,Ethan ,Green,ethan.green@icloud.com,07592361841,2024-06-02,1982-12-07,Newport,NP17 9ES,GB,
C5436,Ivy,Walker,ivy.walker94@yahoo.co.uk,07780907337,2025-03-29,1999/01/31,Cardiff,CF14 5LQ,UK,TRUE
C2648,Ethan,Taylor,ethan.taylor@gmail.com,0744700,26/09/2026,1959-04-02,Port Talbot,SA16 3BB,United Kingdom,N
C2139,Rhys,Green,rhys.green9@yahoo.co.uk,07229 029463,2025/03/28,1960-11-13,Birmingam,B15 3AB,UK,y
C3804,Sophie,Smith,"sophie.smith@yahoo.co,uk",07576865812,2024-01-30,1970-10-16,Cardiff,CF11 5NU,United Kingdom,yes
C3771,George,Roberts,george.roberts67@hotmail.co.uk,07354-285504,13 Sep 2024,2000-04-15,Swansea,SA7 9LF,United Kingdom,TRUE
C1477,Liam,Murphy,liam.murphy93@btinternet.com,07219 954078,2024/02/22,2003-07-24,Bath,BA17 4FE,GB,No
C2765,Aisha,Hughes,aisha.hughes@outlook.com,,2024-02-08,1987-09-02,Bangor,LL20 2XN,UK,yes
C1978,Cerys,Davies,cerys.davies90@btinternet.com,07621 332255,11.02.25,1976-04-13,Glasgow,G15 5YB,Wales,yes
C1279,George,Singh,george.singh85@hotmail.co.uk,07426 325749,2024-08-06,1954-09-10,Leeds,LS10 9DZ,United Kingdom,yes
C6023,Niamh ,Robinson,niamh.robinson80@gmail.com,07459 201769,03.11.25,1992-02-29,Birmingham,B18 4YF,U.K.,1
C2524,Rhys,Price,rhys.price93@hotmail.co.uk,07121810696,16/05/2026,11/01/1953,Liverpool,L12 2WA,United Kingdom,no
C3187,Mia,Robinson,mia.robinson7@icloud.com,07778300158,2026-06-14,1985-05-06,Swansea,SA8 2GE,Wales,N
C3518,Leo,Evans,leo.evans58@icloud.com,0787816,2026-02-25,1962-06-03,Newport,NP4 5TB,United Kingdom,yes
C6071,ivy,Price,ivy.price28@gmail.com,07632 946260,2026-05-11,1991-08-12,Glasgow,G12 2YN,United Kingdom,Yes
C1253,Grace,Murphy,grace.murphy@gmail.com,07249-565311,2024-05-28,1982-05-17,Swansea,SA11 1EN,Wales,yes
C1609,Cerys,Patel,cerys.patel59@gmail.com,+44 7414 188438,2025-08-14,2003-08-11,Edinburgh,EH5 2NS,United Kingdom,Yes
C1924,Grace,Nowak,grace.nowak98@btinternet.com,07677 264369,,1993-05-07,Wrexham,LL9 4PY,United Kingdom,1
C1744,Callum,Thomas,callum.thomas@gmail.com,07237 679026,2025-03-13,1951-06-13,CARDIFF,CF6 2SH,Great Britain,N
C2272,Chloe,Green,chloe.green70@yahoo.co.uk,07517 168956,2026-08-29,1961-10-10,Nottingham,ng75hg,UK,No
C1615,Noah,Lewis,noah.lewis46@gmail.com,07524 289215,2025-05-07,2004-04-17,Belfast,bt69eq,United Kingdom,
C1265,Freya,Jenkins,freya.jenkins@yahoo.co.uk,07844774121,2026-01-24,1900-01-01,Liverpool,L3 3PW,GB,FALSE
C1492,Harry,Davies,harry.davies93@yahoo.co.uk,07879 245113,2024-04-14,N/A,Port Talbot,SA7 3QU,UK,yes
C3952,Rhys,Thomas,rhys.thomas@outlook.com,07267 778808,2025-08-22,1966-01-01,Sheffield,S6 3QY,United Kingdom,FALSE
C3659,Seren,Green,seren.green@yahoo.co.uk,07191-011556,2024-03-19,1967-08-31,Bristol,BS2 8QY,U.K.,
C5859,George,Robinson,george.robinson69@gmail.com,07963549089,2024-05-04,1900-01-01,Aberystwyth,SY20 8GA,United Kingdom,1
C3678,Ravi,Williams,ravi.williams86@outlook.com,07743 212724,18 Sep 2025,11-24-1977,Manchester,M4 4YN,United Kingdom,no
C2175,Katarzyna,Khan,katarzyna.khan@hotmail.co.uk,,2023-09-04,1995/01/13,London,E3 4RX,U.K.,No
C4863,Ella,O'Brien,ella.obrien@icloud.com,07753 996647,29 Apr 2026,1999-03-02,Newport,NP20 2GF,GB,Y
C5082,Bethan,Khan,bethan.khan11@outlook.com,0755888,2024-12-13,05.04.95,Aberystwyth,SY15 5YE,United Kingdom,no
C5887,Sophie,O'Brien,sophie.obrien96@yahoo.co.uk,07461 503478,2024-10-04,1965-01-25,Port Talbot,SA10 8UE,UK,Y
C1310,Fiona,Price, fiona.price@yahoo.co.uk ,+44 7484 829195,10.06.26,1958-10-12,Belfast,BT17 9BH,United Kingdom,y
C5387,Ravi,O'Brien,ravi.obrien75@outlook.com,,2023-11-04,1959-10-21,London,e115zg,United Kingdom,yes
C5909,Niamh,Robinson,niamh.robinson@gmail.com,,2026-04-30,1986-03-18,Sheffield,S5 8YB,UK,No
C5686,Dylan,Thomas,dylan.thomas83@hotmail.co.uk,07667 646083,2024-01-27,1985-03-31,Aberystwyth,sy83as,GB,no
C3649,Cerys,Robinson,cerys.robinson84@btinternet.com,07109 086454,09.07.24,1956-11-25,Bristol,BS8 3NG,United Kingdom,yes
C4615,Jack,Morgan,jack.morgan99@outlook.com,07706 016156,09-16-2024,1988-07-27,London,E10 5SE,UK,1
C1142,Ravi,Nowak,ravi.nowak40@btinternet.com,07173 502029,2024-07-30,1987-03-06,Bristol,BS12 9FW,United Kingdom,No
C1685,Freya,Jenkins,freya.jenkins@btinternet.com,07884 307333,2026-08-05,1987-12-06,Edinburgh,EH2 4NW,United Kingdom,no
C2318,Ella,Patel,ella.patel33@icloud.com,07904 687912,07-29-2024,1957-03-19,Manchester,M10 5QL,United Kingdom,no
C2542,Sean,Jenkins,sean.jenkins88@yahoo.co.uk,07140 014232,2025-11-20,1959-03-06,Bristol,BS20 8YD,UK,y
C2991,Tomasz,Lewis,tomasz.lewis74@btinternet.com,07174 984020,2024-09-19,1981-11-09,Leeds,LS16 1QD,United Kingdom,Y
C2337,Owen,Khan,owen.khan67@icloud.com,07848 208724,2023-08-29,2031-04-12,,SA3 3RR,United Kingdom,No
C3724,Jack,Ali,jack.ali@btinternet.com,07794411705,2024-10-15,1999-12-25,Aberystwyth,SY20 5PL,GB,1
C3644,Ivy,Evans,ivy.evans@btinternet.com,07741065889,14.02.25,1998-02-24,Sheffield,S12 3RF,United Kingdom,Y
C1793,Jack,Robinson,jack.robinson94@outlook.com,07802 786154,2024-10-19,1968-11-29,Exeter,ex197bg,UK,yes
C5619,Leo,Khan,leo.khan87@btinternet.com,+44 7616 010280,2023-10-08,1986-07-07,Wrexham,LL7 7GZ,UK,yes
C4431,Connor,Nowak,connor.nowak74@hotmail.co.uk,+44 7454 758564,2025-12-24,1971-07-02,Newport,NP16 4GE,United Kingdom,yes
C3406,Gareth,Thomas,gareth.thomas@yahoo.co.uk,07991 294456,2023-08-24,1966-07-26,Bangor,LL11 4FZ,United Kingdom,FALSE
C4573,Niamh,Morgan,niamh.morgan29@btinternet.com,07229 588108,2026-08-04,1997-05-09,Liverpool,L11 1TF,United Kingdom,Y
C4071,Liam,Williams,liam.williams32@icloud.com,+44 7610 732373,2025/08/15,2001-11-19,Wrexham,LL11 8UL,,No
C2954,Lily,Jenkins,lily.jenkins96@yahoo.co.uk,,2023/10/15,1998-04-10,Exeter,EX10 9BZ,United Kingdom,FALSE
C2513,Sean,Thomas,sean.thomas81@hotmail.co.uk,,2025-06-29,1997-05-28,Newport,NP9 4EQ,United Kingdom,FALSE
C4387,Freya,Price, freya.price87@btinternet.com ,07419177834,2025-05-10,1955-09-01,Birmingham,B3 3AJ,United Kingdom,no
C5986,George,Thomas,george.thomas76@btinternet.com,0797680,21.10.23,03.08.92,Leeds,ls203yu,United Kingdom,
C2856,Zainab,O'Brien,zainab.obrien93@icloud.com,07734 650759,2025-04-09,1953-07-03,Aberystwyth,SY5 3FA,United Kingdom,Yes
C4015,Rhys,Evans,rhys.evans89@yahoo.co.uk,07691 228512,2025-12-25,1984-08-16,Bristol,BS3 9RB,United Kingdom,No
C4810,Liam,Price,liam.price93@yahoo.co.uk,07369692094,2025-06-26,30 Oct 1962,,SA14 8LG,United Kingdom,N
C2058,Harry,Davies,harry.davies@gmail.com,07823-254402,2024-04-09,1953-02-23,Sheffield,S5 7UR,UK,
C3450,Liam,Jones,liam.jones68@yahoo.co.uk,07719496755,2025-05-19,1999-10-13,Birmingham,B16 1ZR,Great Britain,Y
C2759,Ava,Smith,ava.smith@gmail.com,07855309019,2025-11-25,1979-03-09,London,E10 1LD,Wales,N
C2059,Priya,Taylor,priya.taylor@yahoo.co.uk,07119-157990,2024-08-17,1953-03-19,Nottingham,NG2 9GF,Great Britain,
C5628,Callum,Thompson,callum.thompson88@icloud.com,07363 016962,10/06/2023,1969-11-09,Leeds,ls194yq,GB,yes
C1799,Bethan,O'Brien,bethan.obrien33@btinternet.com,07394 777793,2025-12-18,2004-05-03,Port Talbot,SA12 5YS,United Kingdom,No
C1496,Priya,Smith,priya.smith@gmail.com,07108 555007,2024-07-16,1963/02/20,Exeter,EX13 9ZS,Wales,N
C1363,George,Price,george.price67@outlook.com,+44 7852 725314,2024-01-08,1972-03-05,Leeds,LS13 4SA,United Kingdom,no
C5220,Seren,Murphy,seren.murphy99@yahoo.co.uk,07494 695879,02.03.24,01/01/1975,Nottingham,NG20 5SY,United Kingdom,yes
C2127,Bethan,Taylor,bethan.taylor94@yahoo.co.uk,07768 308016,2026-02-06,1992-06-10,Birmingham,B17 2HN,UK,y
C3780,Leo,Johnson,leo.johnson@yahoo.co.uk,07496 659731,19.12.25,1953-09-19,Glasgow,G4 2XE,GB,N
C2979,Zainab,Evans,zainab.evans74@gmail.com,07529212005,2026-09-02,1979-12-31,Bristol,BS12 5WU,United Kingdom,TRUE
C1540,Cerys,Roberts,cerys.roberts87@btinternet.com,07430 918396,2025-05-24,1969-06-11,,S16 7BX,United Kingdom,yes
C5734,Amelia,Robinson,amelia.robinson88@gmail.com,07487898446,2024/11/04,"February 26, 2004",Sheffield,S16 5RX,GB,N
C5645,Liam,Lewis,liam.lewis5@outlook.com,07458 889556,unknown,1967-11-21,London,E9 3LZ,United Kingdom,1
C1002,Katarzyna,Smith,katarzyna.smith27@outlook.com,,2025-03-05,1981-12-30,Nottingham,NG17 4RQ,GB,No
C1087,Liam,Jenkins,liam.jenkins97@outlook.com,07885-452680,2025/01/24,25.12.73,London,E4 2YT,UK,N
C1494,Leo,Edwards,leo.edwards20@hotmail.co.uk,07444 259066,2024-11-08,1953-06-17,Belfast,BT11 6ZX,GB,1
C4333,Ella,Wood,ella.wood81@icloud.com,+44 7640 540484,01.07.24,1962-07-17,Leeds,ls158nw,United Kingdom,Yes
C4868,Fiona,Morgan,fiona.morgan88@btinternet.com,07648764037,N/A,1993/06/05,Cardiff,CF1 3RN,Great Britain,1
C4506,Jack,Robinson,jack.robinson70@gmail.com,07830 480235,30 Jul 2023,"December 30, 1961",Port Talbot,SA3 8ET,United Kingdom,0
C6044,ARTHUR,McDonald,arthur.mcdonald41@icloud.com,07550 454901,2025-03-25,1967-11-24,Sheffield,S17 8UW,GB,
C3890,Ravi,O'Brien,ravi.obrien98@gmail.com,07104687444,2025-12-21,1982-12-28,Wrexham,LL12 3AG,United Kingdom,Yes
C3896,Gareth,Green,gareth.green18@yahoo.co.uk,+44 7141 876582,TBC,2003-04-18,Wrexham,LL12 2BQ,United Kingdom,Y
C2458,Sophie,Hughes,sophie.hughes@yahoo.co.uk,0773612,2024-08-17,1984-09-02,Belfast,bt147st,United Kingdom,Yes
C4527,Priya,Roberts,priya.roberts@icloud.com,07854 041278,19.10.25,1978-04-19,Bangor,LL2 4FU,United Kingdom,No
C6111,Leo ,Singh,leo.singh26@gmail.com,07901196824,2025-07-27,1982-10-21,Glasgow,G20 9LA,United Kingdom,Yes
C4309,Oliver,Morgan,oliver.morgan71@icloud.com,07790 853874,2026-06-23,1997-02-07,Liverpool,L15 2ZW,UK,0
C5662,Megan,Patel,megan.patel87@yahoo.co.uk,07724 984488,2023-10-19,1978-04-14,Liverpool,L2 9ZR,United Kingdom,TRUE
C5111,Aisha,Johnson,aisha.johnson@icloud.com,,2024-10-16,1993-06-25,Leeds,LS20 5QR,United Kingdom,Yes
C3816,Katarzyna,Thompson,katarzyna.thompson19@btinternet.com,,2024-01-03,10/04/1991,Sheffield,s23jr,United Kingdom,FALSE
C4979,Amelia,Price,amelia.price@icloud.com,0778823,2024-04-17,1957-06-04,Swansea,SA17 1SS,United Kingdom,no
C2711,Tomasz,Walker,tomasz.walker@outlook.com,07119 177303,2024-09-01,1960-11-03,Sheffield,,United Kingdom,yes
C2219,Jack,Singh,jack.singh@gmail.com,07878 214847,2024-02-07,1995-06-05,,LL11 7NE,United Kingdom,Yes
C1311,Rhys,Thomas,rhys.thomas@gmail.com,07273 596645,2024-03-11,,Wrexham,LL14 6DL,United Kingdom,N
C4358,Isla,Walker,isla.walker@yahoo.co.uk,07901 677770,2025-06-17,1990-08-27,Liverpool,l175zg,,FALSE
C4862,Owen,Khan,owen.khan@btinternet.com,+44 7255 802690,23.02.26,1980-07-04,Nottingham,NG2 5JX,UK,1
C1686,Arthur,Taylor,arthur.taylor86@icloud.com,0721740,20/03/2025,1985-12-01,Newport,NP18 7WX,United Kingdom,no
C6133,dylan,Taylor,DYLAN.TAYLOR@HOTMAIL.CO.UK,07335-447765,N/A,1979-05-08,Exeter,EX7 3WS,GB,FALSE
C5212,Isla,O'Brien,isla.obrien63@icloud.com,07353034359,2024-11-21,1958-09-13,Belfast,BT9 8SN,United Kingdom,y
C2454,Callum,Hughes,"callum.hughes12@outlook,com",+44 7427 887711,06 Aug 2025,2003-11-18,Edinburgh,EH3 2EQ,United Kingdom,Yes
C5604,Isla,Thompson,isla.thompson15@outlook.com,07903 097193,2024-06-07,1998-04-09,Newport,np113wz,United Kingdom,0
C4663,Sophie,Thomas,sophie.thomas89@icloud.com,07994611093,21/08/2026,1962-06-28,Leeds,LS7 2LU,United Kingdom,no
C5023,Lily,Davies,lily.davies85@gmail.com,+44 7754 453052,2024-05-30,1991-08-06,Wrexham,ll142af,United Kingdom,0
C1921,Mia,Taylor,mia.taylor39@icloud.com,07832007960,14.01.26,1998-09-12,Liverpool,L15 4QS,United Kingdom,no
C3262,Niamh,Roberts,niamh.roberts38@btinternet.com,,16/11/2023,1976-11-29,Bath,BA9 9LE,United Kingdom,FALSE
C5637,Aisha,Khan,aisha.khan99@icloud.com,07524 803492,2025-10-02,1992-04-17,Sheffield,S12 1QA,United Kingdom,Y
C5374,Mia,Hughes,mia.hughes70@icloud.com,07892-677898,01-30-2025,01/06/1970,Port Talbot,SA19 1EU,england,Y
C3401,Gareth,Green,gareth.green@yahoo.co.uk,07564 477376,2024-01-11,1953-11-30,Exeter,EX14 2AS,United Kingdom,Y
C4118,Callum,Thompson,callum.thompson21@icloud.com,07284991891,2025-12-12,2004-05-28,Bangor,LL8 2SX,england,0
C4388,Noah,Price,noah.price91@outlook.com,,2025-06-23,2005-05-08,Leeds,LS20 1QH,UK,No
C1340,Liam,Davies,liam.davies@yahoo.co.uk,07516 483014,2024-08-01,1960-02-25,Bristol,BS17 8JH,UK,y
C3679,Cerys,Lewis,cerys.lewis@icloud.com,07886688816,2023-12-31,1976-09-08,Belfast,BT6 1TF,United Kingdom,FALSE
C5883,Ethan,Edwards,ethan.edwards83@hotmail.co.uk,07402-341348,2023-07-31,1995-10-22,Exeter,EX18 4EJ,United Kingdom,yes
C3461,Cerys,Jones,cerys.jones@gmail.com,07422262981,25.02.26,1955-07-14,Newport,NP10 4QS,U.K.,
C2365,Zainab,Singh,zainab.singh70@hotmail.co.uk,07362 311556,2024-03-29,23.01.57,London,E16 9TU,GB,No
C4112,Aisha,Roberts,aisha.roberts@yahoo.co.uk,07767 717674,2023-12-13,1956-05-06,Swansea,SA3 6XH,United Kingdom,yes
C5318,Sophie,Roberts,sophie.roberts95@outlook.com,07730010796,2023-08-17,1990-06-11,Newport,np165rr,United Kingdom,N
C5310,Amelia,Morgan,amelia.morgan39@gmail.com,07800 253418,0000-00-00,2000-07-30,Swansea,sa52yy,United Kingdom,y
C3592,Isla,Nowak,isla.nowak39@outlook.com,07298 179663,2025-07-24,1981-06-17,Swanzea,SA14 4HD,United Kingdom,1
C4655,Connor,Evans,connor.evans@icloud.com,07641367144,2023-11-19,1955-04-24,Nottingham,NG4 2TD,United Kingdom,y
C1652,Ella,Price,ella.price@icloud.com,07632 410791,15 Nov 2023,2003-12-01,Wrexham,LL15 3AE,United Kingdom,
C4042,Chloe,Ali,chloe.ali@icloud.com,,2025-08-14,1952-11-04,Sheffield,S5 9RF,United Kingdom,Y
C4596,Oliver,Morgan, oliver.morgan47@outlook.com ,07312 530807,2024-07-20,1964-11-20,Belfast,BT17 3YU,United Kingdom,FALSE
C4498,Sophie,Lewis,sophie.lewis@outlook.com,07716286617,2025-09-06,02/11/1990,Nottingham,NG18 3DZ,United Kingdom,y
C5769,Arthur,Ali,arthur.ali@hotmail.co.uk,07214185052,30/09/2024,17 Jul 1977,Nottingham,NG13 2ZH,United Kingdom,TRUE
C2483,Dylan,O'Brien,dylan.obrien48@hotmail.co.uk,07334 404853,2025-12-11,1966-08-11,Leeds,LS20 4WL,United Kingdom,Y
C5051,Mohammed,Murphy,mohammed.murphy70@hotmail.co.uk,07835 819758,2025-11-07,1953-11-04,Sheffield,S11 3ZR,United Kingdom,FALSE
C4277,Arthur,Roberts,,07385289346,2025/07/01,1959-12-04,Edinburgh,EH18 5BS,U.K.,
C5954,Fiona,O'Brien, fiona.obrien@gmail.com ,07653456085,2026-01-09,1978-05-05,Leeds,ls83hq,U.K.,Y
C4060,Bethan,Murphy,bethan.murphy@hotmail.co.uk,07512 895675,2026-02-20,1974-09-04,Swansea,SA3 8QE,United Kingdom,N
C4773,Owen,Singh,owen.singh@btinternet.com,07574 540314,01-02-2024,1993-10-05,Aberystwyth,SY17 8EZ,UK,no
C4812,Mohammed,Edwards,mohammed.edwards15@hotmail.co.uk,07343047760,2025-06-13,1985-01-27,Sheffield,S4 2WZ,United Kingdom,y
C3692,Rhys,Singh,rhys.singh90@gmail.com,07304 622105,2024-10-30,1985-07-10,Leeds,LS2 9ZH,United Kingdom,No
C1108,Aisha,Ali,aisha.ali23@gmail.com,07944 204881,09/10/2024,2005-09-24,Exeter,EX17 4ZD,U.K.,1
C4978,Aisha,Johnson,aisha.johnson@yahoo.co.uk,07549337534,2025-06-22,03/02/2001,Wrexham,LL9 5JG,Wales,N
C3241,Ivy,Edwards,ivy.edwards77@hotmail.co.uk,07986 505707,2025-10-07,1977-10-28,Aberystwyth,SY4 2WB,Great Britain,Y
C2959,Mohammed,Taylor,mohammed.taylor61@outlook.com,07226845741,2026-03-23,1962-12-10,Newport,NP10 1ZU,United Kingdom,0
C2154,Freya,McDonald,freya.mcdonald97@yahoo.co.uk,07792 763168,2025-02-19,1983-02-14,Edinburgh,EH8 9LP,United Kingdom,FALSE
C6151,megan,Evans,MEGAN.EVANS@GMAIL.COM,07154 528720,30 Sep 2026,1959-07-19,Newport,NP19 3UD,United Kingdom,yes
C5797,Ella,Edwards,ella.edwards@outlook.com,,11 Mar 2026,13.02.63,Leeds,LS15 5HN,U.K.,no
C1421,Ella,McDonald,ella.mcdonald@gmail.com,07231806627,2025-08-14,1964-04-14,Edinburgh,EH18 8RP,United Kingdom,no
C2108,Owen,Evans,owen.evans81@hotmail.co.uk,07226881169,2026-09-28,1991-09-11,Port Talbot,SA13 1BJ,england,Yes
C6043,Grace ,Ali,grace.ali76@gmail.com,+44 7605 210526,2026-01-05,1953-10-17,Edinburgh,EH15 2TB,United Kingdom,1
C4032,Gareth,Evans,gareth.evans31@gmail.com,0720034,2024-12-27,2003-01-05,Newport,,United Kingdom,0
C3068,Katarzyna,Murphy,katarzyna.murphy@outlook.com,07840177942,13/05/2024,1999-07-22,Cardiff,CF10 1SN,UK,
C4161,Isla,Roberts,isla.roberts96@btinternet.com,07757606006,2024-05-08,1962-07-11,Cardiff,CF1 5FL,United Kingdom,
C6253,ivy,Singh,ivy.singh@gmail.com,07487 730237,2024-05-10,1952-10-31,Glasgow,G13 8NN,United Kingdom,y
C6265,jack,Morgan,jack.morgan99@outlook.com,07706 016156,TBC,1988-07-27,London,E9 1UG,United Kingdom,yes
C6029,Dylan ,Williams,DYLAN.WILLIAMS78@YAHOO.CO.UK,07847752870,04 Dec 2024,1982-04-21,Swansea,SA14 6ZB,GB,yes
C3183,Arthur,Johnson,arthur.johnson79@yahoo.co.uk,07673 506148,2026-03-07,1976-11-16,Port Talbot,SA4 3XF,United Kingdom,FALSE
C5997,Lily,Green,lily.green45@yahoo.co.uk,,2025-01-25,1980-12-15,Liverpool,L1 8UQ,UK,N
C3141,Leo,Edwards,leo.edwards@gmail.com,07465 670611,2024-10-01,31 Jul 1975,Liverpool,,United Kingdom,Yes
C1383,Niamh,Robinson, niamh.robinson@hotmail.co.uk ,07391-019669,"August 04, 2024",1952-04-16,Cardiff,cf17jy,United Kingdom,y
C4065,Ava,Morgan,ava.morgan@hotmail.co.uk,0738997,16/12/2025,"July 01, 2003",Leeds,LS14 4LY,United Kingdom,yes
C6186,liam,Patel,liam.patel76@icloud.com,07347 786463,14 Oct 2024,1953-01-21,Wrexham,LL8 6DD,United Kingdom,yes
C3647,Arthur,Roberts,arthur.roberts@icloud.com,07657 030018,2026-05-19,1983-07-18,Aberystwyth,SY12 4XD,United Kingdom,Yes
C5187,Arthur,Lewis,arthur.lewis81@icloud.com,07206 602721,2025-03-21,1992-09-22,Bristol,BS16 8QX,Great Britain,0
C5742,Katarzyna,Jenkins,katarzyna.jenkins90@outlook.com,07988718969,2023-07-22,2003-06-05,Leeds,LS7 1UZ,United Kingdom,0
C3563,Megan,Griffiths,megan.griffiths40@yahoo.co.uk,,2026/03/04,2004-05-13,Swansea,SA19 9SZ,United Kingdom,TRUE
C1410,Isla,Khan,isla.khan32@hotmail.co.uk,07610 894611,2023-11-02,1952-01-28,Port Talbot,SA6 8DJ,UK,Y
C2094,Grace,Green,grace.green75@outlook.com,07500-329550,2026-08-10,08-10-1984,Aberystwyth,SY8 7LA,United Kingdom,N
C1694,Zainab,Lewis,zainab.lewis@hotmail.co.uk,07715 306304,14 Oct 2023,1997-11-23,Glasgow,G14 3NY,United Kingdom,No
C4450,Harry,McDonald,harry.mcdonald79@hotmail.co.uk,07518 153592,2024-05-30,1990-03-27,Sheffield,S1 3QA,UK,Y
C1183,Mohammed,Taylor,mohammed.taylor76@yahoo.co.uk,0763198,2023-09-17,16/05/1956,Swansea,SA2 5QA,United Kingdom,1
C2403,Priya,Taylor,priya.taylor@yahoo.co.uk,07440 856328,2026-02-11,26 Feb 1980,Glasgow,,UK,0
C3850,Zainab,Nowak,zainab.nowak94@btinternet.com,07305 432375,2023-06-29,1995-09-25,Glasgow,G1 9SR,United Kingdom,0
C1537,Zainab,O'Brien,zainab.obrien@gmail.com,07747363266,2023-06-30,1987-10-23,Edinburgh,eh91da,United Kingdom,N
C5614,Sophie,Johnson,sophie.johnson81@icloud.com,07337 255068,2023-12-16,1998-11-26,Manchester,M12 2JG,United Kingdom,1
C4105,Megan,Jenkins,megan.jenkins71@icloud.com,07501 530014,22.06.25,1999-05-18,Cardiff,CF9 1LA,Great Britain,FALSE
C2809,Freya,Edwards,freya.edwards@btinternet.com,075516,16.02.24,1994-05-16,Birmingham,B6 4FB,United Kingdom,y
C2315,Mia,O'Brien,mia.obrien@outlook.com,+44 7532 325207,07-27-2025,2031-04-12,Swansea,SA18 4YH,UK,no
C5519,Priya,Walker,priya.walker@yahoo.co.uk,07562 194529,2026-01-03,1985-09-25,Aberystwyth,SY19 3GA,United Kingdom,TRUE
C4587,Gareth,Lewis,gareth.lewis@icloud.com,07529-824902,2026-01-19,1967-09-22,Leeds,LS2 4PQ,UK,TRUE
C1896,Cerys,Hall,cerys.hall92@icloud.com,,12-28-2023,1970-03-08,Birmingham,B17 1XL,United Kingdom,no
C3472,Noah,Murphy,noah.murphy87@hotmail.co.uk,07981 985675,01 Jul 2024,1991-05-06,Exeter,EX18 8FN,U.K.,TRUE
C2004,Cerys,Murphy,cerys.murphy@btinternet.com,07917 645210,2024-07-31,1996-03-02,Aberystwyth,SY20 4SN,United Kingdom,Yes
C5304,Megan,Taylor,"megan.taylor@yahoo.co,uk",+44 7160 568903,2023-12-16,1987-06-19,Manchester,M12 8UW,GB,N
C4453,Oliver,Murphy,oliver.murphy@hotmail.co.uk,07542 750882,2026-04-08,1954-11-01,Manchester,m115ee,United Kingdom,1
C6063,Liam ,Jenkins,liam.jenkins@btinternet.com,074015,2024-02-05,1983-01-30,Bangor,LL15 4HS,United Kingdom,FALSE
C2428,Arthur,Patel,arthur.patel@icloud.com,07979 406901,2025-01-31,1965-02-04,LONDON,E20 3PA,United Kingdom,FALSE
C3632,Ella,Price,ella.price@icloud.com,07561 037853,2025-03-22,1983-07-21,Leeds,LS5 2TG,United Kingdom,0
C2066,Katarzyna,Davies, katarzyna.davies74@hotmail.co.uk ,07706-015914,2026-07-08,1950-08-01,Newport,NP18 3RD,United Kingdom,no
C2352,Sophie,Morgan,sophie.morgan99@outlook.com,07947075259,2023-06-21,1971-07-16,Aberystwyth,SY17 6FA,UK,1
C2414,Rhys,Edwards, rhys.edwards20@outlook.com ,07217872136,2025-08-05,1960-11-12,Glasgow,G7 9TL,UK,No
C6299,RAVI,Smith,RAVI.SMITH@GMAIL.COM,+44 7921 828051,2026-08-03,2002-06-05,London,E10 6DX,United Kingdom,no
C3030,Oliver,Patel,oliver.patel77@yahoo.co.uk,07965430343,2023-08-02,,Newport,NP19 4WH,UK,No
C1757,Priya,Price,priya.price85@outlook.com,07975 886404,2024-04-26,1993-05-07,Bangor,LL17 6WU,UK,no
C4952,Jack,Ali,jack.ali84@yahoo.co.uk,0730255,23 Nov 2024,1973-03-26,Liverpool,l52xu,United Kingdom,no
C5140,Jack,Taylor,,07608 221358,2023-12-16,11/03/1970,Wrexham,LL16 2AU,United Kingdom,N
C6140,katarzyna,Nowak,KATARZYNA.NOWAK87@GMAIL.COM,07304158642,2023-11-19,1956-03-08,Glasgow,g102yq,GB,yes
C2117,Zainab,Hall,zainab.hall92@hotmail.co.uk,07454668520,07 Aug 2023,25.11.00,Nottingham,NG7 4EY,GB,no
C1133,Bethan,Davies,bethan.davies22@btinternet.com,,2026-06-03,1954-05-19,Glasgow,G16 8HJ,United Kingdom,FALSE
C3646,Sean,Smith,sean.smith95@hotmail.co.uk,07414 686385,02-12-2025,1979-07-20,Bangor,LL18 7EX,Great Britain,no
C1662,Seren,Hall,seren.hall20@outlook.com,+44 7598 511087,2025-05-04,2031-04-12,Bristol,BS11 1EB,United Kingdom,FALSE
C2501,Sophie,Thompson,sophie.thompson@icloud.com,07494 740003,2023-10-15,1984-04-12,Exeter,,United Kingdom,No
C5624,Amelia,Evans,amelia.evans@yahoo.co.uk,07446 284188,2026-07-22,1954-09-09,Bristol,BS20 1BR,United Kingdom,y
C2369,Sean,Lewis,sean.lewis51@icloud.com,+44 7134 495200,09-25-2024,1984-01-16,Bath,BA4 9NJ,GB,
C5103,Jack,Nowak,jack.nowak78gmail.com,07561 983554,2025/12/22,1977-02-01,Edinburgh,EH20 4WR,U.K.,FALSE
C5297,Fiona,Thomas,fiona.thomas99@gmail.com,07833 312832,2024-05-07,1978-09-26,Liverpool,L9 7UA,United Kingdom,0
C4851,Katarzyna,Patel,katarzyna.patel45@hotmail.co.uk,07145 903864,2025-11-24,1985-08-06,Newport,NP11 1TY,GB,
C4949,Bethan,Jones,bethan.jones@yahoo.co.uk,,02/07/2025,1979-04-11,,SA18 7JZ,United Kingdom,
C3874,Bethan,Murphy,bethan.murphy@gmail.com,07972242794,2024-05-01,1986-09-18,Belfast,BT6 8DN,United Kingdom,yes
C1218,Fiona,Morgan,fiona.morgan@outlook.com,07463982857,2024-11-20,1959-02-24,Edinburgh,EH18 9GN,United Kingdom,1
C1349,Cerys,Taylor,cerys.taylor@yahoo.co.uk,07111 753660,2025-04-28,2002-03-29,Swansea,SA8 7ND,United Kingdom,yes
C5728,Aisha,Taylor,aisha.taylor99@outlook.com,07947 975650,2023-10-23,1994-01-19,Port Talbot,SA13 6NS,United Kingdom,TRUE
C5141,Ethan,Khan,ethan.khan@btinternet.com,,2023-11-10,1959-10-19,Newport,np46sj,UK,TRUE
C4260,Tomasz,Khan,tomasz.khan@yahoo.co.uk,07168-511969,2024-04-30,12.01.76,Sheffield,S19 8EF,United Kingdom,y
C5720,Harry,Nowak,harry.nowak@gmail.com,07816 895780,2024-10-12,1992-12-01,Cardiff,CF3 9HY,UK,yes
C1815,Mohammed,Murphy,mohammed.murphy75@gmail.com,+44 7858 309703,2026-06-26,1958-09-20,Wrexham,LL10 4FG,UK,y
C4121,Priya,Edwards,priya.edwards@yahoo.co.uk,07984 662509,2026-07-02,1980-03-06,Glasgow,G15 2FN,United Kingdom,No
C5337,Connor,Ali,connor.ali@yahoo.co.uk,07652613623,11-17-2025,1952-08-28,Belfast,BT19 6YW,United Kingdom,No
C5963,Mia,Green,mia.green@gmail.com,07899-689665,"November 28, 2024",1975-05-20,Wrexham,LL13 2ZE,United Kingdom,TRUE
C4343,Ava,Price,ava.price69@icloud.com,07904116205,2024-07-29,2004-02-15,Nottingham,NG11 6AJ,United Kingdom,FALSE
C2273,Mia,Thompson,mia.thompson@yahoo.co.uk,,2025-06-21,1952-03-25,Newport,NP11 7TR,United Kingdom,N
C3119,George,Wood,george.wood88@outlook.com,,2025-06-09,,Belfast,BT7 3FE,UK,no
C4735,Noah,Taylor,noah.taylor72@gmail.com,07196193622,2024-10-24,1978-11-16,Edinburgh,EH9 5AQ,UK,TRUE
C5042,Aisha,Singh,aisha.singh@yahoo.co.uk,07443 794929,2026-06-01,1957-04-10,Leeds,LS9 7HA,United Kingdom,yes
C4342,Ravi,Jones,ravi.jones@btinternet.com,+44 7106 593660,2024-09-26,1997-06-11,edinburgh,EH19 8NF,Wales,
C5416,Oliver,Johnson,oliver.johnson@yahoo.co.uk,07628 973165,2024-10-24,1972-08-02,Glasgow,G19 8AF,United Kingdom,1
C4510,Seren,Murphy,seren.murphy@icloud.com,07228 416691,2024/01/31,1958-04-18,Glasgow,G11 3YH,GB,
C2560,Dylan,Price,dylan.price99btinternet.com,07925606132,2025-03-01,1975/06/25,Edinburgh,EH2 4SX,United Kingdom,
C2068,Katarzyna,Jenkins,katarzyna.jenkins45@gmail.com,07487945113,2026-04-08,1998-12-19,Bangor,LL17 3XR,United Kingdom,TRUE
C1908,Amelia,Thompson,amelia.thompson23@gmail.com,,"February 08, 2025",1989-02-25,Edinburgh,EH17 1YA,GB,y
C1669,Liam,Williams,liam.williams85@hotmail.co.uk,07153 126867,2024-01-22,1967-02-07,London,E15 5AR,United Kingdom,No
C5970,Sean,Hughes,sean.hughes78@gmail.com,07493119098,2025-04-16,,Swansea,SA14 4SQ,UK,Yes
C5518,Seren,Griffiths,seren.griffiths96@icloud.com,+44 7356 602374,2026-05-08,1988-04-13,Leeds,LS16 2AT,United Kingdom,y
C5305,Cerys,Taylor,cerys.taylor39@yahoo.co.uk,07726 182527,02.07.23,10-31-2004,Edinburgh,EH18 7SS,United Kingdom,FALSE
C1174,Grace,Jenkins,grace.jenkins93@hotmail.co.uk,07258 662007,2023/07/01,1977-10-28,Manchester,M16 1WJ,United Kingdom,y
C1105,Zainab,Khan,zainab.khan73@icloud.com,,2025-03-03,1952-09-30,Edinburgh,EH14 6AJ,GB,TRUE
C2163,Jack,Thompson,jack.thompson78@btinternet.com,07156 928686,2025-01-21,1967-09-19,Bristol,BS10 3NZ,UK,0
C3473,Cerys,Morgan,cerys.morgan76@hotmail.co.uk,+44 7597 938736,02-06-2025,1957-11-25,Cardiff,CF10 1EH,United Kingdom,No
C1682,Sophie,Hall,sophie.hall@gmail.com,07750 438670,24 Jul 2026,1959-02-11,Port Talbot,SA5 9UT,UK,Yes
C2361,Arthur,Wood,arthur.wood78@yahoo.co.uk,07141 477549,2026-06-19,1955-12-12,Bath,BA18 4FH,United Kingdom,Yes
C4884,Harry,Hall,harry.hall91@hotmail.co.uk,07364 614311,2024-07-07,1969-12-19,Edinburgh,EH1 2PY,United Kingdom,y
C5610,Mia,Morgan,mia.morgan@gmail.com,+44 7227 270691,06.11.23,1968-01-06,Bath,BA6 7SJ,United Kingdom,Yes
C1541,Noah,Robinson,noah.robinson@btinternet.com,07817 221600,03-28-2025,1970-03-07,Liverpool,L10 3SS,GB,No
C5893,Freya,Williams,freya.williams61@hotmail.co.uk,07952 116316,"July 24, 2024",1978-03-02,Edinburgh,EH10 1FQ,United Kingdom,1
C3264,Megan,Taylor,megan.taylor@icloud.com,0787106,2025-11-12,2001-10-03,Bangor,ll15jj,UK,Yes
C5879,Isla,Evans,isla.evans97btinternet.com,07283 829028,2024-12-31,17.06.70,Port Talbot,sa63tx,GB,Y
C5566,Priya,Thompson,priya.thompson71@outlook.com,07213642355,,1971-05-22,Nottingham,NG9 7BD,United Kingdom,no
C5406,Cerys,Murphy,"cerys.murphy@yahoo.co,uk",,10/10/2025,1974-11-04,Bath,,United Kingdom,FALSE
C2713,Niamh,McDonald, niamh.mcdonald@hotmail.co.uk ,07432-839479,2024-02-08,1982-06-06,Newport,NP10 7ZS,United Kingdom,Y
C5348,Ethan,Davies,ethan.davies@gmail.com,07164-385251,"November 26, 2024",29 Sep 1983,Leeds,LS4 8AX,United Kingdom,Yes
C4348,Seren,Nowak,seren.nowak@yahoo.co.uk,07540 670924,10-31-2024,1995-03-11,Aberystwyth,SY16 2JP,UK,y
C1658,Katarzyna,Griffiths,katarzyna.griffiths39@outlook.com,+44 7429 113331,2024-08-02,21 Jul 2004,Bangor,LL1 4QJ,U.K.,FALSE
C5320,Sean,Robinson,sean.robinson@yahoo.co.uk,07722334886,2024-01-08,1973-07-16,Port Talbot,SA3 4UE,United Kingdom,No
C2807,Isla,Edwards,isla.edwardsbtinternet.com,07923 333745,07-29-2026,08-22-1956,Wrexham,LL7 6BX,UK,No
C3690,Sophie,Taylor,sophie.taylor@hotmail.co.uk,07678 386054,2023-09-02,1971-10-14,Leeds,LS17 5RG,United Kingdom,N
C4592,Ravi,Davies,ravi.davies@yahoo.co.uk,07545 925484,2025-08-22,1982-09-21,Manchester,M14 9TS,United Kingdom,Y
C2002,Cerys,Green,cerys.green97@icloud.com,+44 7566 551752,2025-04-10,1950-08-17,Belfast,BT10 1XT,UK,y
C2024,Isla,Griffiths,isla.griffiths48@gmail.com,07379 218581,14.03.25,1997-11-19,Aberystwyth,SY3 3HW,United Kingdom,
C2251,Sean,Roberts,sean.roberts77@gmail.com,07473 208200,2026-09-11,,Port Talbot,SA6 9DN,UK,no
C6289,LEO,Hall,leo.hall99@outlook.com,07420 556813,2024-08-11,1952-10-23,Swansea,SA5 1ZR,GB,FALSE
C1003,George,O'Brien,george.obrien87@outlook.com,07568-147732,2025/04/28,21/10/1975,,NP12 2PN,Great Britain,Yes
C3658,Katarzyna,Williams,katarzyna.williams75@outlook.com,07974 509362,2024/07/07,1992-05-26,Bristol,BS2 9JY,United Kingdom,Yes
C4446,Bethan,Price,bethan.price9@icloud.com,07764 036080,2026/02/09,,Bath,BA17 2UB,UK,TRUE
C5272,Isla,Wood,isla.wood34@outlook.com,+44 7990 621190,"December 01, 2024",1979-12-25,Exeter,,United Kingdom,TRUE
C2489,Zainab,Murphy,zainab.murphy@gmail.com,+44 7837 454632,2023-09-13,2031-04-12,Exeter,EX18 8EE,United Kingdom,yes
C3252,Katarzyna,Morgan,katarzyna.morgan@yahoo.co.uk,07953 359733,2026-03-24,1989-12-04,Nottingham,,United Kingdom,0
C3304,Isla,Jones,isla.jones77@icloud.com,0715142,2026-04-10,1990-05-13,Liverpool,l71hn,UK,FALSE
C2657,Priya,Williams,priya.williams79@hotmail.co.uk,+44 7571 789612,2025-05-05,1984-11-04,Glasgow,G7 5WS,United Kingdom,yes
C4079,Ravi,Williams,ravi.williams96@btinternet.com,07792125520,2023-08-05,1957-10-13,swansea,SA10 5GS,GB,TRUE
C3154,Tomasz,Murphy,tomasz.murphy@icloud.com,07196 559875,2024/08/13,"May 04, 1968",Wrexham,LL9 7RW,england,
C6234,Oliver ,Lewis,OLIVER.LEWIS4@HOTMAIL.CO.UK,+44 7140 364734,"October 18, 2025",2004-03-03,Edinburgh,EH10 6SS,United Kingdom,Yes
C1977,Aisha,Johnson,aisha.johnson@btinternet.com,07997384140,2023-11-11,1989-09-23,Aberystwyth,SY14 2EU,United Kingdom,no
C5721,Amelia,Nowak,amelia.nowak96@yahoo.co.uk,,2025/04/17,1960-01-28,Bristol,BS19 6XN,,No
C1820,Mohammed,Williams,mohammed.williams98@gmail.com,,2025/12/01,1999-10-16,Glasgow,G20 2TW,UK,Y
C5807,Chloe,O'Brien,chloe.obrien82@gmail.com,+44 7621 808341,2025-05-16,1988-11-27,Birmingham,B7 9NY,United Kingdom,
C2717,Ella,Thompson,ella.thompson94@yahoo.co.uk,07458 292836,2025-09-07,1970-12-14,Exeter,EX5 8JG,United Kingdom,N
C1438,Fiona,Nowak,fiona.nowak87@icloud.com,076969,2025-01-18,1967-06-08,Aberystwyth,SY5 2TR,Great Britain,no
C4391,Isla,Lewis,isla.lewis@outlook.com,+44 7497 457164,2023-11-17,1963-01-22,Aberystwyth,SY5 8GH,United Kingdom,yes
C2901,Arthur,Khan,arthur.khan70@outlook.com,0784660,2026-01-21,1991-03-08,Belfast,BT13 4XT,Wales,Y
C3875,Amelia,Wood,amelia.wood75@icloud.com,07659 425736,,2002-07-15,Liverpool,L17 3AT,Wales,Yes
C1344,Mohammed,Wood,mohammed.wood99@icloud.com,+44 7987 912297,07-30-2024,1987-04-21,Swansea,SA16 4YP,United Kingdom,y
C6178,Harry ,Griffiths,harry.griffiths85@icloud.com,07569 149146,"May 22, 2024",1989-04-22,Exeter,EX19 4YH,United Kingdom,0
C4176,Gareth,Thompson,gareth.thompson@yahoo.co.uk,07956 097651,01-06-2025,"July 12, 1953",edinburgh,EH19 7YX,GB,1
C2413,Bethan,McDonald,bethan.mcdonald@hotmail.co.uk,07383 022194,"November 10, 2024",19/10/1956,Manchester,M11 7DN,United Kingdom,Y
C2293,Owen,Evans,owen.evans52@hotmail.co.uk,07607705913,08 Aug 2023,2002-10-06,Liverpool,L13 9YY,United Kingdom,N
C5087,Ravi,Morgan,ravi.morgan53@hotmail.co.uk,07855 811823,2024-08-18,2031-04-12,Exeter,EX11 4TW,GB,1
C5791,Aisha,Hall,aisha.hall40@outlook.com,+44 7182 843428,"October 03, 2023",05.07.93,Cardiff,CF9 4HD,Great Britain,yes
C5085,Grace,Thomas,grace.thomas92@yahoo.co.uk,07291951648,2025-05-03,1950-09-03,Bangor,LL8 3YH,United Kingdom,FALSE
C2227,Aisha,Edwards,aisha.edwards81@yahoo.co.uk,07960681455,09-26-2026,15/09/2004,Cardif,CF5 4FU,United Kingdom,Yes
C4822,Ivy,Davies,ivy.davies50@yahoo.co.uk,07636583339,01.02.24,1977-12-13,Aberystwyth,SY12 5GH,UK,No
C5617,Megan,Hughes,megan.hughes92@yahoo.co.uk,07264508664,2023-12-09,18 Dec 1992,Edinburgh,EH4 4ET,United Kingdom,Y
C1268,Seren,Thomas,seren.thomas92@gmail.com,07260 424984,2023-09-02,1993-12-10,Bristol,bs109ju,United Kingdom,N
C2210,Priya,Morgan,priya.morgan85@outlook.com,07417143808,2024-02-22,24 Sep 1998,Glasgow,G9 9DE,United Kingdom,Y
C2168,Connor,Ali, connor.ali@btinternet.com ,+44 7325 661933,2026-06-15,07.02.70,Bristol,BS11 1BD,United Kingdom,N
C4101,Grace,Lewis,grace.lewis84@hotmail.co.uk,07558 549174,2026-09-06,1966-03-31,Edinburgh,EH1 2HH,UK,0
C5548,Liam,Roberts,liam.roberts95@icloud.com,07120 500800,2026-02-11,11.02.85,Glasgow,G12 3SF,UK,N
C5947,Ava,Morgan,ava.morgan70@hotmail.co.uk,07746 436867,2023-06-26,22 Oct 1995,Bath,BA15 2YL,United Kingdom,yes
C3653,Bethan,Hall,bethan.hall@yahoo.co.uk,07488421253,2025/02/28,1995-07-03,Aberystwyth,SY6 6DP,United Kingdom,no
C5690,Amelia,Davies,amelia.davies31@gmail.com,07859789729,2026-04-06,1965-02-12,Wrexham,LL3 1GN,Great Britain,0
C2470,Priya,Thompson,priya.thompson@yahoo.co.uk,07246755394,2024-12-03,1960-06-12,Sheffield,S11 1SL,UK,y
C3752,Zainab,Lewis,zainab.lewis82@gmail.com,,2025-08-02,1983-05-08,Bangor,LL20 7HT,United Kingdom,FALSE
C5643,Leo,Singh,leo.singh80@hotmail.co.uk,,2026-01-01,1975-11-12,Port Talbot,SA3 5JH,United Kingdom,yes
C3791,Tomasz,Khan,,07840 523404,2024-03-11,,Bangor,LL14 4SH,United Kingdom,0
C5584,Leo,Thompson,leo.thompson96@yahoo.co.uk,+44 7870 671629,29/08/2024,21/02/1968,Wrexham,LL4 8DT,United Kingdom,No
C3420,Owen,Hughes,owen.hughes83@icloud.com,+44 7700 800646,2024/02/21,1997-01-08,Bangor,ll199pp,United Kingdom,TRUE
C4427,Aisha,Hall, aisha.hall73@yahoo.co.uk ,074436,2025-09-06,1977-08-14,Aberystwyth,SY5 6JL,UK,yes
C6207,Gareth ,Edwards,GARETH.EDWARDS26@YAHOO.CO.UK,07661850853,2025-05-16,1991-01-19,Glasgow,G20 4WB,United Kingdom,No
C4966,Ava,Morgan,ava.morgan70@outlook.com,+44 7568 595588,2026-05-04,1954-11-13,Aberystwyth,SY18 5PU,UK,no
C5317,Noah,Ali,noah.ali70@hotmail.co.uk,07931682824,2024-01-19,1974-11-20,Wrexham,LL3 6DL,UK,Yes
C3819,Jack,Evans,jack.evans76@yahoo.co.uk,07563 513978,2026-01-03,,Belfast,BT18 5ER,U.K.,y
C6204,Leo ,O'Brien,LEO.OBRIEN@GMAIL.COM,+44 7814 026196,2023-08-18,N/A,Liverpool,L10 8TA,GB,1
C1569,Ella,Johnson,ella.johnson77@btinternet.com,07799 758772,2025-11-14,12.06.88,Swansea,SA13 3JS,United Kingdom,
C2016,Gareth,Smith,gareth.smith78@gmail.com,07380 239925,2024-10-26,1959-10-02,Nottingham,NG3 5GE,United Kingdom,1
C3618,Zainab,Ali,zainab.ali71@gmail.com,07204 363942,2025-06-30,1958-05-02,Swansea,SA2 9UN,GB,1
C1124,Bethan,Johnson,bethan.johnson@hotmail.co.uk,+44 7709 354036,12/01/2024,2003-11-28,Edinburgh,EH13 8YE,UK,
C1290,Harry,Green,,07421 225955,04 Sep 2023,1987-12-11,Bath,BA7 2AH,Great Britain,1
C6128,jack,Williams,jack.williams82@yahoo.co.uk,07260 920714,2025-11-26,2002-12-14,London,E2 3LY,United Kingdom,y
C4846,Freya,Jenkins,,07319 711104,2026-01-28,1968-06-29,Port Talbot,,United Kingdom,yes
C3774,Isla,Murphy,isla.murphy65@outlook.com,07690497039,07-27-2025,1972-07-16,Aberystwyth,SY17 8DX,,FALSE
C4570,Harry,Evans,harry.evans90@btinternet.com,07377 810768,13/01/2025,1998-06-29,Leeds,LS13 6TA,UK,yes
C2192,Sophie,Williams, sophie.williams82@icloud.com ,07205823688,2025-02-18,1966-05-01,Manchester,M8 5PX,GB,FALSE
C5775,Oliver,Taylor,oliver.taylor43@yahoo.co.uk,07825805844,27.06.25,1959-12-22,Glasgow,G3 9RD,england,
C1952,Lily,Ali,lily.ali83@outlook.com,+44 7527 772355,TBC,1991-10-12,Bristol,BS8 9NB,United Kingdom,
C5722,Gareth,Jenkins,gareth.jenkins@yahoo.co.uk,07322464174,2025-12-26,1955-11-16,Edinburgh,EH6 5LY,United Kingdom,yes
C5474,Callum,Lewis,callum.lewis93@outlook.com,+44 7892 159838,2026-04-04,1993-08-19,Liverpool,L18 7QD,United Kingdom,Y
C4223,Ella,Jenkins,ella.jenkins77@btinternet.com,07871-737059,,1959-07-12,Sheffield,S14 5ZQ,United Kingdom,no
C3365,Connor,Wood,connor.wood@outlook.com,07223 670534,2025-03-20,1951-04-03,swansea,SA6 6FA,United Kingdom,0
C4437,Lily,Wood,lily.wood66@outlook.com,07977 220915,2026-02-02,1959-01-04,Belfast,bt185pd,UK,
C2157,Sophie,Thompson,sophie.thompson76@hotmail.co.uk,07487 779833,2025-04-08,26/08/1967,Glasgow,G8 3ZZ,United Kingdom,No
C4753,Rhys,Williams,rhys.williams@hotmail.co.uk,07935327194,2025-08-03,1978-05-28,Swansea,SA2 5ZP,United Kingdom,0
C5520,Sean,Walker,sean.walker76@gmail.com,07618 280594,"May 31, 2024","February 21, 1999",Newport,NP14 2RG,GB,No
C2098,Katarzyna,Ali,katarzyna.ali27@icloud.com,07664123129,2024-12-21,1953-02-24,Nottingham,NG12 9FE,UK,0
C2142,George,O'Brien,george.obrien90@icloud.com,07877 551248,2025-01-18,1995-09-28,Liverpool,L3 3QX,United Kingdom,FALSE
C3281,Callum,Jones,callum.jones@btinternet.com,+44 7467 821565,2025-11-13,1968-04-12,Aberystwyth,SY16 5HN,UK,0
C4955,Katarzyna,Taylor,katarzyna.taylor90@btinternet.com,07987 918113,2026-05-10,1974-04-13,Aberystwyth,SY16 6SU,United Kingdom,N
C3129,Grace,Johnson,grace.johnson20@yahoo.co.uk,+44 7810 548411,2024-03-09,"May 11, 1954",Bangor,LL11 6RH,UK,TRUE
C3829,Gareth,McDonald,gareth.mcdonald75@hotmail.co.uk,07351527699,24 Apr 2025,1958-08-24,Newport,NP9 6WY,United Kingdom,N
C4562,Niamh,Green,niamh.green@icloud.com,07472852459,23.11.25,1970/01/15,Cardiff,CF7 7WW,Wales,yes
C2475,Ravi,Thompson,ravi.thompson@yahoo.co.uk,07909 702625,2023-09-19,1952-03-04,Bristol,BS2 8UB,United Kingdom,Y
C2820,Sophie,Morgan,sophie.morgan83yahoo.co.uk,07249 840982,2023-07-16,1960-03-23,Liverpool,L17 3PS,UK,no
C2696,Ivy,Green,ivy.green@icloud.com,07660447145,2025-05-11,1978/12/22,Edinburgh,EH1 5TL,UK,Y
C5005,Bethan,Patel,bethan.patel70@gmail.com,07783 354393,2024-05-19,19 Nov 1958,Bangor,LL15 3NS,United Kingdom,TRUE
C5570,Sophie,Khan,sophie.khan@yahoo.co.uk,,2023-11-16,1994-08-26,London,E10 8NA,United Kingdom,y
C5545,Isla,Hall,isla.hall@icloud.com,07253 668003,2023-12-31,1969-10-24,Exeter,EX11 4HY,United Kingdom,Yes
C6182,MEGAN,Evans,megan.evans75@hotmail.co.uk,07677 721951,2024-08-25,1994-09-25,Bangor,LL1 3LH,United Kingdom,FALSE
C1198,Sean,Roberts,sean.roberts@yahoo.co.uk,07498528294,2025-10-09,1980-06-01,London,e17sx,United Kingdom,Y
C2635,Oliver,Morgan,oliver.morgan97@hotmail.co.uk,07890 533996,2024-12-05,1958-04-21,Exeter,EX16 9DB,United Kingdom,0
C2933,Bethan,Smith,bethan.smith87@btinternet.com,07868 174462,2023-09-26,1964-05-02,Exeter,EX7 7EA,United Kingdom,0
C2269,Lily,Hughes,lily.hughes48@yahoo.co.uk,,2026-03-09,08/09/1963,Birmingham,B20 8TG,Great Britain,1
C2839,Sean,Roberts,sean.roberts81@outlook.com,07840 819369,02/10/2025,2001-04-10,Edinburgh,EH20 8LL,U.K.,
C1413,Jack,Griffiths,jack.griffiths81@btinternet.com,07763565590,11.08.26,1956-10-04,Birmingham,B12 3YW,United Kingdom,Y
C5472,Bethan,Smith,bethan.smith88@outlook.com,07503 161432,11-16-2025,07/08/1950,Nottingham,NG5 1WP,U.K.,TRUE
C1617,Fiona,Lewis,fiona.lewis16@hotmail.co.uk,,2024-08-20,1966-09-05,Manchester,M14 6EF,United Kingdom,y
C2183,Leo,Smith,leo.smith@yahoo.co.uk,07812491892,2026-01-21,1955-06-09,Birmingham,B16 6AN,,yes
C2998,Tomasz,Wood,tomasz.wood62@btinternet.com,0722852,2026-09-14,"June 19, 1986",Sheffield,S7 7TN,United Kingdom,FALSE
C5381,Sean,Green,sean.green74@icloud.com,+44 7135 721411,2023-08-07,1967-03-01,Port Talbot,SA6 4WS,GB,TRUE
C3723,Connor,Jenkins,connor.jenkins29@gmail.com,+44 7307 593250,2023-07-08,1992-05-30,Edinburgh,eh171sn,United Kingdom,y
C5446,Leo,O'Brien,leo.obrien83@hotmail.co.uk,07307843350,2024-05-16,1984-01-12,Liverpool,L3 5RS,Great Britain,No
C2128,Jack,Wood,jack.wood70@yahoo.co.uk,07287 915283,2024-12-06,1968-05-07,Manchester,M7 2FU,United Kingdom,
C4670,Priya,Wood,priya.wood19@gmail.com,+44 7617 762311,2024/06/05,2001-04-04,Belfast,BT18 8XJ,Wales,FALSE
C6119,RAVI,O'Brien,ravi.obrien75@outlook.com,,2023-12-11,1959-10-21,London,E15 5JS,GB,0
C5296,Lily,Edwards,lily.edwards98@btinternet.com,07108-755247,2024-06-02,1996-11-20,Birmingham,B10 2BP,UK,FALSE
C1301,Sophie,Edwards,sophie.edwards@icloud.com,,"August 14, 2023",1958-12-19,Newport,NP2 5YY,United Kingdom,N
C3910,Mohammed,Jones,mohammed.jones22@outlook.com,07433731335,2024-09-20,1997-08-25,Belfast,BT7 5AH,United Kingdom,1
C4216,Niamh,Robinson,niamh.robinson80@gmail.com,07459 201769,2025-10-14,02-29-1992,Birmingham,B16 4BQ,United Kingdom,TRUE
C6216,NIAMH,Wood,niamh.wood@outlook.com,07850 874073,2023-08-23,30/04/1961,Birmingham,b201ld,United Kingdom,0
C2585,Callum,Jones,callum.jones86@outlook.com,07490 709066,"November 24, 2024",1987-12-24,Port Talbot,SA10 2YZ,Wales,1
C5075,Harry,Patel,harry.patel94@yahoo.co.uk,+44 7511 568165,2023-10-24,2000-09-29,Aberystwyth,SY13 5BT,UK,No
C2848,Katarzyna,Roberts,katarzyna.roberts11@icloud.com,+44 7444 244193,2026-03-16,1963/10/02,Bristol,BS9 2ZR,United Kingdom,yes
C2557,Gareth,Smith,gareth.smith88@gmail.com,07877765960,2026-03-28,2001-06-17,Glasgow,G15 1ZG,United Kingdom,N
C4278,Chloe,Taylor,chloe.taylor54@hotmail.co.uk,07812 478274,20.02.25,1951-04-02,Sheffield,S18 8TE,UK,0
C3063,Bethan,Jones,bethan.jones@yahoo.co.uk,07491015076,2024-05-18,1981-10-18,Bristol,BS16 5TG,GB,1
C6031,MOHAMMED,Williams,mohammed.williams38@icloud.com,07274510416,2024-08-09,19.01.86,edinburgh,EH10 1HZ,United Kingdom,yes
C1161,Isla,Thomas,isla.thomas@gmail.com,07563 034476,2024-04-15,1983-07-01,Bangor,ll201xb,United Kingdom,Y
C1056,Fiona,Jones,fiona.jones78@btinternet.com,07233350238,0000-00-00,1972-08-16,Port Talbot,SA13 8RX,United Kingdom,no
C4719,Ethan,Walker,ethan.walker72@icloud.com,07823 262030,2025-05-28,12/03/1959,Swansea,SA9 4EQ,UK,Y
C4675,Amelia,Roberts,amelia.roberts@gmail.com,07514 699549,2024-05-08,1977-10-02,Newport,NP7 4UU,Wales,FALSE
C1858,Grace,Thompson,grace.thompson72@gmail.com,07987-265451,2023-11-10,2004-12-24,Swansea,sa13jt,UK,y
C2111,Freya,Singh,freya.singh72@outlook.com,07105 675252,2024-10-13,22 Jun 1972,Sheffield,S14 3TB,United Kingdom,y
C4682,Jack,Williams,jack.williams8@yahoo.co.uk,07186 371408,08.04.24,1965-12-23,Glasgow,G7 5GW,Wales,1
C4839,Noah,Johnson,noah.johnson49@gmail.com,07345-121407,2024-10-10,1986-07-23,Leeds,LS2 3QZ,United Kingdom,1
C1925,Ella,Roberts,ella.roberts@icloud.com,07618 184242,2024-04-08,1994-08-25,Glasgow,g55fg,United Kingdom,No
C1963,Ravi,Green,ravi.green@yahoo.co.uk,07331 820607,2025-06-17,1977-10-28,Liverpool,L6 8SD,United Kingdom,0
C4080,Owen,Murphy,owen.murphy98@hotmail.co.uk,07320958269,2025-07-09,02-16-1994,Newport,NP20 6FP,UK,Yes
C2734,Freya,Wood,freya.wood@outlook.com,07857 693083,2025-12-26,1988-08-29,Birmingham,B15 7QH,UK,
C3091,Ava,Thomas,ava.thomas75@btinternet.com,07911 554319,2025-08-27,1964/06/08,Leeds,LS13 7ZB,Wales,y
C5054,Freya,Smith,freya.smith@gmail.com,07187 792326,,"January 31, 1987",Nottingham,NG20 1FD,United Kingdom,TRUE
C3356,Isla,Morgan,isla.morgan82@btinternet.com,07921 083186,2026-05-03,1962/10/07,london,E19 6ZQ,Great Britain,N
C4368,Tomasz,Ali, tomasz.ali90@hotmail.co.uk ,07617 000900,2025-06-03,23 May 1957,Birmingham,B12 7LL,Great Britain,
C4099,Grace,Edwards,grace.edwards32@icloud.com,07803-194775,19/08/2025,1950-07-29,Bristol,BS5 4HJ,United Kingdom,no
C5114,Chloe,Griffiths,chloe.griffiths99@outlook.com,07991 620993,unknown,03-09-1974,Exeter,EX5 3GU,United Kingdom,yes
C1919,Bethan,Wood,bethan.wood99@gmail.com,07480 769478,2024-05-31,1973-05-24,Birmingham,b149wx,United Kingdom,
C4858,Sean,Lewis,sean.lewis76@yahoo.co.uk,07754 106135,"October 17, 2024",1955-09-30,Port Talbot,SA6 3NE,United Kingdom,No
C1442,Arthur,Thomas,arthur.thomas@hotmail.co.uk,+44 7739 406715,2024-03-27,1993-08-30,Bath,BA1 1RR,Wales,TRUE
C2216,Ella,Taylor,ella.taylor@outlook.com,07468-107795,2025-05-14,2004-06-21,Liverpool,L1 6RA,United Kingdom,TRUE
C2904,Seren,Green,seren.green@hotmail.co.uk,07517550970,2026/09/04,1959-11-13,Edinburgh,EH13 4QJ,UK,
C4883,Ella,Walker, ella.walker85@yahoo.co.uk ,07130 576987,2024-09-01,2001-09-24,cardiff,CF17 1RA,,
C1099,Fiona,Hughes,fiona.hughes91@gmail.com,07343 121195,2023/11/18,1972/08/20,Sheffield,S20 5TD,Wales,No
C5553,Tomasz,Evans,tomasz.evans97@gmail.com,07986540272,2024/07/28,1979-05-30,Wrexham,LL16 9NL,U.K.,Y
C3120,Lily,Taylor,lily.taylor@outlook.com,07624 641754,2025/10/21,18 Apr 1995,Edinburgh,EH9 8PE,UK,No
C1334,Noah,Hall,noah.hall@gmail.com,07396 386821,05.08.23,2031-04-12,Swansea,SA12 1JD,United Kingdom,y
C4752,Niamh,Edwards,niamh.edwards78@btinternet.com,07985-836968,2025-09-04,10.11.56,Bath,BA12 1GD,United Kingdom,FALSE
C3543,Fiona,Williams,fiona.williams@gmail.com,07799 307576,15/07/2024,1956-06-14,Bangor,LL19 6JY,england,FALSE
C3330,Megan,Walker,megan.walker92@icloud.com,,2026-09-27,1968-05-08,Bath,,United Kingdom,TRUE
C4318,Ava,Walker,ava.walker@outlook.com,07365 632187,2026-03-09,1960-10-24,Birmingham,B18 4NX,United Kingdom,yes
C3676,Fiona,Hall,fiona.hall95@btinternet.com,07771493604,2024-08-30,1966-01-24,Port Talbot,SA12 6YR,United Kingdom,no
C1869,Bethan,Lewis,bethan.lewis78@btinternet.com,07752 204341,2025-12-21,21 Apr 2000,Cardiff,CF14 3DZ,United Kingdom,Y
C4574,Liam,Lewis, liam.lewis@btinternet.com ,+44 7965 370078,05-02-2024,1983-03-29,Aberystwyth,SY5 1NG,UK,Yes
C1990,Katarzyna,Robinson,katarzyna.robinson92@hotmail.co.uk,,2025-08-08,1984/01/30,London,E5 5QN,United Kingdom,0
C5596,Cerys,Ali,cerys.ali@hotmail.co.uk,07646 230875,2025/09/11,1955-11-10,Cardiff,CF6 3TJ,UK,Y
C4029,Megan,Thompson,megan.thompson83@icloud.com,07940 241477,2024-04-08,"July 31, 1992",Glasgow,G17 2EE,United Kingdom,N
C2768,Sophie,Smith,sophie.smith75@btinternet.com,07195792299,2023-12-31,2001-05-30,Sheffield,s17lz,United Kingdom,No
C3785,Bethan,Roberts,bethan.roberts74@gmail.com,077641,27 Jun 2023,2000-12-07,Swansea,SA13 3JZ,,No
C2935,Ivy,Khan,ivy.khan59@yahoo.co.uk,07897 200875,19/01/2026,2005-11-12,Liverpool,L12 2GP,United Kingdom,FALSE
C4219,Grace,Walker,grace.walker@outlook.com,07417411003,13/04/2026,1982-04-25,Birmingham,B15 4TE,GB,TRUE
C2895,Mia,Price,mia.price@icloud.com,,2026-09-19,1957-08-03,Aberystwyth,SY19 7BB,,yes
C2456,Freya,Murphy,freya.murphy@icloud.com,07827 655772,2025-09-15,1985-04-25,London,E7 3DB,United Kingdom,No
C5026,Chloe,Edwards,chloe.edwards@hotmail.co.uk,07926 701202,2024-11-06,1993-11-16,Bristol,BS18 6ZT,U.K.,1
C2903,Niamh,Hall,niamh.hall@yahoo.co.uk,07177357648,2025-06-23,1992-10-11,Cardiff,CF18 6PJ,United Kingdom,no
C4759,Mia,Taylor,mia.taylor40@hotmail.co.uk,07896266601,2025-12-19,1972-01-17,Bristol,BS9 2JT,Great Britain,Yes
C2376,Liam,Ali,liam.ali@yahoo.co.uk,0716024,2024-02-26,2003-06-02,Bath,BA9 4LL,United Kingdom,no
C5845,Mohammed,Patel,mohammed.patel75@btinternet.com,0726056,2025-12-16,1965-07-15,Newport,NP19 8YA,United Kingdom,Y
C5816,Dylan,Murphy,dylan.murphy@outlook.com,+44 7830 404737,01 Aug 2025,2005-10-05,Manchester,M9 1NL,United Kingdom,FALSE
C1323,Dylan,Wood,dylan.wood@outlook.com,07868 482506,2024-12-13,1952-12-05,Belfast,BT6 5QL,UK,no
C5783,Isla,Khan,isla.khan@hotmail.co.uk,07500 809074,2024-10-21,1952-05-20,Leeds,LS4 2DZ,United Kingdom,no
C4308,George,Jenkins,george.jenkins89@yahoo.co.uk,07729 796188,2025-05-08,25.05.85,Sheffield,S9 7AA,United Kingdom,1
C2541,Grace,Morgan,grace.morgan@gmail.com,+44 7964 268053,"November 17, 2024",1993-06-16,Bangor,LL16 4DS,United Kingdom,N
C5871,Katarzyna,Murphy,katarzyna.murphy@btinternet.com,07184939129,2026-07-29,1992-01-10,Cardiff,CF16 3TT,United Kingdom,No
C1738,Aisha,Jones,aisha.jones79@yahoo.co.uk,+44 7878 163489,2024-05-03,1996-08-14,Swansea,SA4 5WU,Wales,y
C4272,Mohammed,Hall,mohammed.hall15@gmail.com,07369-489487,31 Aug 2025,1963-12-31,Bath,BA7 9BY,Great Britain,y
C5740,Tomasz,Khan,tomasz.khan81@outlook.com,0781164,2025-02-17,07-18-1980,Newport,NP4 8PS,UK,Y
C5627,Bethan,Robinson,bethan.robinson@btinternet.com,07174543770,2026-08-13,2002-02-03,Liverpool,L8 7ZA,United Kingdom,yes
C1683,Oliver,Taylor,oliver.taylor95@gmail.com,07721 566081,2023-08-04,1970-12-26,Aberystwyth,SY6 8AQ,GB,N
C6138,OLIVER,Walker,oliver.walker@gmail.com,07267210859,2023-07-29,1983-02-20,Bangor,LL1 8ZD,United Kingdom,y
C4238,Aisha,Price,aisha.price69@outlook.com,07458 794734,2025-07-26,15.05.81,Birmingham,B19 5ZE,United Kingdom,Yes
C4802,Isla,Ali,isla.ali49@btinternet.com,07412 092341,2024-10-28,23 Nov 1965,Birmingham,B3 1JJ,United Kingdom,Yes
C1874,Dylan,Taylor,dylan.taylor74@btinternet.com,07551177497,2024-01-05,1970-07-05,Bath,BA14 1JY,U.K.,y
C2823,George,Lewis,george.lewis32@btinternet.com,07707 677526,2025-09-06,2004-10-16,Bristol,,U.K.,no
C6013,ravi,Ali,RAVI.ALI79@HOTMAIL.CO.UK,07608 355798,2026-02-13,1995-11-16,Swansea,SA19 1LE,United Kingdom,No
C4724,Ava,Thomas,ava.thomas80@btinternet.com,+44 7234 991899,2023-08-17,2000-05-05,Swanzea,SA7 2UX,United Kingdom,Yes
C1557,Ivy,Davies,ivy.davies76@outlook.com,+44 7841 247600,2025-05-26,1955-09-23,Port Talbot,SA10 4TJ,UK,0
C5556,Gareth,Morgan,gareth.morgan71@icloud.com,07717 598080,08 Apr 2025,06-22-2005,London,E3 7SY,UK,y
C1380,Grace,Morgan,grace.morgan77hotmail.co.uk,07932 990488,2023-06-06,2001-01-10,Liverpool,L19 2AF,United Kingdom,yes
C4880,Seren,Green,seren.green91@yahoo.co.uk,+44 7969 308042,2024-09-13,09-04-1955,Bangor,LL3 2JU,england,y
C2750,Ella,Taylor,ella.taylor82@icloud.com,+44 7635 180212,2026-06-17,1974-08-05,Wrexham,ll125sd,United Kingdom,y
C6066,ravi,Patel, RAVI.PATEL42@HOTMAIL.CO.UK ,07295 336158,2025-07-03,09 Aug 1961,Aberystwyth,SY14 2NX,,N
C1762,Zainab,Hughes,zainab.hughes12@outlook.com,+44 7612 435875,2026-05-21,"June 02, 1970",Aberystwyth,SY17 5JG,United Kingdom,FALSE
C2616,Grace,Roberts,grace.roberts81@btinternet.com,07167886047,2023-09-04,1900-01-01,Birmingham,B7 5NF,United Kingdom,1
C6102,CALLUM,Singh,callum.singh62@outlook.com,07138 034629,2025-01-29,1968-02-18,Manchester,M3 6XG,United Kingdom,TRUE
C5156,Ella,Thompson,ella.thompson@outlook.com,07823 924834,18/10/2025,1974-12-16,Bristol,BS6 8TW,United Kingdom,y
C5749,Fiona,Hughes,fiona.hughes14@icloud.com,+44 7219 801973,2024-12-03,02 Aug 1951,Sheffield,S11 8FD,United Kingdom,yes
C3532,George,Nowak,george.nowak@btinternet.com,07479989379,2023-06-10,1981-10-04,Swansea,SA12 7FR,United Kingdom,1
C1739,Sean,Thompson,,07985-678811,25/04/2025,1963-07-09,Manchester,m49zj,United Kingdom,0
C6038,Megan ,Price,megan.price@yahoo.co.uk,07743 439976,01-29-2025,01-08-1953,Wrexham,LL11 4WD,UK,FALSE
C1041,Lily,Lewis,lily.lewis@yahoo.co.uk,,2024-04-20,24/06/1950,BIRMINGHAM,B11 8XU,U.K.,1
C1866,Connor,Edwards,connor.edwards71@btinternet.com,07122-206691,"January 03, 2026",2001-02-23,London,E10 3FB,United Kingdom,1
C4134,Cerys,Wood,cerys.wood74@btinternet.com,0717167,07-03-2023,1992-10-29,Sheffield,S20 3RN,UK,No
C5919,Tomasz,Thomas,tomasz.thomas93@hotmail.co.uk,07759-677790,2024-01-11,1971-09-18,Bath,BA18 1LZ,United Kingdom,FALSE
C5243,Tomasz,Lewis,tomasz.lewis@outlook.com,07635156791,TBC,1980-08-18,Glasgow,G16 1YF,United Kingdom,y
C1684,Ravi,Nowak,ravi.nowak@yahoo.co.uk,07459 127583,2026-03-30,02 Dec 1953,Sheffield,S2 4BR,United Kingdom,TRUE
C3623,Fiona,Khan,fiona.khan@yahoo.co.uk,07226 051577,2024-11-14,1982-11-12,CARDIFF,cf39sf,United Kingdom,0
C3743,Oliver,Wood,oliver.wood@btinternet.com,07709582553,2026-06-27,1956-09-10,Belfast,BT3 6WL,United Kingdom,Y
C2209,Lily,Patel,lily.patel85@icloud.com,07823 130234,2023-06-17,TBC,Sheffield,S1 9DS,United Kingdom,TRUE
C4818,Megan,Taylor,megan.taylor72@gmail.com,07817 295143,2026-07-06,1986-01-01,Nottingham,NG6 8DY,UK,no
C1735,Connor,Hughes,connor.hughes82@icloud.com,0724410,2023-12-18,1969-05-05,Exeter,EX11 9YP,UK,y
C2905,Ivy,Ali,ivy.ali82@icloud.com,07343 021525,2023-09-15,1995-03-07,Leeds,LS20 2EA,UK,no
C1960,Megan,Morgan,megan.morgan@icloud.com,07717 567993,18 Jul 2025,1994-01-12,Bangor,LL3 3AF,Great Britain,y
C1168,Ethan,Ali,ethan.ali@hotmail.co.uk,07162 880531,10-17-2023,1994-01-28,Belfast,BT12 3TJ,Great Britain,y
C5208,Aisha,Wood,aisha.wood83@btinternet.com,07370041829,2023-08-13,1977-06-30,edinburgh,EH18 4LZ,GB,FALSE
C1740,Connor,Edwards,connor.edwards@gmail.com,07371 015707,2024-10-18,1958-07-01,Cardiff,CF2 4RA,United Kingdom,TRUE
C2599,Chloe,Johnson,chloe.johnson44@yahoo.co.uk,07184 236063,2023-12-20,2004-03-01,Newport,NP17 4BX,United Kingdom,N
C1460,Rhys,Singh,rhys.singh@gmail.com,07827 850934,17 May 2025,1961-06-10,Sheffield,S18 9SG,UK,Yes
C4930,Ravi,Hall,ravi.hall@yahoo.co.uk,,2024-12-06,1956-04-21,Nottingham,NG14 8JD,UK,1
C1782,Aisha,Thompson,aisha.thompson64@hotmail.co.uk,,2024/07/26,1994-02-27,Glasgow,G18 8US,UK,Y
C2507,Megan,Walker,megan.walker78@outlook.com,07157989218,2024-06-05,,london,E9 8TL,United Kingdom,No
C3122,Leo,Smith,"leo.smith8@gmail,com",07958 664190,2024-05-05,1981-11-23,Bristol,BS8 1ND,Wales,Yes
C2801,Mohammed,Price,mohammed.price28@btinternet.com,+44 7466 422719,08-29-2026,1990-02-23,Glasgow,G1 4YE,United Kingdom,0
C5350,Leo,Hall,leo.hall@yahoo.co.uk,07437-426369,2023/07/05,1987-09-03,Wrexham,LL12 7EE,United Kingdom,0
C2715,Katarzyna,Davies,katarzyna.davies83outlook.com,07598 110132,2025-02-06,1983-11-20,Wrexham,LL1 8EW,United Kingdom,Yes
C5107,Harry,Davies,harry.davies@outlook.com,+44 7535 277324,2026-03-11,1996-12-14,Port Talbot,SA9 5TT,United Kingdom,No
C5206,Lily,Davies,lily.davies73@yahoo.co.uk,+44 7172 651806,2023-09-13,2031-04-12,Belfast,BT14 8ZN,Great Britain,
C4258,Zainab,Ali,zainab.ali@btinternet.com,+44 7419 764627,2024-08-21,1997-01-11,Glasgow,G19 1DU,United Kingdom,y
C5122,Ravi,Jenkins,ravi.jenkins81@outlook.com,07779 509260,"September 28, 2025",1962-04-21,Bath,BA6 7TB,Great Britain,Y
C1910,Ravi,Patel,ravi.patel71@hotmail.co.uk,,2026-01-07,24/03/1976,Aberystwyth,SY17 1YZ,GB,No
C1479,Dylan,Thomas,dylan.thomas60@hotmail.co.uk,07133698231,2025-09-01,1992-08-07,Bath,BA13 3PZ,United Kingdom,0
C1624,Mia,Patel,mia.patel20@gmail.com,,2025-09-28,"January 30, 1986",Liverpool,L19 4ST,GB,Y
C6124,sean,Patel,sean.patel94@gmail.com,,2024-06-10,14.08.56,Edinburgh,EH13 8PA,UK,FALSE
C1048,Bethan,Thomas,bethan.thomas@hotmail.co.uk,07434 508103,2024-04-11,TBC,Aberystwyth,SY7 6XT,UK,FALSE
C5377,Grace,Williams,grace.williams14@hotmail.co.uk,07194182351,2025-06-21,1956-04-27,Belfast,BT19 7ZZ,UK,N
C3422,Mia,O'Brien,mia.obrien62@outlook.com,07558 093599,2025-06-18,1988-09-03,Leeds,LS20 9DE,United Kingdom,yes
C3921,Ethan,Williams,,07325075478,2023-10-11,"October 18, 1965",Manchester,M15 1BX,United Kingdom,N
C4445,Dylan,Hughes,dylan.hughes99@hotmail.co.uk,+44 7379 498896,2026-06-10,1961-10-18,Sheffield,,United Kingdom,no
C2266,Ravi,Ali,ravi.ali93@outlook.com,07459004774,,1979-03-02,Newport,NP12 1EF,United Kingdom,Yes
C5033,Connor,Patel,connor.patel@outlook.com,+44 7263 578887,2024-03-30,1956-10-02,Sheffield,S5 6ZJ,United Kingdom,
C6166,connor,Taylor,"connor.taylor@icloud,com",07969 756819,2024-08-30,1954-04-30,Bristol,BS2 9UL,Wales,no
C5703,Megan,Patel,megan.patel@hotmail.co.uk,+44 7158 191856,2025-06-16,2003-07-30,Bath,BA9 2TD,UK,Y
C3107,Fiona,Evans,fiona.evans81@hotmail.co.uk,07809 222445,2023-11-15,"May 03, 1966",Bristol,BS5 3AB,UK,Y
C2032,Connor,Hughes,connor.hughes24@btinternet.com,07469-598103,"July 24, 2026",1977-05-29,Bangor,LL15 5QS,United Kingdom,no
C2707,Aisha,Jones,aisha.jones@yahoo.co.uk,07760 136809,11 Feb 2024,1969-07-02,Cardiff,CF10 5HN,United Kingdom,No
C1425,Owen,Price,owen.price72@btinternet.com,07869732981,2025-11-05,11/06/1977,Leeds,LS17 1DL,United Kingdom,No
C2425,Freya,Price,freya.price76@yahoo.co.uk,07826 937313,2024-03-19,1983-04-14,Leeds,LS14 7FP,,1
C3869,Priya,Roberts,priya.roberts@gmail.com,07592728154,2024-11-29,,Bangor,LL7 4HT,United Kingdom,0
C1637,Zainab,Roberts,zainab.roberts42@gmail.com,07907 522186,2024-02-06,"January 28, 1950",Bangor,LL19 3RQ,United Kingdom,TRUE
C2488,Niamh,Hall,niamh.hall@btinternet.com,07841051896,2025-06-21,1982-06-14,Bangor,LL11 7QB,UK,Yes
C1171,Owen,Edwards,owen.edwards@outlook.com,07504 522549,,1958-08-25,Liverpool,L14 1TB,United Kingdom,No
C2411,Amelia,Jones,amelia.jones35@yahoo.co.uk,07634211625,2026-09-25,04/05/1979,Sheffield,S19 1TF,Wales,TRUE
C1989,Aisha,Thomas,aisha.thomas44@icloud.com,07332543450,2024-07-31,1992-05-14,Newport,NP15 5BN,Wales,N
C3208,Amelia,McDonald,amelia.mcdonald96@yahoo.co.uk,07855 783413,"July 23, 2024",28/04/1971,Glasgow,G8 6XS,United Kingdom,Yes
C2467,Megan,Robinson,megan.robinson92@hotmail.co.uk,+44 7398 665352,2024-10-20,1997-03-31,Newport,NP13 2TU,United Kingdom,y
C2468,Lily,Jones,lily.jones@outlook.com,07730175380,26/02/2024,1954-06-26,Sheffield,S10 1DN,UK,
C5336,Connor,Hughes,connor.hughes30@outlook.com,07340325301,2024-11-28,1987-11-04,Cardiff,CF19 4YT,United Kingdom,0
C1630,Sean,Patel,sean.patel94@gmail.com,,2024-05-19,1956-08-14,Edinburgh,EH2 1PY,United Kingdom,1
C3284,Dylan,Ali,dylan.ali58@icloud.com,07298-599606,2026-02-21,1960-02-19,Wrexham,LL6 6RT,United Kingdom,Yes
C3006,Tomasz,Johnson,tomasz.johnson44@outlook.com,07207 756944,2024-01-16,1991-08-13,Edinburgh,EH6 7BD,england,0
C3386,Tomasz,Johnson,tomasz.johnson67@gmail.com,07353 395046,2023-06-17,1954-03-11,Sheffield,S3 1BS,United Kingdom,TRUE
C3309,Arthur,Johnson,arthur.johnson@icloud.com,07365-953143,2024-10-21,2031-04-12,Bath,BA10 2UH,GB,1
C3530,Liam,Thomas,liam.thomas@btinternet.com,07465162416,2024-07-09,1971-11-25,Glasgow,G4 8FG,United Kingdom,N
C1375,Freya,Johnson,freya.johnson98@hotmail.co.uk,07825707679,2025-06-15,1996-11-08,Newport,NP20 1DW,UK,no
C5455,Connor,Jenkins,connor.jenkins69@yahoo.co.uk,,2024-02-04,1976-09-29,Wrexham,LL15 6DW,UK,1
C1877,Grace,Nowak,grace.nowak32@hotmail.co.uk,07504-298066,2023-11-23,1991-09-11,Birmingham,B13 6XX,United Kingdom,yes
C4731,Arthur,Singh,arthur.singh25@yahoo.co.uk,07627 201768,2024-11-30,1900-01-01,Cardiff,CF8 3UA,Wales,Y
C2869,Chloe,Patel,chloe.patel39@gmail.com,07328 418770,2025-07-04,1964-07-16,Aberystwyth,SY9 1UG,Wales,no
C3323,Bethan,Evans,bethan.evans75@yahoo.co.uk,07773 051014,2026-09-24,1975-05-10,Port Talbot,SA5 7SD,UK,TRUE
C3480,Priya,McDonald,priya.mcdonald43@outlook.com,07555 417475,2025-07-14,1988-07-04,Newport,NP1 2JT,United Kingdom,no
C5768,Sophie,Nowak,sophie.nowak@icloud.com,07167 726358,2025-08-30,1966-05-30,Bristol,BS7 9RU,United Kingdom,No
C2917,Amelia,McDonald,amelia.mcdonald79@hotmail.co.uk,,2023-07-02,1989-07-11,Liverpool,l67px,United Kingdom,no
C2370,Isla,Jenkins,isla.jenkins69@yahoo.co.uk,07917986119,2024-01-30,1967-05-24,Bath,BA4 7DJ,,y
C4831,Dylan,Johnson,dylan.johnson@outlook.com,07177 084187,16.06.25,1969-03-03,Cardiff,CF4 6WY,Wales,No
C3029,Fiona,Price,fiona.price@outlook.com,07376 126926,2026-06-29,1971-02-24,Exeter,EX19 3ND,Wales,yes
C3291,Niamh,Edwards,niamh.edwards87@yahoo.co.uk,07660228244,2026-07-13,1996-07-26,Swansea,SA9 4AP,United Kingdom,N
C2167,Grace,McDonald,grace.mcdonald58@btinternet.com,0731224,2024-04-20,1988-09-21,Glasgow,G5 7YP,UK,1
C1296,Gareth,Price,gareth.price74@gmail.com,07301 300695,2023-11-20,1974-04-27,Liverpool,L1 9EF,United Kingdom,N
C6288,sophie,Thomas,SOPHIE.THOMAS83@YAHOO.CO.UK,07514 287851,2026-08-08,1975-10-01,Bristol,BS2 6HH,United Kingdom,TRUE
C5577,Isla,Evans,isla.evans92@yahoo.co.uk,07797 680513,2026-06-12,1960-12-14,Nottingham,NG3 3ZX,UK,no
C4678,Niamh,Evans,niamh.evans90@outlook.com,07206992740,2026-03-29,2002-03-01,Manchester,M6 7UH,United Kingdom,y
C2521,Bethan,Murphy,bethan.murphy@outlook.com,07488-000715,"April 06, 2025",1950/04/04,Birmingham,B4 5JP,UK,
C1668,Katarzyna,Singh,katarzyna.singh@icloud.com,07170285914,"January 02, 2025",2005-01-23,Belfast,BT6 1SH,United Kingdom,yes
C4505,Ethan,Singh,ethan.singh@icloud.com,07109717489,2025-12-27,"October 04, 1962",Belfast,BT18 7HH,UK,yes
C6277,SOPHIE,Williams,SOPHIE.WILLIAMS@BTINTERNET.COM,07750 149666,2025-07-19,"September 28, 1976",London,E10 4US,United Kingdom,No
C1169,Ella,McDonald,ella.mcdonald54@icloud.com,07238852141,2026-04-14,1960-10-05,Bristol,BS3 3PH,UK,No
C4685,Katarzyna,Murphy,katarzyna.murphy93@icloud.com,07574581963,2025-06-08,05.09.52,Exeter,EX15 1SA,United Kingdom,no
C1671,Cerys,Nowak,cerys.nowak13@btinternet.com,07532-376550,2025-12-03,1968-10-20,Port Talbot,SA15 8US,United Kingdom,yes
C2966,Sean,Ali,sean.ali@yahoo.co.uk,07762 396548,"November 26, 2025",10.10.93,Nottingham,NG15 1YZ,United Kingdom,y
C1353,Seren,Edwards,seren.edwards97@outlook.com,07235230393,24.03.25,1962-12-01,Wrexham,LL7 9LW,Wales,0
C5088,Callum,Evans,callum.evans92@yahoo.co.uk,07197708797,31 Jul 2026,1974-07-28,Newport,NP5 8HD,UK,
C6155,ella,Robinson,ELLA.ROBINSON89@ICLOUD.COM,07927455322,2024-11-20,1994-08-08,BIRMINGHAM,B16 7YW,United Kingdom,No
C5385,Oliver,Murphy,oliver.murphy@gmail.com,+44 7763 372808,06-07-2026,1952-05-23,Port Talbot,SA5 5HD,United Kingdom,
C5535,Gareth,Nowak,gareth.nowak@hotmail.co.uk,+44 7356 097671,2023-12-16,2005-10-08,Edinburgh,EH6 5ZG,United Kingdom,Y
C4434,Isla,Morgan,isla.morgan85@icloud.com,,"December 13, 2024",1976/04/23,Nottingham,NG3 8LG,United Kingdom,0
C4346,Zainab,Thomas,zainab.thomas@hotmail.co.uk,07956097528,2024-02-21,1998-01-25,Liverpool,L13 6QU,United Kingdom,TRUE
C6084,LILY,Taylor,lily.taylor87@gmail.com,07332 099710,2025-12-01,1976-12-25,Exeter,,Wales,Yes
C1691,Ivy,Edwards,ivy.edwards@hotmail.co.uk,+44 7750 576731,2025/07/18,1965-02-15,Cardiff,CF8 8BX,United Kingdom,No
C2509,Rhys,Green,rhys.green40@btinternet.com,07643 732549,18.11.24,1991-07-20,Manchester,M9 3XT,UK,Y
C5396,Seren,Jones,seren.jones83@hotmail.co.uk,07986 221866,13 Apr 2026,1976-06-17,Bristol,bs99ta,United Kingdom,no
C6087,AMELIA,Thomas,amelia.thomas@btinternet.com,07620 255838,2024-09-26,1965-11-14,Edinburgh,EH19 2NL,United Kingdom,0
C1326,Oliver,Price,oliver.price@yahoo.co.uk,07985 929176,2024-01-19,2004/04/07,Cardiff,CF19 4GT,United Kingdom,
C6240,freya,Ali,FREYA.ALI@HOTMAIL.CO.UK,07462743577,02-27-2025,N/A,Swansea,SA9 2RZ,United Kingdom,N
C4447,Mohammed,Griffiths,mohammed.griffiths@outlook.com,+44 7718 283511,,2002-06-18,Bath,ba204wj,UK,0
C4861,Katarzyna,Hughes,katarzyna.hughes@outlook.com,07700 037726,2026-06-18,1980-08-08,Edinburgh,EH6 2EN,United Kingdom,FALSE
C5126,Katarzyna,Green,katarzyna.green87@outlook.com,+44 7386 940855,"February 24, 2024",1971-08-26,Glasgow,G20 4BD,United Kingdom,FALSE
C4325,Owen,Wood,owen.wood@gmail.com,07362 638648,2024-07-09,1999-07-25,Bath,BA12 1BL,United Kingdom,Y
C5882,Zainab,Murphy,zainab.murphy94@gmail.com,,2025-06-18,1953-01-22,Glasgow,G6 4GH,Great Britain,y
C2587,Callum,Williams,callum.williams@hotmail.co.uk,07805 673031,2025-07-06,19/03/1982,Cardiff,cf137tl,United Kingdom,TRUE
C4944,Rhys,Patel,rhys.patel75@outlook.com,+44 7793 740641,2026-05-07,1973-09-17,Bangor,LL8 8PN,UK,FALSE
C5549,George,Smith,george.smith98@yahoo.co.uk,+44 7774 611280,2026-08-05,1973-05-28,Manchester,m207ss,UK,Y
C4247,Amelia,Khan,amelia.khan8gmail.com,07570027364,2023-09-26,2003-05-06,Exeter,EX7 3ZZ,United Kingdom,TRUE
C3736,Rhys,Hughes,rhys.hughes@outlook.com,07769 757299,2023-07-12,1993-02-22,Newport,NP7 5EJ,United Kingdom,Y
C4486,Ivy,Griffiths,ivy.griffiths90@btinternet.com,,2025-06-08,1989-10-18,Cardiff,CF5 2XA,United Kingdom,Yes
C2544,Leo,Roberts,leo.roberts94@hotmail.co.uk,07803 618748,2025-05-20,1952-06-14,London,e121xe,United Kingdom,Y
C2928,Rhys,Morgan,rhys.morgan11@hotmail.co.uk,07712 364901,10-05-2025,14/03/1973,Nottingham,NG4 4RF,United Kingdom,0
C3629,Arthur,Walker,arthur.walker96icloud.com,07194 645775,2023-10-01,1994-11-06,Exeter,EX12 2RS,United Kingdom,
C5498,Cerys,Nowak,cerys.nowak83@yahoo.co.uk,+44 7113 001743,2026-08-10,16 Jan 1965,Swansea,SA3 9FE,UK,0
C3968,George,Smith,george.smith76@gmail.com,07716223436,2024-09-30,1988-05-14,Edinburgh,EH9 3QD,United Kingdom,No
C2308,Callum,Price,callum.price91@icloud.com,07455433770,2026-09-26,1995-11-02,Bangor,LL12 2XW,United Kingdom,0
C3873,Priya,O'Brien,priya.obriengmail.com,07851770504,31/08/2026,1999-08-21,Sheffield,S17 5YT,UK,yes
C5277,Chloe,Murphy, chloe.murphy24@gmail.com ,07995-068553,30/07/2026,1989-06-13,Port Talbot,SA3 8QZ,United Kingdom,yes
C2158,George,Davies,george.davies54@btinternet.com,,2026-07-29,1976-09-21,Bath,BA6 5HF,GB,N
C3254,Ethan,Edwards,ethan.edwards99@hotmail.co.uk,07723 160789,06.01.24,1996-11-27,Bangor,LL10 8EE,UK,
C3055,Priya,Hughes, priya.hughes45@hotmail.co.uk ,+44 7552 355321,2025-09-07,1981-10-10,Newport,NP3 4YQ,U.K.,no
C5751,Bethan,Davies,bethan.davies71@yahoo.co.uk,07376 664018,2023/12/30,1990-12-23,London,E1 7SG,United Kingdom,FALSE
C3010,Ravi,Ali,ravi.ali79@hotmail.co.uk,07608 355798,2026-02-12,1995-11-16,Swansea,SA2 4LR,Great Britain,FALSE
C4927,George,Williams,george.williams96@hotmail.co.uk,07804 245013,"April 23, 2025",2005-06-24,Bangor,LL2 2WU,United Kingdom,y
C2700,Lily,Hughes,lily.hughes@gmail.com,+44 7693 489937,2023/08/01,1986-07-03,Belfast,BT13 7UH,United Kingdom,No
C1722,Freya,Hall,freya.hall83@outlook.com,07369693865,2024-12-25,1965-05-06,LONDON,E2 3ZN,UK,1
C6003,GEORGE,Khan,george.khan88@yahoo.co.uk,07525-142529,2024-09-25,1951-08-09,Bath,BA20 4SW,United Kingdom,N
C5704,Katarzyna,Green,katarzyna.green95@gmail.com,07895-757091,24/09/2023,01-08-1987,Bristol,,United Kingdom,FALSE
C5479,Rhys,Edwards,rhys.edwards@outlook.com,07344 928017,2026-02-22,1988-02-26,Swansea,SA19 9QX,United Kingdom,y
C3216,Liam,Ali,liam.ali52@yahoo.co.uk,07246 060611,2024-12-26,1998-07-21,Wrexham,LL7 2TX,United Kingdom,No
C5407,Freya,Morgan,freya.morgan87@yahoo.co.uk,07843430037,2023-06-05,1963-06-06,Wrexham,ll139uf,United Kingdom,TRUE
C5330,Fiona,Taylor,fiona.taylor91@outlook.com,07144 657202,08-18-2024,2002-02-01,,SA13 4JS,United Kingdom,y
C5538,Sophie,Johnson,sophie.johnson@hotmail.co.uk,07851-559251,2026-06-19,1967-08-02,Aberystwyth,SY18 9PP,United Kingdom,TRUE
C4553,Jack,Wood,jack.wood86@gmail.com,07119 386865,2023/07/11,1986-04-02,Nottingham,NG6 7GL,United Kingdom,N
C1039,Megan,Khan,megan.khan@btinternet.com,,28/08/2024,1985-10-20,Swansea,sa88ee,United Kingdom,yes
C5390,Amelia,O'Brien,amelia.obrien15@icloud.com,07884 633076,2023-11-23,1962-08-20,Wrexham,LL6 6PF,United Kingdom,no
C3566,Aisha,Murphy,aisha.murphy@icloud.com,07552 067430,2023-11-25,18.05.64,Port Talbot,SA9 6FZ,UK,
C3337,Leo,Nowak,leo.nowak76@yahoo.co.uk,07489 581826,2025/12/05,1958-08-09,Exeter,EX3 1YZ,United Kingdom,Y
C4526,Megan,Griffiths,megan.griffiths@hotmail.co.uk,07985 550282,2025-03-25,1985-01-16,Nottingham,NG12 3HU,Wales,yes
C4455,Owen,Singh,owen.singh73@yahoo.co.uk,07118 599286,2023-06-03,"June 14, 2004",Exeter,EX3 7FJ,United Kingdom,Yes
C3001,Sophie,Evans,sophie.evans77@outlook.com,+44 7599 671385,09 Mar 2024,1985-06-13,Cardiff,CF6 1RB,United Kingdom,FALSE
C2062,Isla,Davies,isla.davies@btinternet.com,07846884810,2024-04-04,1990-11-29,Birmingham,B15 2ZL,UK,FALSE
C5625,Mohammed,Davies,mohammed.davies@yahoo.co.uk,07324 212273,2025-02-14,"December 17, 1982",Bristol,BS12 9GF,UK,Y
C3426,Rhys,Williams,rhys.williams@outlook.com,07223 646457,2023-12-18,15/10/1990,Bath,ba125sp,United Kingdom,TRUE
C2393,Mia,Roberts,mia.roberts80@btinternet.com,07827 146137,2023-07-29,1997-06-24,Bangor,LL19 1ZG,United Kingdom,yes
C3320,Ravi,Green,ravi.green@outlook.com,07580017645,2024-02-13,01/04/1958,Aberystwyth,SY7 4TG,United Kingdom,No
C5788,Katarzyna,Griffiths,katarzyna.griffiths45@btinternet.com,07897 880064,2026-09-22,1965-04-08,Bangor,LL14 9UN,United Kingdom,1
C5789,Harry,Smith,harry.smith@btinternet.com,07513862935,2025-01-08,1996-04-30,Bristol,BS16 1QJ,UK,1
C1776,Priya,Hughes,priya.hughes75@hotmail.co.uk,07360-076209,2024-07-04,1951-08-28,Swansea,SA12 8US,UK,0
C5225,Katarzyna,Hall, katarzyna.hall91@hotmail.co.uk ,+44 7214 446068,2024-02-02,1975-07-13,Nottingham,NG19 8UZ,United Kingdom,Yes
C1217,Fiona,Singh, fiona.singh@gmail.com ,+44 7217 603488,2025-10-10,1955-08-03,Bangor,LL3 7WT,GB,Y
C6152,Dylan ,Morgan,dylan.morgan45@hotmail.co.uk,07553513519,2026-10-03,1973-04-07,Liverpool,L13 3YW,United Kingdom,No
C3436,Niamh,Hall,niamh.hall@icloud.com,07361 824369,2023-10-26,16.06.76,Swansea,SA3 9FS,United Kingdom,
C2356,Megan,Griffiths,megan.griffiths74@btinternet.com,07927 002335,06-23-2023,1989-05-27,Manchester,M13 4TG,United Kingdom,FALSE
C3110,Cerys,Singh,cerys.singh@icloud.com,07687 582565,2025-09-05,07-31-1991,Leeds,LS13 4AT,GB,1
C5808,Gareth,O'Brien,gareth.obrien@icloud.com,07430 003565,2025-02-13,2000-10-12,Leeds,LS15 9DT,United Kingdom,FALSE
C3049,Mia,McDonald,mia.mcdonald92@outlook.com,07345287792,2025-03-26,1957-07-03,Bath,BA6 5RD,,Yes
C5257,Lily,Edwards,lily.edwards64@outlook.com,07278403295,2026-07-11,1992-02-07,Bangor,LL20 3AX,Wales,yes
C3379,Aisha,Nowak,aisha.nowak@outlook.com,07523 413845,2024-02-05,1972-06-13,Sheffield,S15 6GW,GB,no
C4605,Ella,Johnson,ella.johnson97@hotmail.co.uk,+44 7895 424858,08-23-2024,1976-01-09,,s109ty,United Kingdom,Yes
C2052,Oliver,Patel,oliver.patel@gmail.com,,2026-05-07,1960-09-08,Newport,NP5 5AQ,Wales,y
C6162,Leo ,Singh,leo.singh23@outlook.com,07940457298,2025-02-15,1987-12-01,Birmingham,B8 7ST,United Kingdom,0
C5544,Zainab,Green,zainab.green@outlook.com,07136 298620,2023-07-14,23 Apr 1950,Manchester,M13 7LL,United Kingdom,y
C1154,Liam,Jones,liam.jones72@gmail.com,+44 7953 932613,2025-01-15,1974-10-02,Glasgow,g167fl,UK,Yes
C4249,Ethan,Singh,ethan.singh74@yahoo.co.uk,+44 7672 598809,2024-01-28,1982-06-07,Swansea,SA1 9NS,GB,yes
C4765,Mohammed,Green,mohammed.green@icloud.com,+44 7680 921275,2026/06/30,1969-08-10,Leeds,LS13 8UH,UK,Y
C3404,Connor,Wood,connor.wood@hotmail.co.uk,07569-701664,2026-09-01,1980-07-01,Exeter,EX14 7NZ,United Kingdom,yes
C6142,Owen ,Davies,owen.davies94@icloud.com,07336 462624,04-02-2026,1954-02-16,Wrexham,LL14 6US,United Kingdom,TRUE
C2152,Liam,McDonald,liam.mcdonald9@btinternet.com,07395276797,2026-06-21,,Nottingham,NG16 8YT,United Kingdom,1
C2045,Oliver,Griffiths,oliver.griffiths72@yahoo.co.uk,07835 571685,2023-08-31,1955-02-17,Edinburgh,eh144pn,United Kingdom,
C6157,CALLUM,Singh,CALLUM.SINGH22@HOTMAIL.CO.UK,07529 316999,2025-07-17,2003-12-29,Exeter,EX10 3JY,United Kingdom,Y
C2281,Chloe,O'Brien,chloe.obrien80@icloud.com,07700 265937,2023-09-18,1972-02-04,Bristol,BS2 6GR,UK,yes
C4550,Liam,McDonald,liam.mcdonald25@icloud.com,07830387124,2026-02-20,1998-04-26,Exeter,EX3 4YP,,FALSE
C5747,George,Price,george.price@hotmail.co.uk,,2025-06-03,1979-03-27,Aberystwyth,SY5 7XY,United Kingdom,
C1158,Arthur,Price,arthur.price35@yahoo.co.uk,,2024-02-19,1950/09/16,Aberystwyth,SY16 2BR,United Kingdom,0
C3305,Ethan,Khan,ethan.khan@outlook.com,+44 7292 017710,2026-07-06,1953-09-09,Cardiff,CF20 8PB,United Kingdom,N
C3424,Ella,Griffiths,ella.griffiths@hotmail.co.uk,07853 858702,2025-04-16,2001-03-29,Wrexham,LL12 2SF,,
C4633,Jack,Nowak,jack.nowak@hotmail.co.uk,07400799399,2026-04-18,1956-11-01,Manchester,M13 8DL,UK,TRUE
C2736,Lily,O'Brien,lily.obrien95@yahoo.co.uk,,2023-09-04,1983-01-31,Edinburgh,EH18 5SQ,UK,1
C4043,Harry,Roberts,harry.roberts78@outlook.com,+44 7338 626296,2026/01/06,1994-03-17,London,E13 2WZ,UK,1
C1852,Arthur,Johnson,arthur.johnson81@yahoo.co.uk,07956674293,27.02.24,1970-09-14,Glasgow,G12 2FE,UK,TRUE
C3954,Lily,Singh,lily.singh@btinternet.com,07823 454706,2026-05-24,1982-08-20,Liverpool,L12 2XJ,United Kingdom,Yes
C5289,Tomasz,Thompson,tomasz.thompson@yahoo.co.uk,07795438351,2026-06-27,1995-01-04,BIRMINGHAM,B10 7HG,United Kingdom,N
C1208,Jack,Williams,jack.williams82@yahoo.co.uk,07260 920714,"November 01, 2025",2002-12-14,London,E13 5TL,United Kingdom,N
C1406,Jack,Green,jack.green34@outlook.com,07596 005074,21 Jan 2025,1971-03-26,Belfast,BT16 3RZ,United Kingdom,Y
C2789,Isla,Smith,isla.smith76@hotmail.co.uk,07982609586,30/09/2023,"May 24, 1978",Port Talbot,SA2 3YS,GB,no
C2741,Mohammed,Hall,mohammed.hall82@btinternet.com,,2025-07-18,1996-06-24,Cardiff,CF15 9LW,U.K.,Yes
C4690,Tomasz,Hughes,tomasz.hughes65@outlook.com,07326 217398,"December 15, 2025",1974-01-30,Cardiff,cf112zz,United Kingdom,FALSE
C3019,Megan,Jones, megan.jones2@icloud.com ,07300 079939,2024-01-02,1957-04-07,Aberystwyth,sy21wd,United Kingdom,TRUE
C2164,Priya,McDonald,priya.mcdonald@btinternet.com,07539 312565,2024-09-19,2031-04-12,Newport,NP4 4GR,United Kingdom,Y
C6024,CALLUM,Murphy, callum.murphy72@gmail.com ,07961 486162,2023-08-21,1964-05-18,Bath,BA19 5NA,United Kingdom,1
C2922,Arthur,Williams,arthur.williams98@icloud.com,+44 7140 198741,2023-08-17,1953-12-27,Glasgow,g188zb,Great Britain,1
C5045,Seren,Evans,seren.evans70@icloud.com,07985 378735,"July 01, 2024",1966-04-08,Leeds,ls195xs,england,y
C3407,Seren,Morgan,seren.morgan20@gmail.com,07919 682929,2026-06-02,1981-08-02,,CF7 8TN,UK,0
C2480,Cerys,Smith,cerys.smith55@gmail.com,07133 156065,2025-07-12,1986-01-13,Bath,ba81ww,GB,TRUE
C2567,Gareth,Murphy,gareth.murphy@outlook.com,07902 387810,,1951-09-05,Glasgow,G3 8UL,Great Britain,FALSE
C4035,Ava,Murphy,ava.murphy70@hotmail.co.uk,07592 608684,2026-04-14,25 Apr 1966,Swansea,SA19 5ZB,United Kingdom,yes
C3035,Callum,McDonald,callum.mcdonald70@icloud.com,0783364,2026-04-16,1984-01-15,Sheffield,S1 3DB,United Kingdom,Y
C5529,Cerys,Griffiths,cerys.griffiths68@btinternet.com,07446024063,2025-01-19,1963-06-25,Exeter,EX14 6HS,U.K.,
C3388,Ravi,Morgan,ravi.morgan76@yahoo.co.uk,07292 944718,2026-01-30,1972-07-30,Cardiff,CF1 5JL,Wales,FALSE
C4028,Jack,Davies,jack.davies@icloud.com,07236703510,2026-06-11,,Nottingham,NG17 1GY,UK,no
C2652,George,Nowak,george.nowak@icloud.com,07839973024,2026-07-21,1972-09-29,Bangor,ll202na,U.K.,FALSE
C5041,Ravi,Smith,ravi.smith88@hotmail.co.uk,075151,2023-11-29,1966-12-26,Nottingham,NG17 9QL,United Kingdom,y
C1329,Ava,Jenkins,ava.jenkinsgmail.com,+44 7537 280806,2023-12-05,"November 30, 1963",Birmingham,B2 9QH,United Kingdom,y
C3400,Noah,Lewis,noah.lewis@hotmail.co.uk,,2023-07-06,1956-01-04,Bangor,LL12 7SU,United Kingdom,Y
C5946,Priya,Murphy,priya.murphy32@hotmail.co.uk,07645 709072,,1972-07-10,Cardif,CF14 4WA,United Kingdom,Yes
C1242,Ella,Patel,ella.patel89@yahoo.co.uk,07189 030765,2025-04-22,08-24-2002,Belfast,BT8 8TQ,Great Britain,0
C4763,Isla,Thompson,isla.thompson82@gmail.com,07429 081403,2024-08-11,1972-07-18,Birmingham,B8 9UA,United Kingdom,Y
C2436,Priya,Murphy,"priya.murphy@icloud,com",07186-494835,2026-02-17,2002-02-07,Aberystwyth,SY9 5WL,UK,
C1371,Seren,Thompson,seren.thompson52@icloud.com,07789 728468,"July 10, 2026",1977-06-30,Liverpool,L6 5ZA,United Kingdom,Y
C2821,George,McDonald,george.mcdonald72@yahoo.co.uk,07541129891,2024/05/15,1991-09-02,Birmingham,b52tl,england,No
C2332,Oliver,Jones,oliver.jones98@hotmail.co.uk,07699117963,2025-11-02,02/12/1970,London,E3 2ZD,Wales,no
C1335,Gareth,Walker,gareth.walker44@yahoo.co.uk,07300993544,2025-12-02,1989-12-08,London,E11 7LF,United Kingdom,N
C3734,Fiona,Thompson,fiona.thompson56@gmail.com,07799 292940,02 May 2026,2031-04-12,Birmingham,B8 7YR,UK,yes
C4502,Bethan,Lewis,bethan.lewis@outlook.com,07159407397,2024-03-06,1961-04-02,Liverpool,L14 1JQ,UK,
C2446,Zainab,Jenkins,zainab.jenkins@outlook.com,07944 444412,2025-06-01,0000-00-00,Exeter,EX16 5JF,GB,
C1086,Lily,Khan,lily.khan@yahoo.co.uk,07493 765711,"July 21, 2025",1969-08-10,Wrexham,LL5 8SF,United Kingdom,0
C2194,George,Green,george.green@gmail.com,07511002961,2026-05-25,1953-08-10,Sheffield,S3 1XH,UK,no
C1084,Fiona,Morgan,fiona.morgan61@btinternet.com,07807 254312,18/02/2025,1992-01-18,London,E9 9XA,GB,no
C6303,Bethan ,Ali,bethan.ali@gmail.com,07265 086587,2024-07-11,1958-03-03,Birmingham,b18jd,GB,Yes
C2941,Ella,Thomas,ella.thomas75@yahoo.co.uk,+44 7914 912203,2023-12-18,1995-10-27,,EX20 7NT,UK,TRUE
C5131,Niamh,Singh,niamh.singh@icloud.com,07967 751118,2024-11-09,1979-10-29,Nottingham,NG19 7ZY,United Kingdom,No
C2295,Callum,Murphy,callum.murphy72@gmail.com,07961 486162,2023-08-06,1964-05-18,Bath,BA2 6FW,United Kingdom,TRUE
C3014,Mohammed,Lewis,mohammed.lewis88@btinternet.com,+44 7208 363119,2026-05-11,1984-08-18,Leeds,LS1 2WQ,United Kingdom,no
C1629,Aisha,Davies,aisha.davies98@icloud.com,07714 605575,2023/12/15,1981-08-19,Glasgow,G17 2WH,United Kingdom,yes
C5525,Cerys,Davies,cerys.davies73@hotmail.co.uk,,2025-11-30,1967-12-16,Bristol,BS11 6NX,United Kingdom,1
C5629,Grace,Ali,grace.ali22@hotmail.co.uk,0718300,2024-10-10,1950-05-13,Glasgow,G3 1TT,UK,No
C4686,Gareth,Davies,"gareth.davies@outlook,com",07914 691923,2023-11-13,05/03/1975,Manchester,,United Kingdom,No
C5585,Grace,Murphy,grace.murphy@outlook.com,07649418246,2026-07-25,1967-07-08,Wrexham,LL4 6ZZ,U.K.,0
C2039,Seren,Jenkins,seren.jenkins89@hotmail.co.uk,07160 910598,2026-05-26,1950-04-13,Glasgow,g157gp,United Kingdom,yes
C3346,Arthur,Johnson,arthur.johnson@yahoo.co.uk,07249111814,2024-11-10,1987-09-22,Wrexham,LL13 4FW,U.K.,N
C3200,Megan,Davies,megan.davies96@btinternet.com,+44 7333 710427,2025/01/22,1977-03-30,Aberystwyth,SY12 6HQ,United Kingdom,Yes
C4263,Sean,Jenkins,sean.jenkins63@yahoo.co.uk,07163 062726,01/01/2025,08-04-1981,Glasgow,G1 4SH,United Kingdom,y
C4396,Freya,Davies,freya.davies78@gmail.com,07462 949541,2025-12-13,1985-06-06,Glasgow,G3 9HB,United Kingdom,No
C2771,Fiona,Johnson,fiona.johnson89@btinternet.com,+44 7449 199603,30.06.25,1985/10/17,Bangor,LL14 8XF,United Kingdom,0
C5071,Jack,Thompson,jack.thompson@icloud.com,07482 631052,2025-08-23,unknown,Manchestor,m176fa,United Kingdom,0
C3277,Niamh,Roberts,niamh.roberts27@yahoo.co.uk,07677 492560,2025/04/14,2000-06-06,Exeter,EX16 6HZ,U.K.,
C2368,Ava,Walker,ava.walker@btinternet.com,0750538,2023-06-30,1994-07-11,Manchester,M15 6NL,UK,No
C5569,Jack,Williams,jack.williams47@outlook.com,07477-708536,2025-06-19,1970-07-15,Leeds,LS10 1LS,GB,Yes
C3414,Leo,Price,leo.price@yahoo.co.uk,,2023/08/22,14 May 1991,Bangor,LL7 5QD,United Kingdom,y
C3950,Sean,Walker,sean.walker97hotmail.co.uk,,2024-05-23,1966-02-02,Cardiff,CF12 7TE,Wales,FALSE
C3398,Tomasz,Thompson,tomasz.thompson@outlook.com,,2026-05-31,08 Nov 1972,Exeter,EX6 4NL,United Kingdom,Yes
C3329,Mohammed,Evans,mohammed.evans87@hotmail.co.uk,+44 7867 284480,2025-11-16,1961-04-26,London,E6 6FF,UK,0
C5735,Tomasz,Lewis,tomasz.lewis@hotmail.co.uk,07260947568,2026-09-14,28/02/1954,Aberystwyth,SY12 5DY,GB,FALSE
C3911,Seren,Jenkins,seren.jenkins69@icloud.com,,2026-07-19,1964-05-27,Edinburgh,EH3 5QR,UK,Yes
C4195,Priya,Edwards,priya.edwards24@icloud.com,0728262,2024-06-22,1972-12-15,Leeds,ls94nr,United Kingdom,No
C5213,Bethan,Robinson,bethan.robinson@btinternet.com,07217 524310,03-09-2025,1977-10-17,Newport,NP11 2DY,United Kingdom,N
C1887,Sean,Jenkins,sean.jenkins@gmail.com,07730 789230,2024-03-23,1980-11-29,Edinburgh,EH13 4PL,UK,TRUE
C1760,Jack,Hughes,jack.hughes47@icloud.com,07570 858804,2026-06-28,1954-02-16,Bristol,BS12 7NF,United Kingdom,no
C3802,Ella,Morgan,ella.morgan@gmail.com,07469 967976,2025-06-03,1992-11-12,Liverpool,L11 1NY,United Kingdom,FALSE
C2877,George,Smith,george.smith48@icloud.com,+44 7824 606861,2023-11-19,1971-12-12,Manchester,,GB,TRUE
C5978,Megan,Evans,megan.evans@gmail.com,07154 528720,2026-08-25,1900-01-01,Newport,NP8 1JE,UK,y
C1091,Niamh,Taylor,,07961995351,2026-06-30,23.11.91,Exeter,EX14 9TZ,United Kingdom,Y
C5352,Amelia,Khan,amelia.khan@hotmail.co.uk,07602 437053,2024-02-18,1962-11-21,Nottingham,NG4 7QP,United Kingdom,0
C5967,Niamh,Evans,niamh.evans94@outlook.com,+44 7718 903666,2026/02/01,1957-08-01,Sheffield,S9 7TQ,United Kingdom,TRUE
C2317,Megan,Green,megan.green99@btinternet.com,07531 757600,2024-10-03,2004-04-02,Leeds,LS6 2EF,United Kingdom,N
C1653,Sophie,Hughes,sophie.hughes@icloud.com,07100 925489,2025-01-04,1974-05-08,Bangor,LL7 1SN,UK,yes
C2937,Sophie,Lewis,sophie.lewis@gmail.com,07270 939040,2026/04/19,12/04/1983,Newport,NP16 2WN,UK,y
C6188,CONNOR,Singh, CONNOR.SINGH83@BTINTERNET.COM ,07158 241520,2024-04-30,1987-11-30,Birmingham,B3 2ES,United Kingdom,yes
C6311,NIAMH,Jones,niamh.jones60@btinternet.com,07642 050123,09.09.23,1984-11-11,Birmingham,B2 5ZQ,United Kingdom,0
C6307,SEAN,Price,sean.price76@btinternet.com,07868 340921,2026-05-16,1955-03-04,Wrexham,LL5 1HN,UK,Yes
C1001,Connor,Edwards,connor.edwards@icloud.com,07213-301193,2026-09-14,1900-01-01,Nottingham,NG7 5XF,GB,TRUE
C4117,Priya,Patel,priya.patel96@icloud.com,07743540885,2024-09-01,1956-04-02,London,E1 7PB,United Kingdom,TRUE
C3061,Megan,Wood,megan.wood81@yahoo.co.uk,07950911112,2023-10-28,1970-01-24,Leeds,LS11 2JU,United Kingdom,yes
C1160,Noah,O'Brien,noah.obrien3@gmail.com,07707 989641,2024-02-24,1951-08-03,Liverpool,L15 6AG,United Kingdom,no
C3446,Tomasz,Williams,tomasz.williams@outlook.com,07810 762049,2023-11-14,1953-12-18,,BA1 4FX,United Kingdom,Y
C3276,Oliver,Price,oliver.price@outlook.com,07361 821416,2026-07-11,,Birmingham,B11 3YS,United Kingdom,FALSE
C2847,Aisha,Walker, aisha.walker@btinternet.com ,07248 575631,2026-06-02,1967/07/28,manchester,M13 8GN,United Kingdom,yes
C5785,Mia,Lewis,mia.lewis@gmail.com,+44 7649 604079,2023-07-27,2003-06-25,Exeter,EX17 4FR,United Kingdom,N
C4241,Dylan,Khan,dylan.khan72@gmail.com,07826 538297,2025-07-13,1953-12-08,Exeter,EX19 8TZ,Wales,no
C6257,JACK,Wood,JACK.WOOD39@ICLOUD.COM,07989 472524,2023-08-24,1968-05-02,cardiff,,UK,yes
C5251,Callum,Lewis,callum.lewis@gmail.com,07187 843626,2025-09-22,05/07/1985,Aberystwyth,SY12 5PB,United Kingdom,Y
C3681,Dylan,Patel,dylan.patel@hotmail.co.uk,07604 689963,09 Mar 2024,1984-08-10,Aberystwyth,sy191bd,Wales,y
C4288,Katarzyna,O'Brien,katarzyna.obrien94@outlook.com,07811 896445,"August 21, 2024",1989-11-07,London,E6 8PB,United Kingdom,Yes
C3278,Ella,Patel,ella.patel58@btinternet.com,07444 994433,2023-08-10,1980-02-15,Wrexham,LL3 8ER,United Kingdom,no
C5650,Callum,Khan,callum.khan@outlook.com,07957 949902,2024-01-30,22.10.92,Bangor,LL10 4WH,United Kingdom,TRUE
C2159,Fiona,Price,fiona.price44@outlook.com,07753-726575,2024-08-31,1964-09-05,Sheffield,S1 7HS,United Kingdom,yes
C3616,Owen,McDonald,owen.mcdonald@icloud.com,0744445,2023-09-02,1994-10-16,,BT9 1TZ,United Kingdom,No
C5799,Fiona,Edwards,fiona.edwards92@hotmail.co.uk,+44 7698 244086,"August 26, 2023",1996-02-03,Bangor,LL6 8PN,UK,N
C3058,Oliver,Green,oliver.green73@btinternet.com,07931715368,22.10.23,1992-03-13,Bristol,BS6 3EE,United Kingdom,y
C3827,Lily,Walker,lily.walker88@gmail.com,07353-131477,2024-08-22,1993-02-17,Cardiff,CF2 7EE,Wales,No
C5533,Noah,Edwards,noah.edwards6@hotmail.co.uk,+44 7964 574606,2025-02-18,1953-12-06,Port Talbot,sa123qt,United Kingdom,Y
C2530,Harry,Green,harry.green96@icloud.com,07132 553034,2026-09-18,1971-12-17,Bristol,BS19 3LD,United Kingdom,1
C1633,Noah,Robinson,noah.robinson95@outlook.com,+44 7674 828540,2024-10-18,"October 03, 1971",Liverpool,L18 4DN,United Kingdom,
C2086,Owen,Davies,owen.davies74@btinternet.com,07301853458,2024-02-28,1965-06-22,Liverpool,L18 5UH,UK,y
C2784,Jack,Walker,jack.walker@gmail.com,07741 102197,2025-02-08,1967-02-25,Bangor,LL1 8QN,UK,0
C4256,Harry,Taylor,harry.taylor94@outlook.com,+44 7533 042140,12.05.24,1983-06-12,Liverpool,L16 7NY,U.K.,
C4271,Arthur,Green,arthur.green71@hotmail.co.uk,07298 778147,2026-07-22,1992-07-16,,BS17 3GZ,United Kingdom,no
C5453,Leo,Roberts,leo.roberts4outlook.com,07153 711735,2024/02/27,1974-10-29,Newport,NP17 8AW,United Kingdom,0
C5836,George,McDonald,george.mcdonald8@btinternet.com,07366 313960,2025-08-21,1959-04-10,Birmingham,B2 8TQ,United Kingdom,FALSE
C3920,George,Nowak,george.nowak85@yahoo.co.uk,+44 7713 025207,2023-10-24,1950-12-13,,G2 6UB,GB,1
C5505,Rhys,Walker,rhys.walker22@outlook.com,07889 288206,25 Dec 2023,08-24-1958,Exeter,EX15 2FP,United Kingdom,1
C5697,Ava,Khan,ava.khan7@outlook.com,07811 877378,13.08.25,1953-08-21,London,,U.K.,TRUE
C2477,Sean,Hughes,sean.hughes40@yahoo.co.uk,07336 091446,2025-03-18,1993-08-09,Belfast,BT19 6LW,United Kingdom,Y
C5233,Niamh,Davies,niamh.davies50@yahoo.co.uk,+44 7103 404212,2024-01-10,2005-05-04,Exeter,EX9 1AB,United Kingdom,Y
C2714,Mohammed,Davies,mohammed.davies@yahoo.co.uk,07524 853356,2025-10-16,1900-01-01,Sheffield,S4 9NW,U.K.,no
C3172,Gareth,O'Brien,gareth.obrien83@gmail.com,+44 7722 093931,2024-12-09,1994-06-24,London,E12 1DQ,GB,y
C4695,Oliver,Morgan,oliver.morgan63@gmail.com,07198337291,06-16-2026,1979-07-02,Manchester,M17 8HX,United Kingdom,0
C4626,Sophie,Nowak,sophie.nowak@gmail.com,07382 743822,2026-02-16,28/04/1959,Bristol,BS4 6ZQ,Wales,FALSE
C6085,LILY,Ali,lily.ali76@gmail.com,07643 014729,2024-04-23,1955-07-06,Leeds,LS19 3BH,UK,N
C5360,Callum,Taylor,callum.taylor@outlook.com,07757-899875,2024-10-15,1991-02-27,Port Talbot,,UK,Y
C2862,Leo,Evans,leo.evans81@hotmail.co.uk,07768357875,2023-08-20,1999-11-02,Leeds,LS8 1NX,UK,N
C1599,Callum,Morgan,callum.morgan@hotmail.co.uk,07835432112,2025-09-19,1960-10-25,Birmingham,B6 8HG,United Kingdom,Yes
C3913,Ella,Khan,ella.khan@icloud.com,,06-19-2024,19.04.62,Swansea,SA1 2HR,United Kingdom,
C1538,Niamh,Roberts,niamh.roberts96@btinternet.com,07103 154808,17 Dec 2024,06-19-1983,Liverpool,L6 1ZJ,United Kingdom,FALSE
C4653,Ethan,Hall,ethan.hall54@hotmail.co.uk,07619 291207,2026-09-21,1962-11-01,Belfast,BT6 1HB,england,Yes
C2672,Freya,Jenkins,freya.jenkins98@yahoo.co.uk,07331 551872,2025-10-09,1968-06-07,Nottingham,NG16 6ZQ,United Kingdom,0
C3460,Lily,Green,lily.green98@yahoo.co.uk,07586 825350,2024-08-13,1972-07-24,Nottingham,NG14 2XR,United Kingdom,Y
C3268,Freya,Johnson,freya.johnson74@outlook.com,07871 146858,2024-04-04,1981-12-04,Manchester,M7 8PP,United Kingdom,1
C2132,Grace,Ali,grace.ali76@gmail.com,+44 7605 210526,05 Dec 2025,,Edinburgh,EH13 8ZU,U.K.,TRUE
C2743,Liam,Griffiths,liam.griffiths96@outlook.com,07693 723863,2024-02-26,1972-12-20,BIRMINGHAM,B11 7RX,United Kingdom,Yes
C1761,Lily,Green,lily.green77@btinternet.com,07352 205897,2026-07-29,1987-05-07,London,E10 7YY,United Kingdom,1
C3105,Callum,Walker,callum.walker92@outlook.com,07291 689515,2026-06-12,,Edinburgh,EH6 9XT,Wales,TRUE
C1872,Dylan,Khan,dylan.khan21@btinternet.com,07273069341,2024-04-23,1975-07-08,Port Talbot,SA1 2TE,United Kingdom,Y
C1122,Lily,Lewis,,07668 639209,2026-05-08,1953-01-20,Leeds,LS8 3PS,United Kingdom,N
C1194,Ravi,Griffiths,ravi.griffiths44@icloud.com,07473994562,2025-06-10,1985-05-10,Swansea,SA13 8ZY,United Kingdom,1
C2947,Katarzyna,Jones,katarzyna.jones29@btinternet.com,0749652,"July 03, 2025",16.05.83,Bath,ba24js,United Kingdom,TRUE
C5989,Ava,Taylor,ava.taylor84@gmail.com,07660 093812,2026-09-26,1971-12-29,London,E18 9EQ,UK,y
C1230,Seren,Williams,seren.williams@btinternet.com,07146-956488,,1972-09-07,Belfast,bt196xn,United Kingdom,y
C1837,Tomasz,Roberts,tomasz.roberts97gmail.com,+44 7953 657493,07-07-2024,1988-01-23,Leeds,LS18 4AP,United Kingdom,TRUE
C3948,Sean,Evans,sean.evans@yahoo.co.uk,07212-784185,08-20-2024,2000-01-13,Wrexham,LL1 2UL,United Kingdom,0
C3312,Jack,Griffiths,jack.griffiths@hotmail.co.uk,07871363188,2023-12-13,1900-01-01,Sheffield,s171wz,United Kingdom,y
C5672,Isla,Davies,isla.davies6@hotmail.co.uk,0754694,08.01.24,18/10/1994,Glasgow,G10 4BT,United Kingdom,Yes
C4805,Mia,Johnson,mia.johnson@icloud.com,0744400,2025/07/17,1955-04-23,Wrexham,LL2 2SL,United Kingdom,Yes
C2960,Connor,Roberts,connor.roberts81@hotmail.co.uk,,26 Apr 2025,01.08.85,Sheffield,S12 2NH,GB,Yes
C4435,Mia,Price,,07842 296342,2025-04-27,1985-11-25,Swansea,SA20 3BJ,United Kingdom,TRUE
C4757,Ella,Robinson,ella.robinson89@outlook.com,07408 418809,2025-06-08,1963-12-04,Liverpool,,UK,yes
C6245,FIONA,Lewis,fiona.lewis35@outlook.com,+44 7656 461083,2025-08-26,"May 05, 1993",Nottingham,NG8 6GE,United Kingdom,Yes
C5410,Aisha,Evans,aisha.evans@hotmail.co.uk,07710 643562,2023/12/07,1970-04-26,Newport,NP1 4BA,United Kingdom,Yes
C2135,Zainab,Thomas,zainab.thomas11@gmail.com,+44 7271 466328,2025/06/17,1957-02-24,,BT11 7GR,United Kingdom,N
C2647,Seren,Jones,seren.jones94@icloud.com,+44 7929 584469,2024-01-27,1960-07-31,London,E15 2JQ,United Kingdom,y
C1659,George,Khan,george.khan@gmail.com,07525140417,2025-07-27,19.12.72,Wrexham,LL16 8AR,england,FALSE
C4599,Amelia,Lewis,amelia.lewis10@btinternet.com,07585130748,2025-02-11,1973-01-10,,L10 6HX,United Kingdom,1
C4530,Owen,Smith,owen.smith@gmail.com,07704 603308,16.04.25,16/04/1994,Aberystwyth,SY1 6SN,United Kingdom,0
C5411,Cerys,Thomas,cerys.thomas96@yahoo.co.uk,07361 079619,2023-08-30,1950-04-18,Bristol,BS11 1BT,United Kingdom,no
C1047,Ivy,Evans,ivy.evans91@btinternet.com,07962 392751,2024-01-25,1950-03-07,Cardiff,CF17 1AP,United Kingdom,
C1642,Harry,McDonald,harry.mcdonald15@icloud.com,07564 575964,2025-12-27,1966-09-05,Belfast,BT4 9ZA,United Kingdom,Y
C3285,Connor,Evans,connor.evans@gmail.com,07815947840,20 Jul 2026,"December 10, 1990",Bristol,bs153te,UK,Yes
C3967,Harry,Robinson,harry.robinson47@gmail.com,,09-22-2023,1992-02-07,Belfast,BT3 5GY,U.K.,FALSE
C1517,Aisha,Davies,aisha.davies5@outlook.com,07750 270007,N/A,1984-07-01,Bristol,BS15 6BF,United Kingdom,FALSE
C1034,Noah,Davies,noah.davies90@outlook.com,07534 606210,2025-05-26,1952-08-01,Belfast,bt62fa,UK,N
C3935,Harry,Johnson,harry.johnson73@hotmail.co.uk,+44 7739 882988,10.10.25,1983-12-08,Port Talbot,SA8 7YU,GB,0
C2491,Ravi,Taylor,ravi.taylor@outlook.com,+44 7992 284077,2025-03-15,1987-06-07,Edinburgh,eh142xu,UK,N
C1614,Leo,Thompson,leo.thompson@yahoo.co.uk,07846-377379,06 Jan 2026,"February 14, 1977",London,E11 5UU,Great Britain,N
C4062,Ravi,Smith,ravi.smith@gmail.com,+44 7921 828051,07-02-2026,2031-04-12,London,E17 3FG,United Kingdom,Y
C6248,chloe,Lewis,chloe.lewis84@gmail.com,,2026-09-11,1994-11-07,Sheffield,S18 9QP,UK,0
C6172,Seren ,Hughes,seren.hughes70@gmail.com,07793 754868,2026-05-07,04-12-1988,Birmingham,B11 7WR,United Kingdom,yes
C3218,Lily,Edwards,lily.edwards81@yahoo.co.uk,+44 7818 405822,30/03/2024,03/01/2005,Liverpool,L19 1FG,United Kingdom,yes
C3198,Aisha,Nowak,aisha.nowak70@gmail.com,07596 738522,08/02/2024,1999-04-26,Bangor,ll76lw,United Kingdom,TRUE
C3859,Priya,Hall,priya.hall74@icloud.com,07868 885309,2026-03-20,05-17-1976,Cardiff,CF9 6WA,GB,0
C1854,Dylan,Nowak,dylan.nowak73@icloud.com,+44 7752 483215,2025-01-02,1983/03/22,Exeter,EX16 4NA,UK,Yes
C2140,Ava,Evans,ava.evans87@outlook.com,07154904855,2025-01-15,06 Feb 1963,Glasgow,,GB,Yes
C3391,Gareth,Nowak,gareth.nowak@icloud.com,07830 326820,2024-06-28,1999-08-12,Edinburgh,EH12 6DZ,england,N
C5001,Chloe,Hall,chloe.hall@btinternet.com,07145-814716,2024-02-04,,Aberystwyth,SY15 7GE,UK,yes
C2319,Cerys,Thompson,cerys.thompson@outlook.com,07453088232,08 Jul 2023,1962-07-07,Port Talbot,SA4 9WS,UK,FALSE
C5903,Owen,Williams,owen.williams83@hotmail.co.uk,07562 609159,05/08/2026,1988-12-06,Aberystwyth,SY5 7QF,Wales,yes
C3173,Leo,Davies, leo.davies74@hotmail.co.uk ,07568 166387,2026-05-07,1962-07-26,Belfast,bt57zb,United Kingdom,no
C2043,Arthur,Patel,arthur.patel@yahoo.co.uk,07678817241,2023-09-20,1966-02-15,Swansea,SA5 1XW,United Kingdom,
C3135,Mohammed,Hughes,mohammed.hughes88@gmail.com,07618536477,09 Oct 2025,1996-01-22,Glasgow,G18 2FH,UK,No
C5426,Chloe,Walker,chloe.walker61@icloud.com,0767428,2026-09-14,1991-12-15,Bath,BA14 6YQ,Wales,1
C6168,Amelia ,Jones,amelia.jones42yahoo.co.uk,07613 386934,2024-03-31,1951-05-31,Sheffield,S7 8DW,United Kingdom,y
C2450,Lily,Johnson,lily.johnson@icloud.com,07301-221511,2025-11-06,unknown,Liverpool,L18 7TH,Great Britain,y
C1261,Mohammed,Hall,mohammed.hall98@gmail.com,+44 7146 795261,2024-05-05,16.08.91,Birmingham,B18 1AW,UK,
C3261,Fiona,Walker,fiona.walker13@yahoo.co.uk,+44 7924 771183,2024-12-08,20 May 2003,Liverpool,L6 5QR,UK,no
C2644,Sean,Evans,sean.evans39@yahoo.co.uk,07796 400059,2026-01-28,1987-03-13,Swansea,SA3 4QA,United Kingdom,y
C4231,Grace,O'Brien,grace.obrien76@btinternet.com,07903 435663,2024-08-25,1954/03/18,Wrexham,LL13 1HX,United Kingdom,N
C4962,Arthur,Thomas,arthur.thomas@icloud.com,0794254,2023-10-28,1952-06-16,Wrexham,LL7 3NX,United Kingdom,y
C4736,Connor,Jones,"connor.jones99@hotmail.co,uk",07164 782931,21/06/2025,,Birmingham,B13 7UY,GB,
C5601,Mia,O'Brien,mia.obrien@gmail.com,07171 261275,2026-04-16,1981-09-10,Leeds,ls146lw,United Kingdom,N
C2165,Tomasz,Jones,tomasz.jones85@btinternet.com,07705-266799,2025/03/28,1981-05-25,Bangor,LL16 9RD,United Kingdom,yes
C6208,GEORGE,Thompson,GEORGE.THOMPSON95@OUTLOOK.COM,07475869500,26.02.26,2000-11-22,Bristol,bs53qw,United Kingdom,y
C2891,Ella,Thomas,ella.thomas@btinternet.com,07284-541612,2026-05-13,"March 11, 1974",Belfast,BT7 8JA,GB,y
C4234,Priya,Khan,priya.khan@btinternet.com,07874 738241,08/01/2025,1998-08-21,Aberystwyth,SY14 4DQ,United Kingdom,N
C3416,Harry,Jenkins,harry.jenkins6@hotmail.co.uk,07906 841033,16 Jan 2025,1989-03-05,Nottingham,NG15 8PU,United Kingdom,N
C5009,Aisha,Wood,aisha.wood98@btinternet.com,+44 7984 308863,2025-10-30,1954-06-20,Aberystwyth,SY7 4RT,U.K.,y
C4936,Jack,Williams,jack.williams81@outlook.com,07475 193946,2024-09-27,2003-01-19,Birmingam,B6 1UE,UK,1
C1481,Oliver,Thomas,oliver.thomas78@yahoo.co.uk,07566 870806,"March 04, 2026",1967-07-28,Wrexham,LL12 6WL,United Kingdom,y
C3177,Seren,Khan,seren.khan91@hotmail.co.uk,07259209611,2026-05-18,23.03.86,Port Talbot,SA2 8JD,United Kingdom,TRUE
C2852,Katarzyna,McDonald,katarzyna.mcdonald75@icloud.com,07922938297,2024-04-22,1981-03-04,,l154ay,United Kingdom,no
C3662,Megan,Jones,megan.jones@icloud.com,07486228832,2024-08-25,1994-09-22,Manchester,M3 1ED,United Kingdom,
C2803,Mia,Williams,mia.williams89@icloud.com,07948 818626,2024-11-11,06.09.71,Manchester,M1 6UG,U.K.,Y
C3144,Isla,Robinson,isla.robinson@hotmail.co.uk,07295 253234,2025-01-21,1976-10-29,Bangor,LL13 4RU,U.K.,0
C2824,Bethan,Patel,bethan.patel9@yahoo.co.uk,+44 7928 650277,06-16-2023,1956-10-13,Swansea,SA4 1BH,United Kingdom,No
C1292,Sophie,Walker,sophie.walker89@icloud.com,07809874416,2024/10/30,1993-10-11,Swansea,SA2 3XL,United Kingdom,0
C3016,Chloe,Jenkins,chloe.jenkinsicloud.com,07710813283,2024-11-19,2005-11-12,Sheffield,s34qj,UK,Yes
C2556,Leo,Thomas, leo.thomas69@gmail.com ,07984529572,07-22-2026,1999-02-18,Glasgow,G15 1WY,UK,
C5404,Oliver,Nowak,oliver.nowak@btinternet.com,07771 939603,2024-09-10,1957-08-22,Wrexham,ll101ly,United Kingdom,N
C5167,Oliver,Lewis,oliver.lewis4@hotmail.co.uk,+44 7140 364734,2025-09-21,2004/03/03,Edinburgh,EH16 8QQ,Wales,0
C3711,Connor,Jones,connor.jones78@btinternet.com,07509 849229,2025-04-16,25 Jan 2001,Nottingham,NG9 8QA,United Kingdom,N
C5839,Aisha,Walker,aisha.walker29@outlook.com,,2025-09-15,"May 12, 1975",Sheffield,S14 2LN,Great Britain,TRUE
C1210,Mohammed,McDonald,mohammed.mcdonald93@outlook.com,07730 189822,2024/02/16,1963-05-29,Cardiff,cf152gn,United Kingdom,No
C5684,Ella,Hall,ella.hall84yahoo.co.uk,+44 7711 551806,2024-03-20,1960-12-17,Londn,E4 2TN,UK,0
C3364,Mia,Robinson,mia.robinson87@yahoo.co.uk,07401 532730,22 Jun 2025,2000-12-12,Cardiff,CF3 2JP,United Kingdom,FALSE
C5844,Fiona,Lewis,fiona.lewis@yahoo.co.uk,07278-775644,2024-09-05,1986-11-23,Cardiff,CF14 4YR,United Kingdom,1
C5588,Jack,Khan,,07174 464662,2026-03-07,1966-05-09,Glasgow,G19 3DL,United Kingdom,Yes
C6076,leo,Green,leo.green87@outlook.com,07307 498351,23.02.25,15/07/1965,Birmingham,,United Kingdom,Y
C3160,Chloe,Smith,chloe.smith79@yahoo.co.uk,07614 751421,2025-10-02,1956-10-13,Newport,NP18 9BY,england,no
C4082,Megan,Singh,megan.singh53@btinternet.com,07934 824762,2025-04-17,2004-04-22,Swansea,SA20 7AL,United Kingdom,FALSE
C4901,Cerys,Roberts,cerys.roberts@gmail.com,07556 654467,2025-02-11,1957-03-19,Londn,,United Kingdom,N
C2896,Leo,Smith,leo.smith97@outlook.com,07927255186,2023/10/12,2005-09-10,,SY5 3UT,United Kingdom,yes
C4721,Ravi,Taylor,ravi.taylor83@icloud.com,,2025/05/19,1998-08-24,Port Talbot,SA15 3GN,GB,y
C5906,George,O'Brien,george.obrien@yahoo.co.uk,07175 239381,2023-08-18,"June 30, 1957",Cardiff,CF13 6SA,United Kingdom,no
C4879,George,Evans,george.evans78@outlook.com,0731370,2026-09-23,1966-08-05,Manchester,M12 4WG,UK,No
C2797,Arthur,Thomas,arthur.thomas74@icloud.com,07504 105794,08/12/2023,1982-04-04,Belfast,BT4 7WZ,Wales,no
C1016,Dylan,Williams,dylan.williams95@outlook.com,07521-409371,2024-04-23,20/07/1995,Bath,BA8 2PA,United Kingdom,y
C4209,Gareth,Price,gareth.price40@icloud.com,07314043153,2025-05-07,1994/02/10,Belfast,BT20 7WQ,United Kingdom,y
C2916,Liam,Murphy,liam.murphy95@icloud.com,+44 7762 680040,2024-01-09,1988-03-02,Newport,NP8 4DY,United Kingdom,
C1398,Megan,Hall,megan.hall66@gmail.com,07419-937875,27/07/2023,1988-12-06,Wrexham,ll53ws,UK,Yes
C4568,Amelia,Thompson,amelia.thompson@outlook.com,07590 603407,2023-09-16,1953-09-21,Manchester,M9 6PN,GB,Yes
C5527,Ravi,Murphy,ravi.murphy@yahoo.co.uk,07569 499071,30/01/2025,1988-05-26,Bath,BA20 6GT,United Kingdom,Yes
C5439,Leo,Robinson,leo.robinson72@outlook.com,07705 330480,2026-02-08,1999-11-08,Newport,NP20 5UR,United Kingdom,
C2184,Mohammed,Thompson,mohammed.thompson42@outlook.com,07433352580,04-24-2025,1960-02-11,Liverpool,L10 4WX,United Kingdom,1
C4047,Chloe,Robinson,chloe.robinson78icloud.com,+44 7891 487570,2025/05/07,1962/01/16,Bangor,LL5 1NR,United Kingdom,Yes
C3044,Amelia,Robinson,amelia.robinson96btinternet.com,07281 713555,2025-12-25,1975-01-17,Sheffield,S13 2RG,United Kingdom,1
C4607,Dylan,Hall,dylan.hall55@yahoo.co.uk,+44 7344 837568,02 Aug 2026,2003-05-20,Glasgow,G20 7LA,United Kingdom,0
C4784,Mia,Robinson,mia.robinson27@icloud.com,07454887628,2024-04-05,1974-06-10,Belfast,BT19 4FL,United Kingdom,TRUE
C2512,Rhys,Griffiths,rhys.griffiths@btinternet.com,07210623979,31/10/2023,2001-08-12,London,E4 3QS,United Kingdom,y
C1032,Tomasz,Nowak,tomasz.nowak89@btinternet.com,07404 805194,2024-12-28,1960-12-22,Cardiff,CF18 3YH,United Kingdom,y
C2040,Zainab,Griffiths,zainab.griffiths75@yahoo.co.uk,07718 169756,2024-01-16,1969/03/07,Birmingham,B10 5XX,UK,
C1856,Noah,Thompson,noah.thompson84@gmail.com,07737 639004,2023-07-26,2003/09/24,Newport,NP11 2NL,UK,FALSE
C3794,Chloe,McDonald,chloe.mcdonald72@icloud.com,07631901742,07-28-2023,1962-01-21,Port Talbot,SA2 1YA,United Kingdom,N
C4394,Fiona,Edwards,fiona.edwards@outlook.com,07539 043774,2025-05-30,1971-05-25,London,E5 3LS,United Kingdom,No
C5658,Cerys,Williams,cerys.williams@hotmail.co.uk,07751 297428,TBC,1982-08-05,Sheffield,S4 8AY,United Kingdom,y
C1839,Seren,Edwards,seren.edwards32@hotmail.co.uk,0738222,29 Aug 2025,0000-00-00,Glasgow,G6 2HW,UK,TRUE
C5150,Callum,Singh,callum.singh58@hotmail.co.uk,07240974971,16.05.25,1956-02-03,Sheffield,S10 1UD,GB,
C5418,Ethan,Murphy,ethan.murphy63@hotmail.co.uk,07485323994,2024-07-11,1978-06-18,manchester,M16 8YX,United Kingdom,0
C2855,Grace,Green,grace.green93@yahoo.co.uk,07264 238278,2025-06-27,09/02/1987,Nottingham,NG19 5UN,United Kingdom,No
C2248,Fiona,Patel,fiona.patel38@icloud.com,07843 882286,"September 13, 2026",1958-11-17,Nottingham,ng177jy,United Kingdom,yes
C6202,CONNOR,Lewis,connor.lewis96@btinternet.com,07602-290670,2024-01-20,1961-05-01,Newport,NP19 7XJ,Great Britain,Y
C1593,Chloe,Khan,chloe.khan29@hotmail.co.uk,,2024-09-09,1960-10-20,Bangor,LL20 3RR,United Kingdom,no
C1314,Connor,Green,connor.green97@outlook.com,07154-627520,2024-02-05,1967-05-19,Port Talbot,SA11 3FX,United Kingdom,No
C2534,Aisha,Nowak,aisha.nowak79@gmail.com,07800 233788,2025-05-14,1988-01-06,Cardiff,CF1 8YP,United Kingdom,no
C6001,callum,Jenkins,callum.jenkins@hotmail.co.uk,,2025-04-16,1967-05-08,Liverpool,L19 9SR,United Kingdom,N
C6032,Ella ,Green,ella.green@yahoo.co.uk,07953 502979,2024/01/20,1981-04-19,Bangor,LL10 3SH,United Kingdom,yes
C5554,Dylan,Khan, dylan.khan@icloud.com ,07343 961711,"September 30, 2025",2005-09-24,,G20 9EZ,United Kingdom,y
C4465,Noah,Price,noah.price26@icloud.com,07893 800465,2026-09-27,2002-09-16,Newport,NP4 1JW,United Kingdom,0
C3428,Niamh,Nowak,niamh.nowak@yahoo.co.uk,+44 7151 119427,15 Jan 2024,1972-09-24,Bristol,BS15 5GS,United Kingdom,TRUE
C4982,Grace,Singh,grace.singh83@icloud.com,07936 444438,2025-05-03,1955-12-05,swansea,SA2 3BL,United Kingdom,TRUE
C5841,Oliver,Roberts, oliver.roberts40@gmail.com ,07120111986,2024-10-18,1970-03-22,Bangor,LL8 9PU,Great Britain,y
C4045,Lily,Ali,lily.ali76@gmail.com,07643 014729,2024-04-05,1955-07-06,Leeds,LS7 6YZ,United Kingdom,y
C6198,ETHAN,Ali,ethan.ali3@btinternet.com,07602 451574,2026-01-22,"February 24, 1983",Swansea,SA20 8DZ,United Kingdom,Yes
C1664,Arthur,Ali,arthur.ali28@outlook.com,07270 777910,2024/09/18,1971-02-18,Bristol,BS13 8PR,United Kingdom,Yes
C5454,Grace,Taylor,grace.taylor91@btinternet.com,+44 7269 025878,2025-04-13,09/03/1956,Port Talbot,SA3 6HA,UK,N
C4742,Tomasz,O'Brien,tomasz.obrien6@yahoo.co.uk,,2026-09-30,1957-02-18,Leeds,LS2 9JJ,United Kingdom,0
C2753,Aisha,Jenkins,aisha.jenkins87@icloud.com,07334-090917,2025-05-28,1983-10-29,Edinburgh,EH11 9TG,United Kingdom,N
C2065,Bethan,Thompson,bethan.thompson@icloud.com,+44 7554 374785,07-13-2026,1984-12-20,Belfast,BT16 4AG,United Kingdom,0
C2932,Niamh,Green,niamh.green81@outlook.com,07116 069871,2026-04-06,2005-02-05,Exeter,EX3 5SN,United Kingdom,Yes
C1580,Cerys,Thompson,cerys.thompson76@icloud.com,07482-933440,2023-12-03,1962-02-16,Swansea,SA17 1YL,United Kingdom,TRUE
C2162,Harry,Robinson,harry.robinson@outlook.com,07480-748384,2024-08-24,1977-01-10,Bangor,LL20 2NP,United Kingdom,no
C4631,Tomasz,Johnson,tomasz.johnson92@icloud.com,07634 520596,2025-03-12,20.01.80,Exeter,EX9 8DN,United Kingdom,y
C2721,Oliver,Green,oliver.green86@btinternet.com,07376 076327,2024-10-22,2005/05/06,Bath,BA1 4TG,United Kingdom,TRUE
C2493,Bethan,Walker,bethan.walker89@gmail.com,+44 7846 761432,2024-01-06,2003-07-12,Glasgow,G2 2QT,United Kingdom,N
C4290,Grace,Williams,grace.williams53@yahoo.co.uk,07826605761,2026-04-14,1972-05-06,Bristol,BS6 3XJ,GB,N
C5831,Tomasz,Wood,tomasz.wood95@yahoo.co.uk,07624656913,2026-01-28,1999-11-20,Wrexham,LL5 2AL,UK,
C6263,IVY,Smith,ivy.smith95@outlook.com,+44 7700 142084,2025-05-01,1995-09-08,Swansea,SA5 9DP,United Kingdom,FALSE
C4549,Katarzyna,Wood,katarzyna.wood@yahoo.co.uk,07753942866,11-22-2024,1951-09-30,Sheffield,S6 2BR,,Y
C4307,Fiona,Thomas,fiona.thomas29@hotmail.co.uk,07517 443021,"January 06, 2024",1996-03-14,Bristol,bs104ss,United Kingdom,yes
C2613,Mohammed,Robinson,mohammed.robinson87@gmail.com,07780125607,2026-05-22,28/10/1975,Swansea,sa89ya,United Kingdom,no
C4021,Bethan,Murphy,bethan.murphy88@outlook.com,07795417929,30/08/2023,1977-05-08,Newport,NP11 4HP,United Kingdom,FALSE
C1500,Gareth,Griffiths,gareth.griffiths95@yahoo.co.uk,07335 302688,2026-04-08,1988-08-10,Aberystwyth,SY4 3FB,United Kingdom,no
C1067,Megan,Thomas,megan.thomas74@hotmail.co.uk,+44 7894 916253,06.04.26,1974-04-14,Bath,BA3 9GX,UK,No
C5113,Jack,Griffiths,jack.griffiths81@hotmail.co.uk,+44 7411 189413,27.01.25,1973-07-09,Aberystwyth,SY9 1WD,United Kingdom,y
C3941,Harry,Griffiths,harry.griffiths94@btinternet.com,,2023-11-17,1987-02-28,Edinburgh,EH12 5XS,United Kingdom,0
C4625,Owen,Johnson,owen.johnson99@gmail.com,,2026-06-15,1965-08-09,Newport,NP18 3RX,U.K.,FALSE
C1204,Priya,Griffiths,priya.griffiths@yahoo.co.uk,,2024-12-18,1989-05-22,London,E12 2BR,GB,yes
C2867,Freya,Evans,freya.evans@gmail.com,07289584201,"April 18, 2024",1967-11-12,Cardiff,CF1 8EY,UK,Yes
C4089,Leo,Hall,leo.hall27@hotmail.co.uk,,2026-05-24,1961-01-22,Belfast,BT20 3PB,United Kingdom,TRUE
C1172,Chloe,Davies,chloe.davies60@icloud.com,07241 279162,2026-09-04,1958-03-05,Liverpool,L18 9SX,Wales,no
C1193,Ella,Lewis,ella.lewis@outlook.com,07190234789,2025-11-27,1991-11-25,Glasgow,G2 1RW,United Kingdom,Yes
C1162,Bethan,Hughes,bethan.hughes92@btinternet.com,07530 745130,2026-02-02,1958-08-25,Belfast,,UK,N
C5475,Chloe,Griffiths,chloe.griffiths77@outlook.com,07905 838378,2024-08-03,1985-06-19,Port Talbot,SA17 6BT,United Kingdom,yes
C4680,Ethan,Hughes,ethan.hughes67@btinternet.com,07109-375040,28 Jun 2025,1959-10-03,Exeter,EX17 2RA,United Kingdom,no
C5325,Harry,Smith,harry.smith32@yahoo.co.uk,07229336739,2024/07/22,1966-03-12,Wrexham,ll95he,UK,y
C5575,Priya,McDonald,priya.mcdonald@yahoo.co.uk,07753566075,2025-11-04,2000-04-19,Manchester,M12 7YH,United Kingdom,N
C6098,harry,Lewis,harry.lewis83@hotmail.co.uk,07190-913720,2025-06-08,02 Mar 2004,Exeter,EX13 2FB,United Kingdom,TRUE
C2724,Arthur,Williams,arthur.williams@hotmail.co.uk,0776972,2023-11-09,1977-09-14,Aberystwyth,SY3 8LF,United Kingdom,no
C3701,Leo,Nowak,leo.nowak97@outlook.com,07991 820315,01-04-2024,1984-11-02,Belfast,bt44zf,GB,0
C5095,Oliver,Roberts,oliver.roberts@yahoo.co.uk,07373 478576,2024-09-12,1986-12-31,Belfast,BT6 2HQ,United Kingdom,TRUE
C2367,Niamh,Hughes,niamh.hughes@icloud.com,07464545589,,2001/05/28,Bristol,BS2 1RB,United Kingdom,
C5468,Callum,Johnson,callum.johnson99@hotmail.co.uk,07652 801596,10-17-2024,0000-00-00,Port Talbot,SA14 9UL,UK,no
C2229,Niamh,Murphy,niamh.murphy23@hotmail.co.uk,07893 857511,2025-04-27,1970-12-07,Bangor,LL3 4ER,United Kingdom,No
C1285,Priya,Green,,07908104210,2024-07-08,2000-12-02,Nottingham,NG11 6LD,Wales,No
C2398,Callum,Walker,"callum.walker80@yahoo.co,uk",07362 597662,2025-12-21,1983-01-10,Sheffield,,United Kingdom,
C1838,Priya,Williams,priya.williams76@icloud.com,07274 455223,2025-09-13,1954-11-10,Belfast,BT13 6UF,england,N
C2910,Ella,Smith,ella.smith87@icloud.com,07996738984,07 May 2025,03-10-1965,Manchestor,M2 9SR,United Kingdom,Yes
C4147,Arthur,Jones,arthur.jones80hotmail.co.uk,+44 7381 637048,2025-12-14,1962-12-04,Wrexham,LL2 9XR,Wales,No
C1763,Ethan,Khan,ethan.khan99@yahoo.co.uk,+44 7721 713647,2025-01-06,2003/09/21,Aberystwyth,SY3 2YU,United Kingdom,
C5680,Callum,Patel,callum.patel78@outlook.com,07609877406,2026-06-22,"August 07, 1973",Manchester,M11 1LB,United Kingdom,N
C1516,Mohammed,Patel,mohammed.patel81@icloud.com,07219 143074,2026-03-20,1960-01-12,Bangor,LL16 4UR,UK,N
C4636,Katarzyna,Murphy,katarzyna.murphy96@hotmail.co.uk,07432 980360,2026-09-01,1969-03-22,Exeter,EX13 9LP,United Kingdom,yes
C1618,Ivy,Singh,ivy.singh73@yahoo.co.uk,+44 7480 191821,2025-04-19,1982-04-03,Cardiff,CF20 1PW,United Kingdom,TRUE
C5372,Seren,Taylor,seren.taylor46@yahoo.co.uk,07721746163,"April 22, 2024",1977-05-21,Bangor,LL15 7GQ,United Kingdom,
C3845,Niamh,Roberts,niamh.roberts39@icloud.com,07864 653963,2024-08-09,07-24-1994,Edinburgh,EH16 6NJ,United Kingdom,Y
C2805,Zainab,Hughes,zainab.hughes64@outlook.com,07444053296,2026-08-05,1995-04-24,Port Talbot,SA14 1GB,United Kingdom,N
C1518,Lily,Johnson,lily.johnson90@yahoo.co.uk,0782284,01/01/2024,2004-08-01,Wrexham,LL2 4GX,United Kingdom,y
C4410,Aisha,Nowak,aisha.nowak@icloud.com,07904 660506,12-25-2025,2004-03-25,Newport,NP12 1RU,GB,No
C4865,Sean,Price,sean.price73@btinternet.com,07801 022031,11-25-2025,1983-05-27,Swansea,SA7 6PH,UK,0
C1336,Seren,Jenkins,seren.jenkins79@hotmail.co.uk,07205356362,2025-06-07,1996-01-02,Cardiff,CF6 8AL,United Kingdom,y
C2232,Leo,Green,leo.green87@outlook.com,07307 498351,2025-01-25,1965-07-15,Birmingam,B1 2QX,United Kingdom,Yes
C5773,Freya,Robinson,freya.robinson9@outlook.com,+44 7303 542819,2026-03-25,1952-06-13,Glasgow,G14 2BR,United Kingdom,FALSE
C6171,George ,Thomas,GEORGE.THOMAS95@HOTMAIL.CO.UK,07968 404675,2025-11-07,1960-10-03,Bangor,LL15 7BD,United Kingdom,0
C2408,Leo,Taylor,leo.taylor@btinternet.com,,09-25-2025,1975-01-16,Exeter,EX5 5QW,United Kingdom,
C2931,Ethan,Green,ethan.green@outlook.com,07956711182,2024/04/16,1969-09-19,Cardiff,CF12 1JS,United Kingdom,FALSE
C4897,George,Walker,george.walker93@yahoo.co.uk,07556252468,2026-08-18,1958-10-27,Sheffield,S2 1TR,U.K.,FALSE
C4474,Amelia,Hall,amelia.hall93@btinternet.com,07984604094,12 Jun 2024,"October 29, 1967",Sheffield,S19 6LZ,United Kingdom,Y
C3739,Katarzyna,Ali,katarzyna.ali@hotmail.co.uk,07806 520374,2026/03/24,1974-10-25,Manchester,M14 9WA,,1
C5917,George,Jenkins,george.jenkins@btinternet.com,+44 7493 762400,2025-08-03,1968-10-05,Bath,BA17 7BY,United Kingdom,no
C3544,George,Walker,george.walker82@btinternet.com,07129 967531,"March 23, 2026",2001-07-09,London,E16 4ZP,United Kingdom,N
C1959,Bethan,Jenkins,bethan.jenkins99@outlook.com,07116 298911,2024-01-09,1993-07-29,Manchestor,M2 4BG,U.K.,
C2971,Ethan,Murphy,ethan.murphy@icloud.com,07968 510038,2026-06-06,1955-05-25,Birmingham,B6 2EN,United Kingdom,1
C2666,Oliver,Singh,oliver.singh53@yahoo.co.uk,07117 132789,10.12.24,"June 08, 1991",Cardiff,CF15 3LF,United Kingdom,no
C5561,Jack,Ali,jack.ali98@icloud.com,07860 813709,2026-09-07,2003-11-13,Wrexham,LL14 7FA,Great Britain,N
C2758,Priya,Wood,priya.wood@yahoo.co.uk,,2026-06-29,1952-11-21,Edinburgh,EH17 5SU,UK,
C4362,Fiona,Price,fiona.price@hotmail.co.uk,07417 309762,2023-10-30,1969/12/01,Manchester,M12 2GU,United Kingdom,1
C3720,Liam,Robinson, liam.robinson@gmail.com ,07120-264240,2024-06-13,1981-08-07,manchester,M7 4HF,United Kingdom,FALSE
C2316,Dylan,Davies,dylan.davies@yahoo.co.uk,07924 392198,02/08/2023,1960-04-27,Manchester,M7 4AH,United Kingdom,N
C3408,Liam,Thompson,liam.thompson83@yahoo.co.uk,07648 420738,2025-08-02,1959-06-30,Exeter,ex121dt,UK,yes
C2627,Aisha,Edwards,aisha.edwards3@icloud.com,07880 871115,0000-00-00,10-16-1963,Bristol,BS13 7YJ,United Kingdom,No
C1289,Aisha,Jones,aisha.jones77@outlook.com,07114 156161,2024-08-16,01/09/1976,Edinburgh,EH7 8GJ,U.K.,TRUE
C3551,Dylan,Lewis,dylan.lewis@hotmail.co.uk,+44 7380 576171,2026-07-24,1958-02-10,Wrexham,ll193fy,UK,no
C1639,Mohammed,Edwards,mohammed.edwards71@outlook.com,07309 675145,2024-11-17,1969-10-21,Bath,BA9 4JG,United Kingdom,FALSE
C2060,Katarzyna,Hughes,katarzyna.hughes11@yahoo.co.uk,07950 263620,2023-12-29,1960-10-09,Sheffield,S18 9LD,United Kingdom,No
C3886,Megan,Robinson,megan.robinson72@gmail.com,07811 061218,2025-08-17,1988-05-11,Birmingham,,GB,
C2189,Mohammed,Jenkins,mohammed.jenkins96@yahoo.co.uk,07699924762,01/09/2024,"January 19, 1971",Cardiff,CF18 4PS,Wales,N
C1278,Gareth,Thompson,gareth.thompson2@outlook.com,0716797,22.06.24,1985-05-22,Port Talbot,SA20 9DY,United Kingdom,y
C3579,Seren,Taylor,seren.taylor37@gmail.com,+44 7111 686081,2023-07-29,1975-03-10,Aberystwyth,SY20 1GY,UK,Yes
C6235,Chloe ,Hall,chloe.hall65@gmail.com,07510642072,2025-04-27,1953-09-12,Swanzea,SA10 9TR,United Kingdom,No
C3339,Cerys,Khan,cerys.khan65@gmail.com,0780113,2025/10/31,1993-05-18,Bangor,LL18 4ND,United Kingdom,TRUE
C3936,Amelia,Walker,amelia.walker71@yahoo.co.uk,07671 540591,2026-07-19,1988-07-26,Port Talbot,SA16 9PS,United Kingdom,FALSE
C4556,Leo,Roberts,leo.roberts98@hotmail.co.uk,07728-522846,02.03.26,1900-01-01,Cardiff,CF13 5JQ,Great Britain,N
C3085,Aisha,Hughes,aisha.hughes@btinternet.com,07832 908493,02 Feb 2026,1965-02-23,Port Talbot,SA15 7EN,United Kingdom,0
C1660,Freya,Johnson,freya.johnson99@hotmail.co.uk,+44 7893 751345,2024-10-06,1958-05-12,Edinburgh,EH16 6QD,United Kingdom,y
C3597,Jack,Green,jack.green73@btinternet.com,,2024-05-13,1964-05-31,Birmingham,b92np,UK,yes
C1927,Sophie,McDonald,sophie.mcdonald73@outlook.com,07397576098,2023-09-20,1975-10-25,Belfast,BT3 3FZ,UK,FALSE
C1187,Jack,Taylor,jack.taylor81@gmail.com,0779796,2024-04-20,1957/07/20,Sheffield,S2 8RN,United Kingdom,Yes
C1185,Fiona,Edwards,fiona.edwards97@btinternet.com,+44 7658 016707,2023-08-12,1986-06-18,Sheffield,S8 8GS,UK,Yes
C5347,Noah,Thompson,noah.thompson2@icloud.com,07299-088233,2025-03-05,1965-06-04,Glasgow,G6 1HF,United Kingdom,Y
C3101,Ella,Price,ella.price71@btinternet.com,07193 224146,03-19-2024,24/06/1990,Bangor,ll91ux,GB,N
C5744,Niamh,Robinson, niamh.robinson89@icloud.com ,07738 149701,2023-09-26,1954-08-08,Nottingham,NG17 8HE,UK,0
C1459,Sean,Price,sean.price4@yahoo.co.uk,07324527719,2025-05-15,"March 02, 1965",Leeds,LS16 3BQ,United Kingdom,FALSE
C5563,Harry,Singh,harry.singh32@yahoo.co.uk,07423 038592,2024-12-04,1993-07-12,Aberystwyth,SY2 2FP,UK,N
C5594,Seren,Green,seren.green11@gmail.com,,2026-03-02,1990-10-16,Bangor,LL11 3ZZ,United Kingdom,no
C1077,Cerys,O'Brien,cerys.obrien70@hotmail.co.uk,07394 775036,22/06/2024,1974-02-09,Bath,BA5 5HZ,United Kingdom,no
C1288,Niamh,Lewis,niamh.lewis95@hotmail.co.uk,07909 634871,2023-08-01,1986/11/25,Aberystwyth,SY12 5WW,United Kingdom,FALSE
C3088,Owen,Price,owen.price@icloud.com,07904 597698,2026-02-13,1979-04-27,Edinburgh,EH13 2DS,United Kingdom,No
C6028,Ethan ,Jones,ETHAN.JONES72@BTINTERNET.COM,+44 7316 291394,"January 31, 2025",1995-07-23,Liverpool,l138xr,GB,no
C1129,Owen,Smith,owen.smith@hotmail.co.uk,,"August 21, 2024",1954-06-18,Birmingam,B12 7JR,United Kingdom,N
C5143,Mohammed,Wood,mohammed.wood84@outlook.com,,10 Jun 2023,12/11/1968,Liverpool,L5 9JR,United Kingdom,1
C6318,CERYS,Green,,07244 027934,2024-03-24,1978-06-30,Glasgow,G12 7HU,UK,0
C5833,Grace,Robinson,grace.robinson@icloud.com,07377 121750,2024-04-26,1965-03-16,Port Talbot,SA4 4FQ,Great Britain,y
C4226,Amelia,Lewis,amelia.lewis99@btinternet.com,+44 7996 466626,2026-04-27,1994-05-18,Birmingham,B12 3ST,United Kingdom,TRUE
C3892,Mia,Thompson,mia.thompson@outlook.com,07281 222585,2024-11-30,1954-04-22,Wrexham,LL17 3RP,United Kingdom,Y
C4463,Leo,Singh,leo.singh26@gmail.com,07901196824,2025-07-23,1982-10-21,,G11 4WU,GB,No
C1907,Ethan,Jenkins,ethan.jenkins88@outlook.com,+44 7337 084185,2024-11-21,13/07/2005,Bath,ba103zl,U.K.,No
C2722,Oliver,Hughes,oliver.hughes@icloud.com,07323 179515,2026-03-19,2002-01-24,Belfast,BT19 9UB,GB,no
C3943,Cerys,Williams,cerys.williams98@gmail.com,07705 594163,2023-11-29,1976-03-28,Newport,NP4 3FR,UK,N
C5972,Lily,Roberts,lily.roberts80@yahoo.co.uk,+44 7505 988075,"November 13, 2024",10-09-1982,Edinburgh,EH16 1EL,United Kingdom,Y
C2453,George,Thomas,george.thomas95@hotmail.co.uk,07968 404675,2025-10-27,1960-10-03,Bangor,LL10 7UT,UK,No
C4344,Harry,Jones,harry.jones@icloud.com,07743 936733,2024-04-23,1961-06-25,Cardiff,CF20 1JA,United Kingdom,yes
C2170,Rhys,Singh,rhys.singh91@icloud.com,07186 155746,2024-10-02,2005-07-28,Aberystwyth,SY3 7AZ,United Kingdom,Y
C2186,Freya,Singh,freya.singh93@gmail.com,07375 886865,2024-08-25,2000-01-12,Leeds,LS18 2ZD,United Kingdom,yes
C1093,Grace,O'Brien,grace.obrien72@btinternet.com,07271574046,21/01/2026,1999-01-12,Swansea,SA7 5BN,UK,Y
C4279,Seren,Nowak,seren.nowak@icloud.com,0772685,2026-02-09,1958-08-13,Liverpool,l83gs,United Kingdom,0
C4922,Ava,Jones,"ava.jones@btinternet,com",07512 576636,2024-05-23,1974-08-16,Nottingham,NG3 9UD,United Kingdom,y
C1949,Amelia,Williams,amelia.williams7@gmail.com,07436 115725,2026-02-04,2000-10-25,Exeter,EX9 8QH,United Kingdom,No
C1050,Aisha,McDonald,aisha.mcdonald@gmail.com,07896 327183,2026-09-11,1994-05-24,Exeter,EX6 7EN,england,FALSE
C2397,Freya,Walker,freya.walker73@hotmail.co.uk,07641 387992,2023-11-09,2002-05-07,Nottingham,NG4 3EG,United Kingdom,no
C3504,Harry,Taylor,harry.taylor71@btinternet.com,07783 979492,2026-03-14,1956-02-06,Leeds,LS17 6FD,UK,0
C5302,Callum,Evans,callum.evans93@outlook.com,07517 681675,unknown,1955-09-20,Aberystwyth,SY14 6JG,GB,N
C4366,Freya,Thompson,freya.thompson@hotmail.co.uk,07257 108469,2023-06-16,1961-01-21,,ng17fw,UK,1
C2865,Ethan,Jenkins,ethan.jenkins32@outlook.com,07417 331261,2023-12-11,18.02.95,Nottingham,NG8 6ZU,UK,Y
C4814,Ethan,Jenkins,ethan.jenkins69@btinternet.com,07954 435753,26/07/2023,1953-04-20,Sheffield,S3 1HB,United Kingdom,1
C5889,Sophie,Evans,sophie.evans86gmail.com,07876 711819,14.09.24,1955-01-25,Leeds,LS14 4EG,United Kingdom,1
C4138,Leo,Ali,leo.ali87@btinternet.com,07930 044757,26 Jan 2025,1980-06-08,Manchester,M8 8JR,United Kingdom,yes
C3759,Grace,O'Brien,grace.obrien@outlook.com,07602-756109,2024-03-08,1964-11-23,Birmingham,B16 5AQ,United Kingdom,
C3367,Aisha,Edwards, aisha.edwards72@yahoo.co.uk ,07456-375005,2025-11-06,1952-02-18,Cardiff,CF19 3HP,UK,FALSE
C3665,Isla,Patel,isla.patel22gmail.com,07874974840,04-08-2026,"September 06, 1959",Wrexham,LL7 1RP,United Kingdom,1
C6304,Katarzyna ,Evans,katarzyna.evans75@gmail.com,07264650337,29.12.23,1989-10-10,Bangor,LL17 9HN,United Kingdom,yes
C1075,Tomasz,Griffiths,tomasz.griffiths@outlook.com,07672636075,2025-12-27,1989-07-08,Bath,BA7 9QB,United Kingdom,0
C4352,Sean,Price,sean.price56@yahoo.co.uk,07647-588163,2023/09/26,1953-07-07,Edinburgh,EH11 4WP,UK,0
C1795,Bethan,Price,bethan.price@yahoo.co.uk,07813-332101,2026-03-04,1982-07-10,Newport,NP13 1DE,Great Britain,
C2939,Freya,Jenkins,freya.jenkins14@btinternet.com,07738511080,"April 28, 2025",1957-08-02,Sheffield,S18 2JQ,United Kingdom,Y
C2426,Liam,Robinson,liam.robinson@outlook.com,07354 121269,12.11.23,1989-02-10,Liverpool,L4 5QE,United Kingdom,0
C3273,Amelia,Hughes,amelia.hughes@gmail.com,+44 7168 244790,2024/03/09,2005-02-15,Belfast,BT5 7TA,United Kingdom,1
C4129,Freya,Price,freya.price87@yahoo.co.uk,07424 601146,2026-09-15,1988-09-27,Newport,NP1 2UR,United Kingdom,No
C1554,Fiona,Johnson,fiona.johnson@icloud.com,07763 913897,08-15-2025,1988-04-25,Cardiff,CF3 9PF,U.K.,1
C1400,Dylan,Hughes,dylan.hughes@yahoo.co.uk,+44 7370 040036,2026-08-04,1999-08-12,Belfast,BT16 8TY,United Kingdom,0
C5369,Cerys,Evans,cerys.evans@hotmail.co.uk,07713-035802,05-27-2025,2000-09-25,Liverpool,L14 6SF,United Kingdom,Yes
C5931,Ava,Lewis,ava.lewis50gmail.com,07615 315005,2025-05-13,1961-05-06,Wrexham,LL18 1YH,United Kingdom,TRUE
C4912,Niamh,Khan,niamh.khan35@outlook.com,07375 391896,2025-05-01,1994/05/29,Newport,NP20 2HD,United Kingdom,Y
C4400,Harry,Thompson,harry.thompson79@icloud.com,07762-682045,"February 16, 2024",1997-10-20,Bangor,LL3 8ED,UK,Yes
C1462,Katarzyna,Wood,katarzyna.wood48@outlook.com,07818 179975,2025-09-08,1991-01-31,Liverpool,L10 7EW,UK,Y
C3729,Ivy,Lewis,ivy.lewis16@hotmail.co.uk,07691999969,2024-03-17,2002-02-04,Aberystwyth,SY9 6ZW,United Kingdom,N
C1401,Seren,Nowak,seren.nowak49@outlook.com,07242437189,2025-01-01,1974-11-28,Newport,NP4 1LW,United Kingdom,Y
C1342,Tomasz,Green,tomasz.green76@yahoo.co.uk,07664 141412,2025-08-12,1977-12-06,Bangor,LL7 6ZL,United Kingdom,No
C5147,Cerys,Walker,cerys.walker73@yahoo.co.uk,07446 532709,2025-04-05,1979/06/11,Manchester,M16 6EE,United Kingdom,Yes
C4997,Arthur,Hall,"arthur.hall@btinternet,com",07394719996,01 Aug 2025,1984-08-06,Cardiff,CF18 2BZ,,Yes
C6075,priya,Robinson,priya.robinson@hotmail.co.uk,07790 730358,2025-04-11,1992-06-12,Sheffield,S1 8GJ,,N
C4384,Amelia,Lewis,amelia.lewis80@outlook.com,07520475480,,1976-08-22,Bath,BA11 8XQ,United Kingdom,
C6051,AISHA,Murphy,AISHA.MURPHY2@GMAIL.COM,,2024-05-04,"July 11, 1952",Nottingham,NG11 2DY,United Kingdom,Y
C4468,Amelia,Taylor,amelia.taylor@gmail.com,+44 7848 534526,2026-03-24,1956-03-04,Exeter,EX17 3HG,U.K.,No
C1834,Zainab,Khan,"zainab.khan73@icloud,com",+44 7832 799504,2024-06-23,28/04/1975,Newport,NP9 6DB,United Kingdom,TRUE
C4374,Mohammed,Hughes,mohammed.hughes51@icloud.com,,2026-02-14,1954-10-01,Aberystwyth,SY8 9PY,United Kingdom,yes
C3994,Katarzyna,O'Brien,katarzyna.obrien@yahoo.co.uk,,2024-09-02,1968-04-10,Exeter,EX15 3XP,UK,0
C5900,Jack,Smith,jack.smith@yahoo.co.uk,+44 7873 449831,26.04.24,1977-05-02,Sheffield,S3 4LG,United Kingdom,yes
C5824,Priya,Ali,priya.ali@icloud.com,,,1955/02/23,Swansea,SA3 1LE,,FALSE
C3888,Owen,Davies,owen.davies94@icloud.com,07336 462624,2026/03/10,1954-02-16,Wrexham,LL10 8BB,United Kingdom,
C1754,Freya,O'Brien,freya.obrien83@outlook.com,07851984146,2026-04-29,1981-06-03,Exeter,EX20 6UB,Great Britain,No
C2796,Sean,Johnson,sean.johnson@btinternet.com,07948 800620,02-06-2025,26 Aug 1966,Newport,NP19 7RW,GB,
C2234,Ravi,Patel,ravi.patel80@icloud.com,+44 7276 244935,13/11/2025,1976/11/14,Glasgow,G1 6FA,United Kingdom,y
C1803,Tomasz,Roberts,tomasz.roberts19@yahoo.co.uk,,2024-07-26,20.05.68,Wrexham,ll29af,United Kingdom,
C3999,Ella,Jenkins, ella.jenkins@btinternet.com ,07777 398094,2025-01-05,24.06.52,Manchester,M12 3BN,United Kingdom,No
C2981,Oliver,Khan,oliver.khan77@hotmail.co.uk,0763642,"February 18, 2024",1981-10-08,Newport,NP12 3YF,United Kingdom,Y
C3686,Sean,McDonald,sean.mcdonaldicloud.com,07400 658919,2026-03-10,1973-06-09,Newport,NP10 7PZ,england,
C6308,CONNOR,Hughes,CONNOR.HUGHES76@GMAIL.COM,07651 434213,2025-05-28,1994-08-27,Liverpool,L2 9TS,United Kingdom,1
C2341,Ella,Hughes,ella.hughes91@gmail.com,+44 7182 677723,2023-07-26,1991-04-29,Glasgow,G7 2EX,GB,FALSE
C3351,Callum,Evans,callum.evans@icloud.com,07994149528,2025-03-05,1981-10-24,Exeter,EX10 7TA,United Kingdom,0
C1164,George,Roberts,george.roberts70@hotmail.co.uk,07107 324376,2023-09-10,1950-04-23,Swansea,SA11 9HN,U.K.,Yes
C2840,Lily,Roberts,lily.roberts@gmail.com,,"November 13, 2024",1971-10-22,London,E11 2NU,U.K.,
C2007,George,Johnson,george.johnson41@outlook.com,0779610,2026-04-21,1995-08-06,Cardif,CF17 2FL,United Kingdom,No
C2942,Dylan,McDonald,dylan.mcdonald2@icloud.com,07982 723776,2023-06-24,1950-02-15,Bristol,BS18 5QF,Great Britain,yes
C6045,freya,Murphy,FREYA.MURPHY@ICLOUD.COM,07827 655772,2025-10-12,"April 25, 1985",London,E2 9JH,UK,Yes
C1138,Mia,Singh,mia.singh89@icloud.com,07905-822056,2023-10-28,1981-03-13,Aberystwyth,,United Kingdom,1
C1816,Leo,Ali,leo.ali71@icloud.com,0758738,2025-11-18,1985/01/16,Nottingham,NG11 7SN,United Kingdom,1
C2109,Noah,Robinson,noah.robinson97@hotmail.co.uk,0775331,2025-10-07,19/11/1999,Birmingham,B13 6HA,United Kingdom,Yes
C3393,Freya,Nowak,freya.nowak97@outlook.com,07543 393870,2024-02-10,1964-11-13,Edinburgh,EH2 7WW,UK,FALSE
C3292,Isla,Robinson,isla.robinson91@outlook.com,07890122629,2026-08-04,1962-08-29,Cardiff,CF18 7RD,United Kingdom,
C2704,Liam,Roberts,liam.roberts@gmail.com,07974 381189,2024-07-27,1966-01-14,Liverpool,L17 8UP,United Kingdom,y
C2309,Chloe,Patel,chloe.patel18@icloud.com,07857514296,03-07-2024,2005/04/21,Port Talbot,SA16 3DP,United Kingdom,y
C3363,Aisha,Griffiths,aisha.griffiths@yahoo.co.uk,07260038139,2023-10-21,1958-12-11,Sheffield,S19 7DP,UK,1
C3360,Priya,O'Brien,priya.obrien@gmail.com,07539689842,2025-03-02,17 Oct 1964,Sheffield,S14 7RT,United Kingdom,Yes
C5507,Priya,Lewis,priya.lewis84@btinternet.com,07793 846838,2025-09-28,1955-08-12,Bath,,UK,0
C5510,Arthur,Ali,arthur.ali51@gmail.com,07612 461926,2023-12-09,1986-05-31,Belfast,,england,0
C5723,Cerys,Taylor,cerys.taylor68@btinternet.com,07356 964933,2025-09-07,16 Aug 2002,Leeds,,United Kingdom,FALSE
C2819,Arthur,Evans,arthur.evans92@hotmail.co.uk,07515830451,2024/03/23,2000-01-10,Wrexham,LL2 2NP,United Kingdom,1
C6052,Ella ,Walker,ella.walker82@outlook.com,07356052388,2024-10-22,1974-01-26,Belfast,BT7 9AN,GB,no
C5772,Ravi,Price,ravi.price27@outlook.com,07511 584142,2025-02-13,1991-12-05,Wrexham,LL8 3BZ,United Kingdom,Y
C4938,Arthur,Taylor,arthur.taylor78@outlook.com,07326 614177,"April 06, 2025",20 Mar 1970,Bath,BA16 7LB,UK,Yes
C4299,Mohammed,McDonald,mohammed.mcdonald76@hotmail.co.uk,07934 861492,2025-11-10,05/08/1968,Exeter,ex106ty,United Kingdom,y
C3731,Tomasz,Morgan,tomasz.morgan71@yahoo.co.uk,07623868874,04-26-2026,03-24-1993,Birmingham,B3 2ZW,United Kingdom,0
C1851,Aisha,Walker,aisha.walker16@btinternet.com,07277-784464,2024-05-06,1953-05-26,Cardiff,CF9 2WR,United Kingdom,TRUE
C1934,Ravi,Roberts,ravi.roberts@btinternet.com,07520-531648,2026-09-08,1957-07-14,Belfast,BT16 9GQ,United Kingdom,FALSE
C6227,isla,Thomas,isla.thomas10@outlook.com,07310 870001,2024-02-10,16 May 1974,Manchester,M4 4EJ,United Kingdom,y
C3933,Ravi,Taylor,ravi.taylor@hotmail.co.uk,07341 979945,08/11/2024,1985-11-20,Glasgow,g31qj,United Kingdom,FALSE
C5559,Ethan,McDonald,ethan.mcdonald@yahoo.co.uk,07750 799545,"March 20, 2025",06-19-2003,Cardiff,CF9 3WZ,UK,TRUE
C5980,Callum,Morgan,callum.morgan75@outlook.com,07113116216,2024-02-27,25.03.80,Birmingham,B14 8YP,United Kingdom,TRUE
C1418,Arthur,Griffiths,arthur.griffiths54@gmail.com,07457-819423,10-19-2025,1978-02-04,Belfast,BT12 5GG,United Kingdom,no
C4087,Amelia,Hughes,amelia.hughes96@gmail.com,+44 7744 992312,2024-03-25,1961-09-14,Bangor,LL12 9FY,United Kingdom,
C2307,Bethan,Jones,bethan.jones4@yahoo.co.uk,07780212274,16/01/2026,1993-09-02,Aberystwyth,SY2 9PR,United Kingdom,no
C3485,Katarzyna,Khan,katarzyna.khan39@icloud.com,,2026/07/28,1959-03-01,Birmingham,B7 1LZ,United Kingdom,y
C2074,Rhys,Ali,rhys.ali@btinternet.com,+44 7346 878808,2024-04-26,"August 24, 1975",Manchester,M12 2FH,United Kingdom,FALSE
C2041,Connor,Griffiths,connor.griffiths97@icloud.com,07517 940527,2025-08-27,1988-05-01,Nottingham,NG15 1EL,United Kingdom,No
C5656,Ethan,Hall,ethan.hall76@hotmail.co.uk,+44 7488 236077,2023/11/01,1980-02-06,Bath,BA15 3QT,U.K.,TRUE
C2964,Seren,Hughes,seren.hughes65@outlook.com,,2024/04/01,1978-01-30,Nottingham,NG6 4TD,United Kingdom,no
C5116,Ravi,Morgan,ravi.morgan19@gmail.com,07672 068305,2026-04-05,1990-05-22,Nottingham,NG20 2WA,United Kingdom,N
C3669,Priya,Singh,priya.singh90@outlook.com,07219084532,2024-10-25,1992-07-24,Belfast,BT5 3DT,United Kingdom,TRUE
C4354,Ava,Robinson,ava.robinson77@gmail.com,07359994930,"June 29, 2026",1990-03-17,Leeds,LS8 9GG,United Kingdom,y
C3000,Oliver,Patel,oliver.patel@hotmail.co.uk,07817 948130,12.09.25,1993-09-27,Exeter,,GB,TRUE
C2042,Mia,Evans,mia.evans39@outlook.com,07283 071739,2023-11-30,1964-11-27,Edinburgh,EH17 6NR,United Kingdom,FALSE
C4225,Connor,Morgan,connor.morgan73@outlook.com,07792 042217,2024-08-11,1953-06-26,Sheffield,S6 3GF,GB,yes
C2325,Isla,Taylor,isla.taylor@yahoo.co.uk,07455 458645,2024-10-01,1970-10-21,,LL1 7QW,Wales,Y
C5324,Dylan,Johnson,dylan.johnson99@icloud.com,07811947968,05/02/2025,1950-07-03,Birmingam,B18 2XD,UK,No
C3813,Lily,McDonald,lily.mcdonald74@yahoo.co.uk,07673 056903,,1954-12-23,london,E5 9NP,United Kingdom,FALSE
C4304,Owen,Smith,owen.smith63@btinternet.com,07636-256331,2026-09-27,02.04.81,Belfast,BT16 1QS,UK,0
C1480,Sophie,Evans,sophie.evans6@hotmail.co.uk,07165462735,25 Feb 2024,"May 28, 1996",Aberystwyth,SY19 1UH,United Kingdom,FALSE
C1049,Arthur,Wood,arthur.wood83@yahoo.co.uk,07223582581,2025-02-07,1994-09-30,Glasgow,G15 9NE,england,TRUE
C3265,Mohammed,O'Brien,mohammed.obrien96@icloud.com,07736699670,10-07-2024,1957-06-07,Edinburgh,EH16 3QD,United Kingdom,N
C5008,Fiona,O'Brien,fiona.obrien79@btinternet.com,07921-320157,"December 07, 2024",2001-08-29,,E1 8PR,UK,Y
C6190,ethan,Jenkins,ethan.jenkins32@outlook.com,07417 331261,"December 12, 2023",1995-02-18,Nottingham,NG9 9WJ,United Kingdom,No
C2943,Callum,Griffiths,callum.griffiths91@gmail.com,07416693631,2026-02-08,01-26-1971,Wrexham,LL19 7YZ,United Kingdom,0
C3882,Liam,Murphy,liam.murphy12@icloud.com,07283817505,18 Jul 2023,1997-08-02,Wrexham,ll185rl,UK,0
C4154,Liam,Patel,liam.patel92@outlook.com,07430-832859,2024-03-27,01 Jul 1954,London,E17 7YS,GB,1
C3545,Megan,Jones,megan.jones@btinternet.com,07862 901761,2025-03-02,"April 13, 1997",London,E10 8YX,,0
C2283,Dylan,Smith,dylan.smith85@btinternet.com,07827 686749,2025-01-06,1954/03/16,Port Talbot,SA3 9GT,United Kingdom,y
C2443,Harry,Thompson,harry.thompson77@btinternet.com,07138699683,2024/11/29,19/06/1962,Port Talbot,SA12 6FP,United Kingdom,N
C4072,Amelia,O'Brien,amelia.obrien@hotmail.co.uk,+44 7115 735569,"April 04, 2026",1961-07-10,Glasgow,G9 4AJ,Great Britain,1
C2412,Mia,Hughes,mia.hughes85@hotmail.co.uk,07941540386,13 Dec 2023,1968-04-06,Bath,BA8 2PA,United Kingdom,y
C4268,Priya,Patel,priya.patel49@gmail.com,07352 884391,2023/06/27,2031-04-12,Swansea,SA7 4SP,United Kingdom,yes
C1010,Ella,Robinson,ella.robinson89@icloud.com,07927455322,2024-11-14,1994-08-08,Birmingham,B8 6YW,Wales,No
C5097,Grace,Jenkins,grace.jenkins@hotmail.co.uk,07470 530253,2026-04-19,1998-06-27,,LL1 2UP,UK,N
C4303,Dylan,Davies,dylan.davies67@hotmail.co.uk,0783997,2025-10-28,1972-01-09,Glasgow,G13 2EZ,United Kingdom,Y
C4212,Leo,Thompson,leo.thompson23@icloud.com,+44 7973 280307,2023-07-28,1961-07-06,Bath,BA11 4LJ,Wales,FALSE
C4804,Ella,Hall,ella.hall22@gmail.com,07594 655619,2025-05-07,14 May 1953,Nottingham,NG18 3PD,england,no
C3763,Ivy,Khan,,07276-131050,2025-07-25,1980-10-23,Birmingham,B8 5FR,GB,no
C1074,Tomasz,McDonald,tomasz.mcdonald@btinternet.com,07317 390436,2024-07-13,1994-05-15,Bath,BA17 8DG,U.K.,no
C5353,Jack,Khan,jack.khan75@yahoo.co.uk,07944-926256,16/05/2026,2003-01-13,Edinburgh,EH18 4BX,United Kingdom,FALSE
C2752,Ethan,Walker,ethan.walker78@icloud.com,07985 456579,2025-06-22,1900-01-01,Birmingham,B1 7HB,england,no
C4228,Katarzyna,Smith,katarzyna.smith2@icloud.com,07327 205450,N/A,1986-05-24,Sheffield,S5 5AJ,Great Britain,Y
C4301,Jack,Davies,jack.davies72@gmail.com,07485-359867,2024-06-14,1988/04/14,Bangor,LL1 3GX,Great Britain,y
C5356,Amelia,Walker,amelia.walker69@gmail.com,07822488823,2023/06/02,"January 17, 1986",Aberystwyth,SY4 8BQ,United Kingdom,y
C6316,Gareth ,Evans,GARETH.EVANS50@BTINTERNET.COM,07120 403710,21/08/2025,1983-07-17,Birmingham,B11 5XD,Wales,FALSE
C1267,Seren,Singh,seren.singh21@hotmail.co.uk,+44 7750 578292,2025-04-01,1987-10-16,Glasgow,G16 7YG,UK,FALSE
C4957,Arthur,Roberts,arthur.roberts@hotmail.co.uk,,2024-02-23,10.12.79,London,E18 1YZ,GB,no
C4842,Katarzyna,Khan,katarzyna.khan14@outlook.com,,2024-08-15,11-28-1952,Wrexham,LL3 5UT,United Kingdom,Yes
C2010,Ravi,O'Brien,ravi.obrien65@icloud.com,07489 912568,2024-01-30,1976-07-15,Bangor,ll58su,UK,Y
C2276,Katarzyna,Thompson,katarzyna.thompson31@hotmail.co.uk,07818 655043,2023-11-01,1987-06-26,Bath,BA6 9BB,United Kingdom,FALSE
C2887,Owen,Davies,owen.davies@yahoo.co.uk,07749 119097,2026-05-08,1975-10-03,Bath,BA1 4YX,United Kingdom,Y
C5013,Leo,Robinson,leo.robinson91@btinternet.com,07459926819,11/04/2025,1963-05-27,Bangor,LL12 3RQ,england,Y
C4113,Fiona,Murphy,fiona.murphy66@btinternet.com,07776 402155,2026-02-06,1951-06-20,Bath,ba189br,United Kingdom,Yes
C4673,Priya,Hughes,priya.hughes64@hotmail.co.uk,07411-341966,2024-03-19,27.11.72,Exeter,EX11 2QR,United Kingdom,TRUE
C5062,Ella,Green,ella.green@btinternet.com,07219 428743,2024-12-20,08/07/1981,swansea,SA5 2DQ,GB,TRUE
C2817,Ivy,Ali,ivy.ali@gmail.com,07235 221840,2025-05-31,1998-10-13,Birmingam,B13 2HY,United Kingdom,Yes
C3942,Mia,Lewis,mia.lewis71@yahoo.co.uk,+44 7231 569223,2024-08-21,1951-11-12,Glasgow,G17 4EN,United Kingdom,FALSE
C6096,ZAINAB,Thomas,ZAINAB.THOMAS70@YAHOO.CO.UK,07319 881663,unknown,1968-06-16,Bristol,BS18 6FJ,GB,TRUE
C3336,Cerys,Green,cerys.green@yahoo.co.uk,07863 550427,2023-06-07,24 Sep 1952,Birmingham,B9 7GS,UK,Yes
C2386,Mohammed,Jones,mohammed.jones86@yahoo.co.uk,07661-276704,12-19-2024,1972-07-04,Cardiff,CF18 7DQ,UK,FALSE
C5366,Seren,Murphy,seren.murphy@hotmail.co.uk,07853 249170,2024-02-19,1967-08-29,Liverpool,L20 2BL,United Kingdom,
C3593,Jack,Williams,jack.williams@icloud.com,07348 368750,22/08/2025,1954-04-03,Nottingham,NG9 9NL,United Kingdom,y
C3011,Niamh,Thomas,niamh.thomas93@gmail.com,+44 7711 421199,2026-03-06,1995-12-24,Sheffield,S18 7TQ,United Kingdom,N
C4104,Rhys,Ali,rhys.ali30@yahoo.co.uk,07146 442095,2026-01-25,1986-10-31,Swansea,SA20 8XS,england,no
C4931,Niamh,Jones,niamh.jones@icloud.com,07730 823564,2026-07-29,1955-05-01,Port Talbot,,United Kingdom,N
C4232,Owen,Jones,owen.jones82@icloud.com,07602 359111,01-02-2026,1975-05-02,Exeter,EX14 3PS,United Kingdom,N
C5848,Owen,Jenkins,owen.jenkins87@gmail.com,0752049,2026-02-22,1993-01-30,Bristol,BS14 4UE,United Kingdom,1
C3034,Mia,Hall,mia.hall93@outlook.com,07254-369196,2025-11-07,1993-07-30,Port Talbot,SA16 4NR,Wales,0
C1035,Zainab,Wood,zainab.wood@hotmail.co.uk,+44 7655 029797,2024-10-03,1966-06-17,Port Talbot,SA1 9BN,United Kingdom,Yes
C4893,Owen,Nowak,owen.nowak72@gmail.com,07121 677147,2024-09-04,1988-03-17,Bath,BA19 8DA,United Kingdom,No
C2886,Amelia,Nowak,amelia.nowak@icloud.com,07462 933069,2024-07-16,04-02-1959,Birmingham,B12 2WT,United Kingdom,0
C5794,Owen,Patel, owen.patel@btinternet.com ,07228 079355,27/04/2025,1993-09-23,Exeter,EX6 2BF,,no
C5636,Owen,Thompson,owen.thompson@yahoo.co.uk,07175-477582,2025-09-16,1961-10-15,Edinburgh,EH15 9WT,UK,N
C5743,Owen,Hall,owen.hall@btinternet.com,07715459026,01/05/2024,1960-02-20,Liverpool,L11 5SW,United Kingdom,FALSE
C1446,Leo,Lewis, leo.lewis83@hotmail.co.uk ,07616 718436,05-05-2025,1989-08-08,Bristol,BS13 7EZ,United Kingdom,FALSE
C5389,Harry,Jenkins,harry.jenkins4@hotmail.co.uk,07848 443893,2024-11-21,1900-01-01,London,E5 5FB,United Kingdom,FALSE
C6147,Seren ,Williams,SEREN.WILLIAMS@ICLOUD.COM,07768 864154,2023-12-21,1981-10-03,Bangor,LL9 1QT,United Kingdom,1
C3677,Liam,O'Brien, liam.obrien11@btinternet.com ,07189 494488,"October 13, 2023",1958-12-15,Newport,NP14 2AW,United Kingdom,y
C2082,Arthur,Jones,arthur.jones89@btinternet.com,07189075325,2025-02-14,1967-11-01,Swansea,SA4 8PU,United Kingdom,no
C4845,Harry,Ali,harry.ali@icloud.com,07456 494855,2026/07/01,1969-09-23,Sheffield,S12 1PR,,0
C5099,Chloe,Edwards,chloe.edwards73@btinternet.com,07735-526513,21.12.24,1966-08-21,Cardiff,CF15 1GQ,UK,0
C3113,George,Griffiths,george.griffiths84@yahoo.co.uk,07956 445352,2025-01-07,1956-07-05,Cardiff,CF8 1JE,Wales,no
C3225,Arthur,Edwards,arthur.edwards83@outlook.com,07564 771241,2026-08-20,1969-06-13,Cardiff,CF4 5PJ,UK,N
C2354,Lily,Davies,lily.davies85@gmail.com,07489 074343,15/09/2025,1967-04-09,Glasgow,G8 8WQ,United Kingdom,FALSE
C4700,Owen,Jones,owen.jones@hotmail.co.uk,07864-700479,2025-02-26,15 Apr 2004,Edinburgh,EH3 7GU,United Kingdom,
C2025,George,Walker,,07210 667102,09-30-2025,1973-03-23,,NP12 4EN,United Kingdom,TRUE
C4222,Freya,Singh,freya.singh82@icloud.com,07352372823,2023-07-08,1989-01-14,Birmingham,B2 6PA,UK,Yes
C5441,Freya,Smith,freya.smith33@gmail.com,07364554387,2025-09-24,1961-06-25,Exeter,EX6 9DH,United Kingdom,y
C5752,Cerys,Ali,cerys.ali@hotmail.co.uk,07223644106,13/11/2024,1959-07-07,edinburgh,EH7 4PF,United Kingdom,0
C4081,Isla,Singh,isla.singh9@gmail.com,+44 7817 782268,06.07.26,1968-05-15,Newport,NP6 9SW,UK,no
C3301,Chloe,Hughes,chloe.hughes77@gmail.com,07189-149879,2023-10-30,1974-02-15,Edinburgh,EH12 4PB,United Kingdom,Y
C1422,George,Ali,george.ali86@outlook.com,07124543736,2026-06-06,1957-10-23,Liverpool,L16 9GW,United Kingdom,FALSE
C3368,Zainab,Ali,zainab.ali80@btinternet.com,07395374357,2026-05-24,"August 05, 1987",Newport,NP17 1YR,U.K.,0
C5612,Liam,Nowak,liam.nowak78icloud.com,07118 971807,2025-01-23,1980-06-10,Sheffield,S12 8HW,United Kingdom,Yes
C2527,Cerys,Jenkins,"cerys.jenkins74@yahoo.co,uk",07979 253312,2026-04-26,1956-04-30,Aberystwyth,SY11 5YB,United Kingdom,No
C2358,Niamh,Evans,niamh.evans@hotmail.co.uk,07510 719546,10.08.26,1900-01-01,Glasgow,G20 1ZF,United Kingdom,Y
C3206,Gareth,Hall,gareth.hall77@btinternet.com,07675 921303,2026-08-21,1993-09-27,Birmingham,B13 7JY,United Kingdom,No
C4576,Fiona,Roberts,fiona.roberts@icloud.com,+44 7133 434183,2025-10-19,1984-08-11,Nottingham,NG6 4PH,United Kingdom,y
C1646,Tomasz,Williams,tomasz.williams90@btinternet.com,07277 447300,2024-06-27,2031-04-12,Exeter,EX15 5WL,United Kingdom,Y
C4797,Arthur,Davies,arthur.davies3@yahoo.co.uk,+44 7834 018083,2024/03/06,1987-09-06,Edinburgh,EH10 9HA,United Kingdom,no
C5463,Cerys,Walker,cerys.walker89@hotmail.co.uk,+44 7868 068784,2024-09-05,1999-08-16,Bath,BA17 8TP,,No
C6123,OWEN,Griffiths,owen.griffiths@gmail.com,+44 7987 923411,2026-04-17,1971-10-05,Aberystwyth,SY12 3GA,United Kingdom,1
C4796,Lily,Edwards,,07890-106670,05-31-2024,1976-10-14,Bath,BA1 2SW,United Kingdom,no
C2778,Aisha,Griffiths,aisha.griffiths@yahoo.co.uk,07363 496921,2026/04/04,1961-04-16,Wrexham,LL3 7HP,United Kingdom,No
C4520,Leo,Taylor,leo.taylor@gmail.com,07357318666,2023/06/10,25/10/1960,Belfast,BT16 9YU,United Kingdom,yes
C3613,Arthur,Patel,arthur.patel@icloud.com,07960 996304,2023-06-20,1960/06/30,Birmingham,B13 3AQ,United Kingdom,TRUE
C2651,Ethan,Lewis,ethan.lewis58@outlook.com,07582191435,2023-08-02,1964-05-28,Belfast,BT11 9ZN,United Kingdom,0
C6266,AVA,Lewis,AVA.LEWIS8@OUTLOOK.COM,+44 7365 772951,2025-09-26,1985-06-16,Sheffield,s19la,United Kingdom,Y
C2749,Lily,Williams,lily.williams@yahoo.co.uk,+44 7263 159915,2026-03-10,29.05.68,Birmingham,B2 2YX,United Kingdom,TRUE
C3478,Ravi,Davies,ravi.davies@hotmail.co.uk,07556 941372,2025-12-21,1990-07-05,Sheffield,s119eb,United Kingdom,y
C5586,Grace,Williams,grace.williams99@outlook.com,0796042,2026-08-31,"June 04, 1969",Exeter,EX20 5QD,GB,1
C4504,Seren,Khan,seren.khan2@outlook.com,07556 582161,2024-09-21,1995-07-14,Swansea,SA3 1XT,United Kingdom,Yes
C1251,Sophie,Williams,sophie.williams@btinternet.com,07750 149666,2025-06-14,1976-09-28,London,E18 5DB,United Kingdom,FALSE
C5195,Aisha,Smith,aisha.smith92@btinternet.com,07587 100484,2026-06-20,1961-11-03,Cardiff,cf123nz,UK,N
C2733,Callum,Price,callum.price66@btinternet.com,07665 661144,2024-09-18,26.10.85,Port Talbot,SA2 6UX,United Kingdom,y
C5652,Fiona,Evans,fiona.evans71@gmail.com,+44 7607 180641,2024/01/03,1976-05-17,Liverpool,L20 9UQ,U.K.,No
C2515,Mohammed,Walker,mohammed.walker@outlook.com,07801 427214,2025-04-08,1956-04-11,Swansea,SA8 7LA,england,no
C5552,Freya,Singh,freya.singh33@btinternet.com,07453 043532,2023-07-16,1974-04-01,Belfast,BT11 4UF,United Kingdom,N
C2503,Aisha,Price,aisha.price77@gmail.com,07169 454782,2025-08-30,06 Feb 1987,Port Talbot,SA9 5PJ,United Kingdom,no
C4813,Amelia,Wood,amelia.wood95@icloud.com,07535495336,2026-05-25,1965-01-13,Swansea,SA4 5WR,United Kingdom,0
C3017,Ivy,Robinson,ivy.robinson98@yahoo.co.uk,07589125820,18/03/2026,1979-12-11,Wrexham,LL5 4WP,United Kingdom,0
C2018,Grace,Murphy,grace.murphy68@hotmail.co.uk,07683 550659,2024-07-28,13 Feb 1993,Manchester,M17 5FX,U.K.,TRUE
C1846,Megan,Green,megan.green87@btinternet.com,07353 712903,2024-11-12,1990-01-25,manchester,M17 4AZ,UK,yes
C1302,Leo,Jones,leo.jones8@outlook.com,07995954846,2024-07-25,1994-10-18,Bangor,LL11 3SE,UK,FALSE
C2705,Noah,Jenkins,noah.jenkins78@hotmail.co.uk,07294 046533,2024-02-02,1981-10-21,Exeter,EX2 3QG,United Kingdom,no
C5379,Lily,Nowak,lily.nowak@yahoo.co.uk,07241 230411,2026-02-15,1999-09-15,Nottingham,NG14 2JN,United Kingdom,N
C1881,Jack,Taylor,jack.taylor26@outlook.com,07254533512,11 Jun 2026,1982-04-25,Bristol,BS14 2RW,United Kingdom,FALSE
C2406,Isla,Walker,isla.walker15@yahoo.co.uk,07746 307335,2025-08-06,0000-00-00,Nottingham,NG7 1XE,United Kingdom,yes
C3103,Ella,Khan,ella.khan48@gmail.com,07556 919311,2026/04/06,1958-10-18,Bangor,LL5 9GZ,United Kingdom,N
C2091,Harry,Murphy,harry.murphy90@yahoo.co.uk,07876-981638,2023-07-29,1962-01-05,Aberystwyth,SY4 8UP,United Kingdom,1
C2889,Ivy,Smith,ivy.smith87@icloud.com,07275 918912,2023-12-11,1974-05-31,Newport,NP1 7SQ,United Kingdom,1
C4128,Noah,Walker,noah.walker98@icloud.com,07392003000,2026-09-12,15/02/1996,Bangor,LL12 4AG,UK,1
C1577,Fiona,Green,fiona.green@icloud.com,07593090705,2026-03-27,1992-06-19,Aberystwyth,SY5 6AA,United Kingdom,
C6036,ravi,Thompson,RAVI.THOMPSON32@BTINTERNET.COM,0720056,2024-02-24,1951-08-01,Leeds,ls95jx,GB,no
C5105,George,Singh,george.singh55@outlook.com,07352546729,0000-00-00,1974-11-25,Aberystwyth,SY4 3BZ,United Kingdom,
C3539,Ella,Taylor,ella.tayloricloud.com,07112 610231,2024-02-10,"March 27, 1971",Leeds,LS11 6NJ,United Kingdom,0
C1123,Liam,Lewis,liam.lewis92@icloud.com,07266-375203,2024/11/15,1989-08-19,Bath,ba108tx,england,no
C3598,Cerys,Green,cerys.green81@gmail.com,+44 7579 695576,2024-05-29,,Wrexham,LL10 2SD,United Kingdom,Y
C5155,Connor,Singh,connor.singh84@btinternet.com,07128 874538,2023/11/11,1998-04-12,Cardiff,CF3 6WP,United Kingdom,FALSE
C4935,Chloe,Murphy,chloe.murphy@icloud.com,07288 595046,2025-11-22,1950-05-05,Liverpool,L8 4YL,United Kingdom,1
C4593,Ravi,Nowak,ravi.nowak@btinternet.com,+44 7206 872431,2023-09-20,2005-07-08,Leeds,LS7 1YN,United Kingdom,No
C3508,Bethan,Evans,bethan.evans82@yahoo.co.uk,07332 903988,01-26-2024,1992-11-18,Edinburgh,EH9 5ZA,United Kingdom,
C5311,Bethan,Thompson,bethan.thompson85@icloud.com,07745 328260,2026-07-30,1970-06-10,Belfast,BT3 6UL,GB,N
C1241,Leo,Hall,leo.hall99@outlook.com,07420 556813,2024-07-23,2031-04-12,Swansea,SA20 7UQ,United Kingdom,FALSE
C2252,Jack,Taylor,jack.taylor76@gmail.com,07813 214571,2024-10-27,1965-08-21,Port Talbot,sa123hp,United Kingdom,
C1612,Lily,Murphy,lily.murphy79@yahoo.co.uk,07906 820193,2026-02-13,16/01/1976,Swansea,SA6 8JH,United Kingdom,Yes
C5713,Priya,Davies,priya.davies73@yahoo.co.uk,07603 493335,2023-08-11,1990-05-04,Port Talbot,SA3 3SH,UK,yes
C5229,Noah,Griffiths,noah.griffiths93@yahoo.co.uk,07843 092823,2024-01-20,1985-10-13,Edinburgh,EH11 2JX,GB,1
C4136,Gareth,Smith,gareth.smith87@btinternet.com,07938348303,15.02.26,1986-02-07,Swansea,SA10 1JJ,UK,FALSE
C3773,Connor,Johnson,connor.johnson@icloud.com,+44 7190 570378,2024-07-29,1996-01-09,Cardiff,CF4 9NY,United Kingdom,FALSE
C3333,Owen,Khan,owen.khan13@hotmail.co.uk,,2025-10-18,03.10.52,Manchester,,United Kingdom,no
C5595,Connor,Evans, connor.evans81@btinternet.com ,07982-233186,2023-12-07,"January 20, 1987",Cardiff,CF8 4PU,United Kingdom,FALSE
C2187,Sean,Taylor,sean.taylor46@btinternet.com,07712702653,2023-11-12,1975-08-28,Exeter,EX14 7SQ,United Kingdom,y
C5148,Mohammed,Edwards,mohammed.edwards@yahoo.co.uk,07711 096293,2024-01-07,2003-04-28,cardiff,CF17 7DQ,United Kingdom,
C4236,Aisha,Morgan,aisha.morgan82@yahoo.co.uk,07623355971,20 Sep 2024,,Belfast,BT6 6XF,UK,Y
C2834,Zainab,Williams,zainab.williams@icloud.com,07962 283659,2024-01-05,1997-05-01,Bath,BA6 8RJ,United Kingdom,no
C1309,Niamh,Taylor,niamh.taylor92btinternet.com,07145 217177,2024-12-07,1965-07-11,Bristol,BS15 1YJ,UK,no
C3235,Grace,Jones,grace.jones97@gmail.com,07540 085452,2025-05-19,1964-08-30,Bath,BA10 4AU,U.K.,N
C2300,Ravi,Evans,ravi.evans@btinternet.com,07603 263773,2024-05-09,1985-11-11,Bangor,LL15 6JG,GB,No
C5375,Priya,Lewis,priya.lewis74@yahoo.co.uk,+44 7691 224289,2024-12-05,1984-05-22,Port Talbot,SA11 9DX,United Kingdom,Y
C4324,Amelia,Green,amelia.green84@btinternet.com,07475 367468,2024-08-27,1988-09-21,Bangor,LL10 8PG,UK,yes
C2576,Owen,Lewis,owen.lewis79@hotmail.co.uk,07842 144311,2025-05-01,1969-09-30,Birmingham,B4 5HQ,United Kingdom,Y
C3608,Liam,Taylor,liam.taylor98@gmail.com,07605428321,2023-10-15,1956-09-19,London,E14 1GT,United Kingdom,Yes
C5886,Mohammed,Johnson,mohammed.johnson71@hotmail.co.uk,07239 148069,2024-01-12,1983-09-04,Newport,NP10 1AP,UK,FALSE
C3972,Priya,Edwards,priya.edwards74@hotmail.co.uk,07427-457050,2025-11-12,2000-07-30,Bath,BA1 9DB,United Kingdom,Yes
C2600,Gareth,Edwards,gareth.edwards97@icloud.com,07229 803820,2025-01-07,1953-10-22,Sheffield,s115jg,UK,Yes
C4188,Chloe,Williams,chloe.williams1@btinternet.com,07511 111387,2024-09-11,2000-10-02,Exeter,EX2 1PN,GB,Y
C4951,Sean,Griffiths,sean.griffiths96@btinternet.com,07980-096674,2023-11-29,1980-06-26,Belfast,BT12 8RB,U.K.,Y
C1392,Harry,Davies,harry.davies75@gmail.com,+44 7385 333260,2024-12-11,1976-08-19,Wrexham,LL14 1FE,United Kingdom,y
C1431,Leo,Hall,leo.hall@icloud.com,07218-926450,2024/04/17,1979-10-31,Leeds,ls142az,Wales,No
C3118,Ravi,Williams, ravi.williams74@hotmail.co.uk ,+44 7295 615307,2025-08-24,1986-09-22,Leeds,ls62yu,United Kingdom,No
C4148,Ethan,O'Brien,,,2026-01-21,1967-06-03,Aberystwyth,SY19 4SX,Wales,0
C1956,Mohammed,Morgan,mohammed.morgan23@gmail.com,07526 089262,2023-06-02,1988-04-06,Birmingham,B15 9DR,UK,Yes
C2606,Leo,Singh,leo.singh@btinternet.com,07869287336,2025-11-20,1951-01-31,Nottingham,NG19 2AE,United Kingdom,N
C3410,Gareth,Jenkins,gareth.jenkins32@gmail.com,07891 051037,2024-01-23,1984-06-30,Newport,NP1 8JS,UK,No
C1937,Priya,Roberts,priya.roberts@icloud.com,07405 375085,2025-12-07,1965-06-03,Leeds,LS9 9BB,United Kingdom,1
C5870,Seren,Khan,seren.khan@btinternet.com,07368 015137,2023-08-05,1959-11-08,Exeter,,Great Britain,y
C6163,ELLA,Walker,ella.walker93@btinternet.com,07315 418694,2026-08-28,1955-09-15,Belfast,BT20 5PF,United Kingdom,N
C3287,Priya,Williams,priya.williams95@hotmail.co.uk,,08-18-2023,1995/10/17,Manchester,M20 8AW,United Kingdom,Yes
C1892,Sophie,Patel,sophie.patel@btinternet.com,0748377,2023-11-03,1997-07-24,Manchester,M5 6AL,United Kingdom,Y
C1680,Freya,Murphy,freya.murphy10@btinternet.com,07487 326095,2024-10-03,1973-10-31,Cardiff,CF17 6UH,england,No
C5408,Priya,Murphy,priya.murphy@outlook.com,07793 017097,03 Jul 2025,20 Jan 1953,Nottingham,NG7 5EE,Great Britain,yes
C5215,Isla,Taylor,isla.taylor95@icloud.com,+44 7736 335071,2024-11-20,2000-04-30,Wrexham,LL4 2JZ,United Kingdom,No
C2130,Ivy,Lewis,ivy.lewis73outlook.com,07761 334946,18.05.24,1981-09-17,Bath,BA13 2LY,United Kingdom,1
C5937,George,Davies,george.davies@yahoo.co.uk,,2025/07/21,15.02.69,Bath,BA15 6EX,UK,1
C4143,Isla,Jenkins,isla.jenkins@icloud.com,07234753349,2025-01-08,1900-01-01,Bath,BA7 5GD,UK,y
C2961,Noah,Murphy,,+44 7770 013836,2024-01-01,06-09-2001,Sheffield,S18 8XP,United Kingdom,No
C5991,Liam,Edwards,liam.edwards78@btinternet.com,07854 665305,2023-07-11,1960-09-07,Exeter,EX5 4HJ,United Kingdom,FALSE
C3556,Niamh,Price,niamh.price22@outlook.com,07830 315531,2024-09-09,1961-05-22,Sheffield,S15 5BD,United Kingdom,Yes
C5994,Connor,Patel,connor.patel72@btinternet.com,07931959553,04/03/2024,21/08/1954,Sheffield,S20 9UT,United Kingdom,0
C5953,Priya,Ali,priya.ali57@icloud.com,07590 675833,2025-12-30,2003-12-31,Wrexham,LL11 4HJ,U.K.,Y
C4681,Sean,Taylor,sean.taylor83@btinternet.com,07834472993,2026-02-18,2004-12-25,Bangor,LL12 9RE,GB,yes
C5394,Oliver,Price,oliver.price@gmail.com,07904-673463,2025-04-26,1978-02-05,Sheffield,,U.K.,0
C3511,Liam,Wood,liam.wood70@hotmail.co.uk,07328 871490,2025-05-06,1956/08/23,Cardiff,CF9 9XJ,United Kingdom,y
C5035,Ivy,McDonald,ivy.mcdonald94@yahoo.co.uk,07806 721711,2023-06-16,1971-10-08,Edinburgh,eh96gs,UK,0
C3313,Connor,Ali,connor.ali80@hotmail.co.uk,+44 7599 228803,2023-07-16,1974-10-23,Manchester,M11 7QT,United Kingdom,
C2275,Gareth,Smith,gareth.smith10@icloud.com,07503 465092,19.08.23,1985-11-01,Liverpool,l46aj,United Kingdom,
C5077,Cerys,Thomas,cerys.thomas@hotmail.co.uk,+44 7281 530556,2024-07-02,1981-02-01,Leeds,LS16 5XX,United Kingdom,yes
C6049,Ivy ,Edwards,IVY.EDWARDS56@ICLOUD.COM,07792 348602,2025-07-19,1971-01-21,Aberystwyth,SY10 6RH,United Kingdom,N
C2019,Dylan,Patel,dylan.patel@icloud.com,+44 7802 754149,2024-01-04,24/08/1953,Sheffield,S18 6XU,United Kingdom,N
C5934,Ethan,McDonald,ethan.mcdonald@gmail.com,07309 988260,2025-12-18,,Bath,BA14 8QE,United Kingdom,1
C3940,Freya,Hall,freya.hall@gmail.com,07300633739,05/05/2024,1968-07-18,Bristol,BS15 7GA,United Kingdom,TRUE
C1263,Zainab,Hughes,zainab.hughes64gmail.com,07851 792299,2025-03-08,1979-06-05,Cardiff,CF9 8LP,United Kingdom,N
C2274,Sean,Jenkins,sean.jenkins@outlook.com,,2026-06-14,11-04-1995,Bristol,BS14 8BD,United Kingdom,no
C6129,SOPHIE,Thomas,sophie.thomas75@gmail.com,07787 738878,2025-12-06,1996-06-04,Birmingham,B9 4QL,United Kingdom,N
C4769,Ella,Nowak,ella.nowak@gmail.com,07845 928536,2024/03/25,1966-01-01,Port Talbot,SA6 2SX,United Kingdom,0
C5242,Connor,Nowak,connor.nowak@gmail.com,07366531725,2023-10-09,1996-02-12,Sheffield,S9 8WD,United Kingdom,No
C1928,Harry,Murphy,harry.murphy12@btinternet.com,+44 7590 735510,28/06/2026,1953-10-03,Manchester,M11 8FU,U.K.,y
C5820,Bethan,Hughes,bethan.hughes83@btinternet.com,07496 903065,2024/04/11,1974-04-03,Leeds,LS2 3SS,UK,FALSE
C1527,Harry,Jenkins,harry.jenkins81@gmail.com,07922577202,2024-06-03,1970/12/22,Bristol,BS17 3WN,United Kingdom,no
C4906,Aisha,Williams,aisha.williams@hotmail.co.uk,07290633275,06 Jul 2025,1966-11-16,Belfast,BT10 4LW,United Kingdom,y
C4991,Amelia,Evans,amelia.evans22@hotmail.co.uk,+44 7983 488743,2025-05-26,1951-10-03,Leeds,LS12 9FH,United Kingdom,1
C6262,FREYA,Hall,freya.hall94@hotmail.co.uk,+44 7191 565234,31.12.24,1982-11-12,Manchester,M3 3PH,United Kingdom,N
C5534,Aisha,Robinson,aisha.robinson@hotmail.co.uk,+44 7772 281162,2024-08-28,1971-11-22,Cardiff,CF12 9NJ,UK,Y
C4950,Noah,Murphy,"noah.murphy92@yahoo.co,uk",+44 7129 215741,2023-11-06,31 Mar 1965,Manchester,M7 2FS,United Kingdom,1
C4899,Noah,Murphy,noah.murphy@outlook.com,07697 460043,2025-10-02,,Leeds,LS1 5JN,Wales,No
C5908,Megan,Thompson,megan.thompson66@gmail.com,07479 624584,2024-03-26,2000-09-20,Liverpool,L9 1UB,UK,0
C4171,Tomasz,O'Brien,,07916824765,2024-03-14,,Liverpool,L1 1GJ,United Kingdom,no
C1297,Ava,Jenkins,ava.jenkins82@hotmail.co.uk,07738 824193,2024-04-15,2003-10-16,Exeter,EX19 9GA,Great Britain,yes
C4289,Aisha,Williams,aisha.williams74@outlook.com,07776 631021,2026-07-06,1969-03-02,Sheffield,S7 8NS,United Kingdom,
C4031,Cerys,Thompson,cerys.thompson@btinternet.com,07516 117502,2025-12-25,2001-07-27,Liverpool,l159gp,United Kingdom,no
C5266,Jack,Thomas,jack.thomas@hotmail.co.uk,07557274555,2026-04-06,1996-12-28,Bristol,bs135lr,United Kingdom,FALSE
C4090,Leo,Morgan,leo.morgan@outlook.com,07228 981192,05/12/2025,1992-12-12,Newport,NP17 6WG,U.K.,no
C2780,Freya,Williams,freya.williams81@yahoo.co.uk,07846 206143,19.04.26,1990-03-20,Manchester,M17 3QP,UK,1
C6247,Rhys ,Price,rhys.price@outlook.com,07282853766,2023-12-20,14/07/1981,Exeter,EX15 2XG,UK,Y
C2199,Mohammed,Hall,mohammed.hall86@icloud.com,07535 324487,2025-09-20,20.02.74,Manchester,,UK,no
C5578,Bethan,O'Brien,bethan.obrien90@yahoo.co.uk,07663 019357,2023-08-19,1999-02-06,Glasgow,G3 3GT,United Kingdom,Yes
C3926,Niamh,Patel,niamh.patel88@icloud.com,07434205855,2023-06-05,1957-10-10,Aberystwyth,SY6 8DY,UK,0
C2591,Cerys,Griffiths,cerys.griffiths79@hotmail.co.uk,07349-605152,2026-09-25,1981-08-02,Bangor,LL10 9YT,UK,Yes
C5777,Lily,McDonald,lily.mcdonald76@yahoo.co.uk,07652 158404,2023-11-18,2002-03-06,Swansea,SA2 2XY,United Kingdom,N
C5957,Priya,Davies,priya.davies@gmail.com,+44 7634 842516,04/06/2023,1974-12-09,Glasgow,G1 5UW,United Kingdom,N
C5943,Priya,Jones,priya.jones@yahoo.co.uk,+44 7681 981107,2023-09-11,1988-06-04,London,E10 7BJ,United Kingdom,yes
C4130,Dylan,Singh,dylan.singh42@outlook.com,+44 7179 595822,2025-10-21,"February 07, 1981",Bristol,BS8 4BT,United Kingdom,1
C3475,Sean,Smith,sean.smith@icloud.com,07754928861,2024-11-23,1994-02-18,,NG12 8BA,UK,
C2522,Niamh,Jenkins,niamh.jenkins94@btinternet.com,+44 7618 327708,2024-04-23,1959-06-22,Swansea,SA15 9AE,UK,
C4194,Ella,Green,ella.green@yahoo.co.uk,07953 502979,2024/01/11,19.04.81,Bangor,LL7 8WJ,United Kingdom,
C2926,Fiona,Khan,fiona.khan@btinternet.com,+44 7795 090862,2024/07/24,1984-12-21,Wrexham,LL8 4UD,United Kingdom,
C6209,GRACE,Morgan,grace.morgan78hotmail.co.uk,,2025-09-19,1954-11-11,Bangor,LL17 4AZ,england,Y
C1550,Connor,Griffiths,connor.griffiths@outlook.com,0748021,2026/09/05,05-30-1990,Exeter,EX7 5RP,UK,
C4179,Owen,Price,owen.price90@hotmail.co.uk,07975966099,01-06-2025,1981-10-04,Bath,BA15 9RW,United Kingdom,1
C6110,Ella ,Khan,ella.khan@hotmail.co.uk,07614 153586,2026/04/17,N/A,Edinburg,EH19 5AA,United Kingdom,yes
C2005,Leo,Edwards,leo.edwards7@outlook.com,07447 588568,2024-03-15,16/05/1988,Glasgow,G1 6AL,UK,N
C2121,Ethan,Ali,ethan.ali@gmail.com,+44 7293 903755,2026-06-27,1986-12-18,Belfast,BT13 8LZ,GB,yes
C6229,OLIVER,Smith,OLIVER.SMITH4@GMAIL.COM,07610-546139,"August 13, 2024",1972-09-12,Liverpool,L4 3EJ,UK,
C5732,Mohammed,Lewis,mohammed.lewis@outlook.com,07168 506258,2023-09-30,1958-02-25,Liverpool,L2 5LR,United Kingdom,
C4889,Cerys,Williams,cerys.williams91@icloud.com,07646 643008,31/03/2024,1952-05-31,Aberystwyth,SY5 8QS,United Kingdom,FALSE
C1022,Priya,Johnson,"priya.johnson@yahoo.co,uk",07291 360779,2026-05-27,1977-05-10,Bath,BA15 7TZ,United Kingdom,Yes
C5194,Oliver,Davies,oliver.davies@yahoo.co.uk,07445 064424,12-28-2025,1973-04-16,Manchester,M17 1SF,Great Britain,TRUE
C1578,Katarzyna,Murphy,katarzyna.murphy9@hotmail.co.uk,,2023-11-23,2002-09-30,London,E7 1JZ,UK,yes
C4702,Bethan,Edwards,,0736482,2024-09-15,1999-04-23,Nottingham,NG19 2TB,,FALSE
C4476,Priya,Jenkins,priya.jenkins92@outlook.com,0760797,26/10/2025,07.02.84,Exeter,ex169jd,United Kingdom,no
C2122,Ravi,O'Brien,,07181 945557,21/08/2023,2001-12-12,Bangor,LL10 7YQ,GB,Yes
C5342,Ella,Nowak,ella.nowak54@hotmail.co.uk,07641 567210,"June 21, 2023",1985-12-16,Glasgow,G10 3RD,United Kingdom,TRUE
C2089,Mia,Green,,07330191656,2026-07-23,1955-12-28,Newport,NP11 1TT,United Kingdom,0
C3043,Tomasz,Patel,tomasz.patel99@icloud.com,07667 380654,2025-10-30,1973-11-11,Edinburgh,EH12 4WG,Great Britain,Yes
C3124,Dylan,Hughes,dylan.hughes22@gmail.com,07332137150,12-18-2023,2005-04-17,Glasgow,G8 6PA,UK,
C5017,Connor,Davies,connor.davies87@outlook.com,07954 064577,"August 09, 2024",1989-12-13,Cardiff,CF8 6TZ,UK,0
C2519,Sean,Murphy,sean.murphy@hotmail.co.uk,,2024-01-27,1958-04-18,Manchester,M10 7GE,GB,yes
C5299,Sean,Evans,sean.evans89@outlook.com,0781848,2025-12-07,1982-10-17,Nottingham,ng43jw,UK,N
C4834,Fiona,Evans,fiona.evans62@btinternet.com,,09.12.24,1962-05-13,Cardiff,CF14 9ZJ,United Kingdom,TRUE
C5661,Aisha,Wood,aisha.wood@hotmail.co.uk,0732750,2026-04-19,1976-03-13,Swansea,SA14 5FD,UK,TRUE
C1293,Ravi,Evans,ravi.evans90@icloud.com,07217 693921,06/08/2025,"May 16, 1966",London,E19 1RP,england,1
C3332,Seren,Price,seren.price93@btinternet.com,07222255198,2023-10-07,1990-05-26,Port Talbot,SA11 8JX,United Kingdom,1
C6007,Aisha ,Jones,aisha.jones41@btinternet.com,0789064,2026-09-10,unknown,London,E17 5DN,United Kingdom,
C2149,Isla,Taylor,isla.taylor61hotmail.co.uk,07223 833107,08/09/2024,1990-06-05,Wrexham,LL14 4ZZ,UK,FALSE
C3149,Sean,Nowak,sean.nowak@hotmail.co.uk,0728319,"September 04, 2025",2003-03-04,Bath,BA17 2EA,United Kingdom,N
C4857,Gareth,Robinson,gareth.robinson@outlook.com,07439008045,2023-06-03,1956-09-09,Bath,BA5 5LH,GB,0
C4980,Chloe,Hughes,chloe.hughes@icloud.com,07479625508,12-26-2024,1975-10-11,Bath,BA13 7XT,GB,
C4094,Mia,Nowak,mia.nowak40@icloud.com,+44 7144 548263,2024-09-10,1973-08-10,Glasgow,,United Kingdom,FALSE
C4606,Oliver,Thomas,oliver.thomas81@btinternet.com,07919122791,"November 07, 2023",2000-12-02,Glasgow,G5 3ZN,United Kingdom,y
C3523,Liam,Hall,liam.hall@hotmail.co.uk,+44 7471 512088,2026/04/13,1991-10-18,Glasgow,G11 8SS,Wales,TRUE
C1057,Grace,Thompson,grace.thompson@hotmail.co.uk,,2026-02-14,1960-11-03,Nottingham,NG11 4YT,United Kingdom,1
C1600,Amelia,Singh,amelia.singh74@yahoo.co.uk,07556305454,2024-11-17,1981-07-11,,LL11 4AZ,United Kingdom,no
C3130,Priya,Hughes,priya.hughes78@outlook.com,07263 805902,2025-10-31,1964-06-17,Belfast,BT18 6TX,United Kingdom,No
C1156,Seren,Taylor,seren.taylor17@icloud.com,07331278144,04/05/2026,1978-06-29,Swansea,SA16 3WZ,,N
C3018,Sophie,Taylor,,07302 977145,2024-05-27,1958-12-01,Nottingham,NG19 4HL,United Kingdom,no
C5499,Ethan,Williams,ethan.williams47@yahoo.co.uk,07296188743,2026-06-22,1988-07-05,CARDIFF,CF13 9EH,United Kingdom,yes
C4038,Mohammed,Jones,mohammed.jones57@hotmail.co.uk,+44 7181 575900,2023-06-13,2003-02-20,Cardiff,CF11 1FF,UK,y
C1402,Ella,Thomas,ella.thomas14@gmail.com,07431 604415,2024-10-05,1989-07-17,Sheffield,S13 1QT,United Kingdom,No
C4963,Ivy,Thompson,ivy.thompson@icloud.com,07727 604524,2026-09-10,1975-01-25,Liverpool,L9 7ZZ,UK,y
C1733,Connor,Jenkins,connor.jenkins@hotmail.co.uk,07514 867124,2024-10-09,1900-01-01,Swansea,SA14 7YB,UK,No
C3417,Bethan,Smith,bethan.smith76@outlook.com,+44 7239 095191,2025-03-11,12/08/1960,Aberystwyth,SY3 1XN,UK,TRUE
C2407,Katarzyna,Griffiths,katarzyna.griffiths36@btinternet.com,+44 7311 474628,2024-06-28,1966/02/14,Birmingham,B13 9RZ,United Kingdom,No
C1021,Rhys,Khan,rhys.khan@icloud.com,07264-693342,2024-02-20,1962-05-10,Cardiff,CF18 6AX,United Kingdom,FALSE
C1819,Isla,O'Brien,isla.obrien7@gmail.com,07855 570645,2026-08-31,1967-02-11,Glasgow,G16 9FT,england,y
C2602,Ethan,Robinson,ethan.robinson@hotmail.co.uk,,2024-11-09,"June 21, 1950",Sheffield,S16 3RN,UK,0
C3810,Megan,Davies,megan.davies@icloud.com,07188896309,2025-03-25,1989-12-11,Belfast,BT20 1WU,england,
C2589,Jack,Johnson,jack.johnson75@outlook.com,07400 267360,2025-03-28,1951-07-03,Bristol,BS12 2PX,GB,N
C6200,LIAM,Lewis,liam.lewis@icloud.com,07899763069,14/11/2025,"June 24, 1969",Exeter,EX19 1EE,UK,1
C6015,fiona,Edwards,FIONA.EDWARDS97@BTINTERNET.COM,+44 7658 016707,08-26-2023,06-18-1986,Sheffield,S3 3PQ,Great Britain,y
C6203,LEO,Hall,leo.hall27@hotmail.co.uk,,2026-06-22,1961-01-22,Belfast,BT20 6LF,UK,no
C3760,Lily,Nowak,lily.nowak51@icloud.com,+44 7722 092426,19/09/2025,1957-04-29,Wrexham,ll194rp,United Kingdom,Y
C5258,Lily,Davies,lily.davies18@outlook.com,07266 846215,2025-05-08,1961-06-27,Newport,NP8 9XU,United Kingdom,TRUE
C3207,Sean,Smith,sean.smith75@btinternet.com,+44 7964 990406,28/12/2025,1994-12-17,Port Talbot,SA6 6YR,United Kingdom,Yes
C4509,Owen,Murphy,owen.murphy@gmail.com,07640 764603,2024-10-12,1969-04-18,Leeds,LS12 6DS,United Kingdom,TRUE
C3904,Noah,Evans,noah.evans@outlook.com,07895 759083,2024-10-23,1965-11-05,Port Talbot,SA19 5HJ,United Kingdom,FALSE
C3858,Lily,Green,lily.green57@hotmail.co.uk,07969 107759,2024-07-08,1987-12-12,Bath,BA8 1TT,United Kingdom,No
C3683,Seren,Morgan,seren.morgan90@hotmail.co.uk,07712703395,04 Nov 2024,11 Sep 1962,Leeds,LS11 7QL,United Kingdom,0
C5247,Fiona,Johnson,fiona.johnson@yahoo.co.uk,07233 687676,2024-03-23,2005-06-19,Port Talbot,SA10 4GA,United Kingdom,yes
C3374,Megan,Evans,megan.evans97@btinternet.com,,2025-01-12,"March 05, 1998",london,E7 3SZ,United Kingdom,no
C2516,Sophie,Hughes,sophie.hughes@icloud.com,07726-672016,"November 10, 2024",1967-06-10,Belfast,,United Kingdom,FALSE
C4175,Callum,O'Brien,callum.obrien@outlook.com,07773 086968,2026-08-15,1953-01-03,Belfast,BT16 9YD,UK,No
C5605,Lily,Taylor,lily.taylor94@gmail.com,07137208362,2026-01-27,1986-01-25,Newport,NP20 8XS,United Kingdom,Yes
C4501,Aisha,Smith,aisha.smith71@yahoo.co.uk,07861 541388,28.01.26,1969-10-19,Edinburgh,EH10 8DR,Wales,Y
C3182,Ethan,Nowak,ethan.nowak56@yahoo.co.uk,07481102714,24.12.24,15.10.56,Bristol,BS20 8PR,Great Britain,Y
C4393,Niamh,Nowak,niamh.nowak12@btinternet.com,07440 288179,2025/11/16,2003-10-09,Sheffield,S18 6NX,United Kingdom,TRUE
C1985,Ravi,Hughes,ravi.hughes98@btinternet.com,07135 798759,2024-12-06,1951-04-04,Bath,,United Kingdom,No
C2763,Owen,Johnson,owen.johnson@yahoo.co.uk,07220 059672,28/02/2026,1992-11-28,Bristol,BS16 7QA,United Kingdom,FALSE
C5754,Zainab,Robinson,zainab.robinson82@outlook.com,07947799130,2025-04-02,1990-05-28,Belfast,BT17 5DY,UK,
C2811,Ethan,Jenkins,ethan.jenkins51@yahoo.co.uk,07957859960,10-18-2023,1978-05-20,Bangor,LL6 8UR,United Kingdom,1
C4646,Zainab,Ali,zainab.ali@hotmail.co.uk,+44 7999 537529,2025-09-23,0000-00-00,Cardiff,CF6 2GH,United Kingdom,0
C5443,Callum,Lewis, callum.lewis62@gmail.com ,07515 086100,2026-01-19,1998-11-20,Bath,BA5 3ZF,United Kingdom,Yes
C2816,Bethan,Robinson,bethan.robinson@yahoo.co.uk,07889330328,12/10/2024,1963-03-19,Glasgow,G19 3SZ,United Kingdom,no
C4767,Connor,Lewis,connor.lewis99@btinternet.com,+44 7716 208638,2026-08-06,1952-03-12,Swansea,SA11 1LG,United Kingdom,1
C1273,Priya,Jones,priya.jones77@yahoo.co.uk,07374 972089,17/08/2025,1977-04-23,Bristol,BS3 7PJ,United Kingdom,yes
C6088,NOAH,Wood,noah.wood75@icloud.com,07550776982,04-30-2024,1994-01-26,Manchestor,M14 7TU,UK,TRUE
C3347,Sean,Murphy,sean.murphy8@hotmail.co.uk,07670 691358,2023/06/11,1989-09-28,Cardiff,cf204zz,United Kingdom,
C5644,Fiona,Ali,fiona.ali61@yahoo.co.uk,07686409066,2026-08-09,1980-04-27,Wrexham,LL8 9BG,GB,1
C2260,Sophie,Wood,sophie.wood@yahoo.co.uk,0796437,2024-08-31,1967-07-26,Glasgow,G2 8UR,United Kingdom,0
C2580,Megan,Jones,megan.jones87@gmail.com,07675 412024,09.06.24,1955-03-12,London,E13 4EJ,UK,
C3072,Ravi,Evans,ravi.evans@icloud.com,07961 566119,2025-01-22,1974-06-09,Leeds,LS1 3SF,United Kingdom,yes
C5093,Liam,Green,liam.green15@btinternet.com,07390505251,26/05/2026,1972-12-18,Belfast,BT15 3NE,UK,yes
C1930,Seren,Davies,seren.davies@hotmail.co.uk,+44 7648 674868,2024-03-07,1955-11-25,London,E10 7YS,UK,No
C6083,SEAN,Thompson,sean.thompson88@outlook.com,07985-678811,26 May 2025,1963-07-09,Manchester,M11 1AF,UK,0
C4377,Ella,Ali,ella.ali90@outlook.com,07456389928,2026-07-03,2005-04-06,Birmingham,B14 6JX,Wales,
C1784,Liam,Wood,liam.wood82@gmail.com,07774585073,03.08.24,1968-12-25,Bath,BA12 2BQ,United Kingdom,no
C3758,Callum,Murphy,callum.murphy3@icloud.com,07778 862329,2024-11-07,2003-04-27,Glasgow,G4 4BJ,Wales,
C2716,Aisha,Edwards,aisha.edwards4@gmail.com,07334 513816,2026-04-30,08.10.60,Sheffield,S7 8GA,United Kingdom,Y
C5004,Mia,McDonald,mia.mcdonald82@outlook.com,07200 866362,05.02.26,1964-10-24,Belfast,BT13 7YJ,UK,FALSE
C6212,niamh,Wood,niamh.wood16@outlook.com,07215-807108,2025-08-08,1951-01-20,Nottingham,NG15 7JG,United Kingdom,Yes
C2957,Sophie,Taylor,sophie.taylor71@gmail.com,+44 7749 995895,2023-12-13,1957-01-18,Leeds,LS12 3HU,United Kingdom,no
C1395,George,Lewis,george.lewis84@hotmail.co.uk,07360 919939,2026-07-08,1951-08-24,Wrexham,ll74xa,United Kingdom,no
C4244,Mohammed,Murphy,mohammed.murphy@yahoo.co.uk,0728831,2024/06/14,1952-10-25,Leeds,LS1 5NB,Great Britain,FALSE
C1259,Ivy,Jenkins,ivy.jenkins42@outlook.com,+44 7955 249936,27 Jun 2025,2000-03-08,Exeter,EX18 6FZ,GB,FALSE
C2593,Liam,Smith,liam.smith@icloud.com,07762 539624,2023-11-18,1953-12-06,Glasgow,G20 9RR,United Kingdom,Yes
C4518,Chloe,Hall,chloe.hall@gmail.com,07345 612982,2024-12-09,1996-08-23,Glasgow,G6 1PL,United Kingdom,yes
C1417,Priya,Murphy,priya.murphy@gmail.com,,2026-02-25,1977-10-01,Manchester,M3 9GP,United Kingdom,0
C1024,Chloe,Jenkins,chloe.jenkins@gmail.com,07761 346493,2023-12-11,1990-09-28,Glasgow,G1 1FY,UK,Y
C4947,Aisha,Jones,aisha.jones@btinternet.com,07135 516809,"September 02, 2024",1952-12-19,London,E20 1EN,United Kingdom,Yes
C2134,Chloe,Price,chloe.price79@gmail.com,07693 106048,2025-10-06,1990-10-21,Newport,NP5 8NE,United Kingdom,yes
C4135,Seren,Roberts,seren.roberts@btinternet.com,07217 938044,2026-01-02,1992-12-18,Manchester,M13 9PU,United Kingdom,N
C5328,Fiona,Hughes,fiona.hughes97@hotmail.co.uk,07248 751073,2024-07-02,1950-01-05,Birmingham,B11 9GY,UK,TRUE
C4451,Ella,Patel,ella.patel50@outlook.com,07151 927275,2025-02-12,TBC,Port Talbot,SA12 7TJ,UK,No
C1649,Freya,Lewis,freya.lewis@hotmail.co.uk,07953 639695,2025-01-30,1990-11-23,Swansea,SA20 5ES,United Kingdom,1
C5053,Sophie,Davies,sophie.davies30@btinternet.com,07854154132,"June 04, 2025",2003-02-25,Nottingham,NG4 9PX,UK,Yes
C4088,Ravi,O'Brien,ravi.obrien98@yahoo.co.uk,07139335964,"June 18, 2026",1977/08/15,Belfast,BT20 7WN,United Kingdom,Yes
C2677,Liam,Murphy,liam.murphy@gmail.com,07423 835815,2025-10-27,1963/05/20,Aberystwyth,SY13 7ZB,United Kingdom,
C2482,Niamh,Thomas,niamh.thomas68@btinternet.com,07130-481232,2023-09-22,09-15-1974,Cardiff,CF19 6FU,United Kingdom,FALSE
C3862,Katarzyna,Lewis,katarzyna.lewis70@icloud.com,07899689833,2024/06/25,1954-01-20,Belfast,BT6 7ZH,United Kingdom,FALSE
C4084,Callum,Murphy,callum.murphy72@yahoo.co.uk,07525659398,2024-04-21,1952-06-24,Bangor,LL20 8FF,United Kingdom,1
C3823,Tomasz,Nowak,tomasz.nowak78@hotmail.co.uk,07388 359183,2023-10-06,1987-10-04,Leeds,ls48hq,United Kingdom,Yes
C1777,Mia,Ali,mia.ali32@outlook.com,0717097,28/08/2024,1969-08-08,Wrexham,LL11 3TF,Wales,Y
C1947,Rhys,Roberts,rhys.roberts@icloud.com,07260 652759,2024-12-23,17.01.53,Nottingham,NG18 3TF,United Kingdom,Y
C3238,Chloe,Khan,chloe.khan45@yahoo.co.uk,07164 471650,21/09/2026,1975-05-22,Nottingham,NG2 6EB,United Kingdom,No
C1510,Aisha,Morgan,,07841-661934,2025-09-03,03-29-1952,Newport,NP1 9WP,United Kingdom,no
C2083,Grace,McDonald,grace.mcdonald93@btinternet.com,07886 635327,07/04/2024,1985-11-26,Manchester,M16 2WR,U.K.,TRUE
C6271,AVA,Morgan,AVA.MORGAN@HOTMAIL.CO.UK,0738997,01-23-2026,2003-07-01,Leeds,LS13 5BA,United Kingdom,Yes
C5936,Chloe,Lewis,chloe.lewis4@yahoo.co.uk,+44 7670 676216,2024-08-23,"May 21, 1998",Bristol,BS7 1TL,U.K.,No
C1607,Tomasz,Walker,tomasz.walker@hotmail.co.uk,07555 453771,2025-09-04,1955-01-18,Swansea,SA2 2WR,UK,TRUE
C1359,Seren,Williams,seren.williams@gmail.com,07435 725582,2026-02-04,1951-02-23,Bangor,LL19 4FW,United Kingdom,0
C1648,Leo,Ali,leo.ali@gmail.com,07694088983,2024-06-29,1982-03-14,Glasgow,G3 3PH,United Kingdom,No
C1912,Tomasz,Thomas,tomasz.thomas@gmail.com,07111 887267,13 May 2026,1955-10-03,Birmingham,,U.K.,1
C2081,Megan,Thomas,megan.thomas52@gmail.com,07731 868996,2026-06-15,1970-02-13,Wrexham,LL9 6YL,UK,yes
C3425,Amelia,Price,amelia.price@hotmail.co.uk,07417 945948,2024-03-19,"April 05, 1982",Leeds,ls128hg,United Kingdom,y
C4766,Oliver,Edwards,oliver.edwards@yahoo.co.uk,07397 909785,09-16-2024,1958-05-13,Newport,NP19 7BQ,Wales,1
C3610,Freya,Taylor,freya.taylor@icloud.com,07416 858898,2025-10-29,1974-07-23,Aberystwyth,SY8 7LR,United Kingdom,Y
C2201,Harry,Lewis,harry.lewis@btinternet.com,07816849539,2024-03-10,N/A,Liverpool,L6 3EX,United Kingdom,N
C5316,Ravi,Price,ravi.price@gmail.com,07757 752109,2025-08-30,1987-11-06,Edinburg,EH12 8GQ,UK,0
C6047,bethan,Nowak,BETHAN.NOWAK@BTINTERNET.COM,07980111129,2026-05-09,1979-02-26,Leeds,LS17 1WJ,UK,N
C2242,Noah,Green,noah.green80@btinternet.com,,2026/09/17,,Nottingham,NG14 1UJ,United Kingdom,yes
C3402,Jack,Thomas,jack.thomas85@yahoo.co.uk,+44 7570 760300,2025-09-05,1973-05-17,Swansea,SA17 8PE,GB,TRUE
C2506,Leo,Griffiths,leo.griffiths@icloud.com,07150 800596,2026-03-20,1991-09-09,Aberystwyth,SY5 6ER,United Kingdom,
C2642,Aisha,Thompson,aisha.thompson@gmail.com,07431 970680,24.04.25,1967-03-25,Belfast,BT10 2LG,United Kingdom,TRUE
C5115,Bethan,Singh,bethan.singh80@icloud.com,07852 845549,2024-07-11,1953-12-04,Newport,NP20 6QG,UK,yes
C1701,Harry,Ali,harry.aligmail.com,07246 320333,"July 07, 2023",1982-10-29,Edinburgh,eh108lz,GB,y
C3125,Isla,Patel,isla.patel73@outlook.com,+44 7281 473622,2025-06-10,1959-03-07,Bangor,LL12 6WN,United Kingdom,yes
C5232,Tomasz,Griffiths,tomasz.griffiths52@outlook.com,+44 7710 511959,2026-06-01,TBC,London,E14 4FD,United Kingdom,Y
C4055,Jack,Wood,jack.wood@hotmail.co.uk,+44 7858 666290,29/07/2024,1995-09-07,Edinburgh,EH2 4LF,Wales,
C1842,Grace,Patel,grace.patel52@outlook.com,07939 828937,02-03-2025,1978-02-13,Port Talbot,sa87ng,,1
C1627,Leo,Edwards,leo.edwards@btinternet.com,07479 038156,2025-03-07,1963-11-14,Leeds,,U.K.,1
C1811,Cerys,Williams,cerys.williams35@gmail.com,,2026-02-26,1974-01-13,Newport,NP3 7YN,United Kingdom,TRUE
C2690,Liam,O'Brien, liam.obrien99@outlook.com ,0746129,20 Nov 2025,1988-06-10,Glasgow,G17 4EG,United Kingdom,0
C2655,Bethan,Walker,bethan.walker3@gmail.com,+44 7529 990680,2025-10-05,1975/03/23,Glasgow,G19 6TD,england,Y
C6295,priya,Taylor,priya.taylor@yahoo.co.uk,07119-157990,2024-08-22,1953-03-19,Nottingham,NG2 6RG,United Kingdom,1
C1933,Dylan,Davies,dylan.davies76@icloud.com,,2024-10-03,1979-11-19,Manchester,M4 8LJ,england,N
C4351,Niamh,Price,niamh.price84@btinternet.com,07733 182181,N/A,1954-06-06,Sheffield,S15 2UH,United Kingdom,y
C6270,Jack ,Wood,JACK.WOOD@OUTLOOK.COM,0738823,14.07.23,1959-09-20,Belfast,BT13 9BE,england,TRUE
C6008,rhys,Roberts,rhys.roberts@icloud.com,07260 652759,2025-01-09,1953-01-17,Nottingham,NG7 4ZL,United Kingdom,yes
C5682,Ravi,Roberts,ravi.roberts79@outlook.com,,2026-05-27,05-26-1989,Port Talbot,SA16 6BW,GB,FALSE
C5665,Freya,McDonald,freya.mcdonald78@yahoo.co.uk,+44 7669 750783,2025-07-10,1952-10-08,Glasgow,G11 8ET,United Kingdom,no
C1488,Megan,Taylor,megan.taylor88@outlook.com,07585242541,02/10/2023,1955-03-21,Aberystwyth,SY1 7ZS,United Kingdom,Y
C3449,Seren,Khan,seren.khan@hotmail.co.uk,07200034432,2025-05-16,2003-07-18,Glasgow,G6 5RE,UK,yes
C2092,Dylan,Murphy,dylan.murphy69@hotmail.co.uk,07778 627368,12-20-2025,1988-02-10,Birmingham,B9 8AA,United Kingdom,
C5926,Mohammed,Morgan,mohammed.morgan58@outlook.com,07710 047061,2026-05-08,2001-06-03,Bristol,BS20 2RR,UK,No
C4467,Freya,Morgan,freya.morgan@btinternet.com,07689-009108,2024-05-19,1971-09-08,Swansea,SA12 9AT,UK,No
C2197,Freya,Patel,freya.patel40@gmail.com,07178905159,2024-12-07,1963-08-10,Wrexham,LL9 7DX,U.K.,No
C4609,Chloe,Nowak,chloe.nowak53@hotmail.co.uk,07556 024887,2025-03-01,26.05.51,Leeds,LS15 7RH,UK,No
C1545,Noah,Morgan,noah.morgan@yahoo.co.uk,07499 008027,2024-01-27,1996-09-16,London,E3 7XF,UK,Yes
C5746,Freya,Lewis,freya.lewis85@gmail.com,07983215277,2026-08-01,1982-02-13,Manchester,M1 7ZF,,N
C2788,Jack,Hall,jack.hall75@yahoo.co.uk,07381 645982,2026-06-18,1979-04-26,Cardiff,CF17 8JE,UK,Yes
C6167,Ethan ,Jenkins,ETHAN.JENKINS86@BTINTERNET.COM,07716 081058,2023-11-02,"September 14, 1970",Exeter,ex44bd,United Kingdom,FALSE
C5267,Liam,Smith,liam.smith99@icloud.com,,2024-09-02,1964-03-11,Bristol,BS4 8ZP,United Kingdom,0
C6057,HARRY,Price,harry.price@outlook.com,07861 604125,2025-07-29,28/07/1975,Birmingham,B7 2JB,United Kingdom,Y
C1883,Ethan,Thompson,ethan.thompson71@btinternet.com,07584 555407,2025-03-12,1971-04-27,Sheffield,S12 4ET,United Kingdom,N
C3853,Sean,Davies,sean.davies50@hotmail.co.uk,+44 7501 783934,20/02/2024,1978-11-05,Edinburgh,EH18 1UW,United Kingdom,
C3962,Isla,Jones,isla.jones14@gmail.com,07980 521624,22 Feb 2024,1959-04-28,Swansea,SA4 1QA,United Kingdom,Yes
C5942,Priya,Nowak,priya.nowak19@outlook.com,07393 423972,"September 01, 2026",1974-07-21,Bristol,BS16 3FB,United Kingdom,Yes
C4772,Fiona,McDonald,fiona.mcdonald12@icloud.com,07936 255588,2026/03/18,1952-11-21,Wrexham,LL5 1FJ,United Kingdom,Y
C5052,Mia,Walker,mia.walker94@yahoo.co.uk,+44 7718 667330,08-23-2026,1991-10-09,Belfast,BT17 2AQ,UK,1
C1283,Ella,Davies,ella.davies@gmail.com,,2023-08-22,1965-10-05,Bath,BA18 4EU,United Kingdom,
C1454,Katarzyna,Evans,katarzyna.evans99@outlook.com,+44 7795 059013,09-03-2026,1994-05-16,Bangor,,United Kingdom,N
C5541,Ivy,Morgan,ivy.morgan@gmail.com,07640 726869,2025-08-01,1951-12-08,Port Talbot,sa169eg,GB,FALSE
C1695,Chloe,Robinson,chloe.robinson36@hotmail.co.uk,07732 055801,2024-06-09,1900-01-01,Birmingham,B8 2AF,United Kingdom,1
C3693,Niamh,Williams,niamh.williams74@outlook.com,0728879,2024-09-17,1958-10-11,Liverpool,L13 2UU,United Kingdom,N
C3931,Tomasz,O'Brien,tomasz.obrien@yahoo.co.uk,0762173,2026-02-12,1984-09-29,Port Talbot,SA10 6FY,United Kingdom,Yes
C2890,Ella,Lewis,ella.lewis97@icloud.com,+44 7203 216999,2025-02-22,2001-12-02,Glasgow,G7 2WJ,UK,FALSE
C1798,Chloe,Hall,chloe.hall65@gmail.com,07510642072,27 Apr 2025,1953-09-12,Swansea,SA13 6AW,United Kingdom,Yes
C4371,Ella,Nowak,ella.nowak80@outlook.com,07265-601373,2025-03-06,1988-07-17,Glasgow,G10 9NG,United Kingdom,N
C3891,Dylan,Singh,dylan.singh92@gmail.com,07542 051961,2025-12-03,2003-05-03,Edinburg,,United Kingdom,yes
C2153,Sophie,Thomas,sophie.thomas75@gmail.com,07787 738878,2025-12-05,1996-06-04,Birmingham,B20 8JF,United Kingdom,y
C5784,Rhys,Ali,rhys.ali@hotmail.co.uk,07124 947973,2024-10-22,1984-12-06,Liverpool,L20 1WH,United Kingdom,no
C3498,Isla,O'Brien,isla.obrien76@yahoo.co.uk,0719556,2024-03-18,2002-01-14,Cardiff,CF10 4WN,United Kingdom,1
C6077,oliver,Jones,OLIVER.JONES@OUTLOOK.COM,074971,2023-09-18,1961-03-13,London,E17 2AF,United Kingdom,no
C1867,Chloe,Taylor,chloe.taylor4@btinternet.com,07570127459,2026-04-24,2003-09-07,Aberystwyth,SY11 1DW,U.K.,yes
C5189,George,Thomas,george.thomas@hotmail.co.uk,07848 097001,12-02-2025,01/02/1968,Exeter,EX12 3XS,United Kingdom,1
C3633,Bethan,Lewis,bethan.lewis99@btinternet.com,,06 Aug 2025,14 Jan 1978,Bristol,BS6 2HW,United Kingdom,1
C5616,Freya,Williams,freya.williams82@icloud.com,+44 7521 623053,2026-02-15,04/04/1994,London,E12 5TX,GB,0
C3601,Seren,McDonald,seren.mcdonald25@hotmail.co.uk,07936 652562,2025-09-22,1982-10-17,Wrexham,LL11 8YY,UK,0
C1062,Sophie,Johnson,sophie.johnson71@yahoo.co.uk,07122-504028,2025-03-31,1961-12-14,Nottingham,NG15 4US,GB,1
C3730,Gareth,Thomas,gareth.thomas90@icloud.com,07349 188726,2025-03-13,1967-07-25,Sheffield,s181lz,Wales,No
C1384,Bethan,Williams,bethan.williams@outlook.com,,2025-12-11,2005-12-29,Belfast,BT17 6EX,UK,N
C3192,Liam,Smith,liam.smith@btinternet.com,07434985589,2026-04-29,1955-01-29,Birmingam,B3 5YF,U.K.,y
C4533,Connor,Nowak,connor.nowak90@gmail.com,0737344,13.06.24,,Cardiff,CF10 3DT,United Kingdom,0
C2324,Fiona,Jones,fiona.jones@btinternet.com,+44 7352 322648,2026-08-22,1960-11-16,Bangor,LL13 6ZX,UK,no
C1080,Ava,Patel,ava.patel96@icloud.com,07933 289528,"May 09, 2025",1958-10-27,Exeter,ex171xh,United Kingdom,0
C2419,Ella,Murphy, ella.murphy25@outlook.com ,,"September 22, 2026",01/04/2000,Newport,NP14 6PN,U.K.,Yes
C1414,Zainab,Roberts,zainab.roberts37@outlook.com,07307182763,2025-02-11,1967-07-31,Sheffield,S2 2WY,United Kingdom,TRUE
C5803,Megan,Walker,megan.walker@gmail.com,07232 711342,2024-07-21,1954-01-16,Newport,NP4 5SB,United Kingdom,0
C1780,Bethan,Patel,bethan.patel19@yahoo.co.uk,+44 7745 396290,2025-07-31,18.11.04,CARDIFF,CF19 4YW,United Kingdom,1
C4555,Fiona,Lewis,fiona.lewis@hotmail.co.uk,07156 492456,2023-07-11,2003-02-20,Newport,NP11 6NE,United Kingdom,no
C1827,Gareth,Thomas,gareth.thomas11@outlook.com,07647 673190,2024-08-23,1954-04-05,Bristol,BS10 2BN,United Kingdom,no
C5419,Noah,Evans,noah.evans91@icloud.com,07945-602369,2023-06-05,1975-12-17,Newport,,GB,No
C1393,Fiona,Thomas,fiona.thomas76@btinternet.com,0729741,2026-05-23,1964-06-21,Birmingham,B16 6PD,UK,y
C5489,Grace,Walker,grace.walker76@gmail.com,07516 566717,2024-04-27,1996/05/12,Birmingham,B18 3GE,United Kingdom,no
C5929,Bethan,O'Brien,bethan.obrien85@gmail.com,+44 7345 849641,2024/01/20,,London,E13 4FP,United Kingdom,FALSE
C4389,Jack,Jones,jack.jones@btinternet.com,,2024-07-31,1981-05-22,Birmingham,B18 1WD,United Kingdom,1
C2298,Tomasz,Lewis,tomasz.lewis11@yahoo.co.uk,07923244959,2026-09-07,1986-05-26,Leeds,LS4 1SN,United Kingdom,Y
C1804,Owen,Price,owen.price91@yahoo.co.uk,07243631265,unknown,1955-05-05,Cardiff,cf34an,United Kingdom,y
C4221,Oliver,Lewis,oliver.lewis86@gmail.com,,2024-06-13,1997-08-28,Newport,NP2 5RD,United Kingdom,N
C2745,Zainab,Jenkins, zainab.jenkins31@hotmail.co.uk ,,08-14-2026,1957-02-23,Swansea,SA10 8TS,,Yes
C5757,Mohammed,McDonald,mohammed.mcdonald64@icloud.com,07228-996358,2026-09-02,1954-02-02,Bristol,BS17 8DW,UK,yes
C5011,Megan,Nowak,megan.nowak34yahoo.co.uk,,19.09.24,1968-06-23,Swansea,SA8 1NE,United Kingdom,N
C2441,Cerys,Jenkins,cerys.jenkins@icloud.com,0791110,2024-10-07,2003-02-01,Bristol,BS3 4QE,United Kingdom,TRUE
C1641,George,Green,george.green86@gmail.com,07969 677978,2026-08-21,17.07.93,Edinburgh,EH6 6AD,United Kingdom,1
C3089,Leo,Price,leo.price80@btinternet.com,07253 043985,2026-01-25,1965-02-20,Nottingham,NG13 4XT,United Kingdom,N
C2621,Grace,Johnson,grace.johnson@outlook.com,07283-348308,2026-07-16,1988-09-12,Bath,BA17 2LB,United Kingdom,FALSE
C1148,Sophie,Wood,sophie.wood@hotmail.co.uk,07330 676694,2025-05-29,03.12.87,Bristol,BS20 7AQ,United Kingdom,FALSE
C2267,Rhys,Hughes,rhys.hughes75@yahoo.co.uk,07878 064794,11/07/2025,"June 24, 2001",Edinburgh,EH9 8XB,UK,0
C1556,Isla,Wood,isla.wood72@gmail.com,07761 513565,2023-08-29,26/10/1997,Newport,NP12 4WN,United Kingdom,0
C4292,Sean,Murphy,sean.murphy77@btinternet.com,07100 683520,2025-01-10,1964-08-26,London,E5 1NW,United Kingdom,FALSE
C2533,Liam,Johnson,liam.johnson13@gmail.com,07437 174497,2025-02-07,2031-04-12,Glasgow,G13 1YY,Great Britain,Y
C2656,Priya,Taylor,priya.taylor81@btinternet.com,07576 438828,2023/11/20,1969-07-08,Sheffield,S6 1SL,england,N
C1581,Grace,Robinson,grace.robinson@btinternet.com,07495 398405,01-28-2026,1999-10-23,Bangor,LL7 8TX,United Kingdom,1
C6189,GRACE,Jenkins,grace.jenkins@hotmail.co.uk,07470 530253,12/05/2026,27/06/1998,Bangor,LL12 6TX,england,No
C5176,Mia,Thompson,mia.thompson92@gmail.com,07558080503,2026-04-01,1960-05-12,Wrexham,LL4 3SD,Wales,Y
C1141,Sean,Jones,sean.jones29@yahoo.co.uk,07412 159224,2025/05/07,1953-01-20,Aberystwyth,SY12 5GY,United Kingdom,no
C5237,Ravi,Morgan,ravi.morgan86@btinternet.com,07477348163,2023-10-09,1954-06-26,Liverpool,,United Kingdom,y
C5203,Ravi,Ali,ravi.ali@btinternet.com,07804-657654,06-28-2026,1987-08-23,Newport,NP5 8XS,UK,0
C2692,Leo,Nowak,leo.nowak75@yahoo.co.uk,,2023-06-10,1971-04-04,Glasgow,G2 6LN,United Kingdom,N
C1088,Lily,Smith,lily.smith@icloud.com,07925227333,30/04/2026,"January 22, 1983",Sheffield,s23fr,U.K.,Yes
C2278,Oliver,Jones,oliver.jones@outlook.com,07379 532508,27 Apr 2026,1974-12-25,Bristol,BS15 1UG,United Kingdom,FALSE
C4588,Leo,Thompson,leo.thompsonoutlook.com,07690 267898,2025-03-19,1976-07-15,London,E3 1XE,United Kingdom,No
C6282,fiona,Nowak,fiona.nowak79@yahoo.co.uk,07643 865504,03.07.23,2003-11-20,Liverpool,L18 8AU,United Kingdom,no
C2938,Sean,Murphy,sean.murphy87@gmail.com,0726677,2023-08-14,1959-09-23,Nottingham,NG7 8LY,United Kingdom,0
C3552,Sophie,Hall,sophie.hall7@hotmail.co.uk,07424910384,2026-06-27,unknown,Bristol,BS1 4PX,United Kingdom,
C1130,Grace,Edwards,grace.edwards89@icloud.com,07155 303129,2023/12/29,2005-05-23,Exeter,EX6 7ZN,United Kingdom,
C1848,Callum,O'Brien,callum.obrien89@hotmail.co.uk,07882-499130,2025-06-26,1960-05-16,Belfast,,United Kingdom,N
C4159,Harry,Taylor,harry.taylor79@outlook.com,07417 506428,2024-06-23,1997-03-29,Nottingham,NG10 4NU,United Kingdom,TRUE
C1987,Amelia,Roberts,amelia.roberts47@yahoo.co.uk,+44 7655 730810,01.08.24,1969-12-14,Leeds,LS19 4BN,UK,y
C6073,oliver,Ali,oliver.ali@icloud.com,07617 567535,2024-12-01,1975-04-20,Bath,BA3 9FH,Great Britain,N
C1988,Sophie,O'Brien,sophie.obrien92@btinternet.com,07955 692717,2026-03-31,1995-12-06,Aberystwyth,SY19 7AX,United Kingdom,yes
C2472,Leo,Roberts,leo.roberts81@gmail.com,07357 432766,2025-09-23,1968-01-01,Glasgow,G1 8GE,United Kingdom,0
C2326,Connor,O'Brien,connor.obrien98@icloud.com,07145 462600,2023-06-07,09-10-1969,manchester,m23wg,,yes
C5878,Dylan,Taylor,dylan.taylor@btinternet.com,07814 854679,17.06.24,1963-09-24,Bath,BA4 2XP,United Kingdom,Y
C3849,Amelia,Ali,amelia.ali69@gmail.com,+44 7999 904455,"April 01, 2025",1971-07-17,Belfast,BT7 9UG,United Kingdom,Y
C5227,Owen,Singh,owen.singh75@gmail.com,+44 7199 852666,2024-01-18,1966-10-07,Newport,NP16 9PB,UK,no
C5142,Fiona,Thompson,fiona.thompson73@hotmail.co.uk,+44 7840 932409,"November 08, 2023",2003-08-26,,LL10 3YB,UK,FALSE
C2017,Cerys,Nowak,cerys.nowak@icloud.com,07276023667,2024-05-24,1994-09-22,Swansea,SA14 2JU,United Kingdom,FALSE
C3344,Dylan,Hall,dylan.hall@outlook.com,077492,2024-06-21,1963-01-29,Glasgow,G1 4NJ,United Kingdom,no
C2603,Oliver,Ali,oliver.ali@yahoo.co.uk,07413 762881,2025-10-14,1968-05-26,Belfast,BT11 5RB,United Kingdom,FALSE
C2518,Freya,Green,freya.green98@outlook.com,+44 7598 598710,2025-03-17,1968-04-01,Glasgow,G13 6PZ,United Kingdom,no
C3469,Dylan,McDonald,dylan.mcdonald72@outlook.com,07374 663385,2025/05/05,1964-03-13,Exeter,EX6 2EU,United Kingdom,N
C5138,Harry,Nowak,harry.nowak95@outlook.com,07150992654,2025-04-09,1950/10/08,Swansea,SA4 6DN,GB,0
C3039,Aisha,Ali,aisha.ali61@outlook.com,07781 296961,"October 19, 2024",1990-07-21,Sheffield,S7 8JN,United Kingdom,Yes
C4240,Dylan,Robinson,dylan.robinson95@btinternet.com,07897-318718,"October 15, 2025",1970-01-02,Sheffield,S1 5UB,UK,
C1631,Katarzyna,Singh,katarzyna.singh35@outlook.com,07466234857,2024-05-02,1999-04-28,Glasgow,G17 7AX,United Kingdom,yes
C4743,Aisha,Jones,aisha.jones49@icloud.com,07132 121277,2024-05-13,1996-08-10,Sheffield,S17 5GG,U.K.,0
C1125,Mia,McDonald,mia.mcdonald83@yahoo.co.uk,07485 708448,09-09-2025,2004-08-11,Liverpool,L19 3XL,U.K.,TRUE
C1882,Mohammed,O'Brien,mohammed.obrien@btinternet.com,07324 162750,2025-02-09,1991-10-14,Newport,np138yp,United Kingdom,No
C4824,Isla,Price, isla.price@gmail.com ,07433 736870,2026-05-08,1952/07/20,Newport,NP6 4DH,United Kingdom,yes
C2490,Mohammed,O'Brien, mohammed.obrien@hotmail.co.uk ,07616 111658,2024-08-30,1982-10-08,Exeter,EX2 2EJ,U.K.,N
C4852,Gareth,Green,gareth.green41@gmail.com,07743-564140,10-24-2023,1979-12-05,Bath,BA8 9GL,United Kingdom,yes
C5874,Freya,McDonald,freya.mcdonald@outlook.com,07528184265,2023-07-22,2001/02/25,Nottingham,NG19 8QG,United Kingdom,1
C2548,Bethan,Wood,bethan.wood17@gmail.com,07565 065475,2024-01-14,1951-11-11,Cardiff,CF8 5RN,Great Britain,y
C5447,Chloe,Griffiths,chloe.griffiths96@outlook.com,07509142484,07/01/2026,1996-03-20,London,E15 6JA,United Kingdom,No
C2874,Leo,Patel,leo.patel78@hotmail.co.uk,07278 985663,2025-05-10,1981-04-27,Cardiff,CF15 5WE,United Kingdom,N
C4641,Tomasz,Smith,tomasz.smith@gmail.com,+44 7451 216598,2025-08-23,1977-03-02,Bristol,BS14 8JU,United Kingdom,1
C1189,Cerys,Hughes,cerys.hughes@btinternet.com,07837 137097,2023-10-13,03-19-1960,Port Talbot,SA1 8UB,United Kingdom,yes
C3684,Grace,Green,"grace.green@icloud,com",+44 7617 886861,2026-05-28,2031-04-12,Birmingham,B15 2QP,United Kingdom,yes
C2433,Gareth,Murphy,gareth.murphy85@gmail.com,07120 686793,2023-10-06,1998-08-03,Bangor,LL12 6YS,United Kingdom,TRUE
C1025,Freya,Smith,freya.smith87@icloud.com,07321115021,17/04/2024,1998-04-20,Sheffield,s168th,United Kingdom,0
C1152,Ella,Johnson,ella.johnson98@outlook.com,07191 897359,2024-10-02,1999-05-03,Liverpool,L7 1TS,Wales,FALSE
C6139,Ella ,Hughes,ella.hughes78@yahoo.co.uk,+44 7637 471999,2025-10-24,2001-04-29,Manchester,M11 6LZ,United Kingdom,No
C5235,Chloe,McDonald,chloe.mcdonald93@hotmail.co.uk,07463 368792,2025-12-09,1994-03-14,Nottingham,NG14 3UZ,United Kingdom,
C4853,Fiona,Nowak,fiona.nowak35@yahoo.co.uk,0723038,05-30-2026,1968-12-23,Swansea,SA12 3NW,Great Britain,y
C4442,Gareth,Thompson,gareth.thompson@gmail.com,+44 7199 918846,2026-06-13,"May 06, 1955",Manchester,M16 3EZ,United Kingdom,Y
C3524,Sean,Wood,sean.wood@hotmail.co.uk,07389698781,2023-06-28,1979-09-24,Swansea,SA12 5RD,United Kingdom,
C5739,Ava,Green,ava.green95@outlook.com,07710 436950,2023-09-17,09 Jul 1976,Swansea,SA9 8XL,United Kingdom,
C2837,Aisha,Lewis,aisha.lewis63@yahoo.co.uk,,unknown,1955-01-25,Manchester,M20 9GY,UK,no
C4340,Cerys,Green,cerys.green94@yahoo.co.uk,07670813596,TBC,1987-04-16,Manchester,M2 3JQ,United Kingdom,0
C4248,Ava,Ali,ava.ali98@yahoo.co.uk,07441 256682,2025-11-20,02/06/1977,Port Talbot,SA13 4BD,United Kingdom,TRUE
C6180,jack,Hughes,jack.hughes@icloud.com,07725 843905,06/11/2023,1955-02-01,London,E4 7FH,United Kingdom,No
C1955,Jack,Singh,jack.singh@outlook.com,+44 7113 088878,2025-10-12,1983-07-03,Edinburgh,EH2 2HA,United Kingdom,no
C6160,OLIVER,Ali,oliver.ali@icloud.com,07182 816947,10/08/2024,0000-00-00,Swansea,SA3 8JF,Wales,no
C2641,Lily,Davies,lily.davies@icloud.com,07841959353,2024-02-28,1951-02-14,Leeds,LS8 5YF,United Kingdom,Yes
C4281,Aisha,Thompson,"aisha.thompson49@yahoo.co,uk",07869 472818,2025-03-26,1985-03-22,Edinburgh,EH11 4QJ,United Kingdom,Yes
C3654,Isla,Jenkins,isla.jenkins88btinternet.com,+44 7123 955210,2026-09-08,1998-05-08,Leeds,LS9 6AL,United Kingdom,yes
C2608,Leo,Edwards,leo.edwards@outlook.com,07926093637,2025-09-14,1960-05-29,Bangor,LL18 7TQ,United Kingdom,
C3142,Arthur,Lewis,arthur.lewis98@outlook.com,07659261916,2026-01-16,1964-04-11,Bath,BA14 7BD,United Kingdom,TRUE
C1714,Leo,Smith,leo.smith61@icloud.com,07836 039930,2023-12-21,1953-01-31,Exeter,EX16 8DU,United Kingdom,Y
C5149,Seren,Johnson,seren.johnson21@btinternet.com,07420 712471,2024-08-10,2003-04-26,Nottingham,NG17 9YZ,United Kingdom,no
C4460,Seren,Wood,seren.wood72@gmail.com,07568051821,2024-10-27,1985-06-11,Nottingham,NG3 7YZ,United Kingdom,0
C2169,Bethan,Jones,bethan.jones@hotmail.co.uk,07593 629365,2025-07-14,1996-09-14,Belfast,BT16 7JE,United Kingdom,
C5079,Grace,Robinson,,07543-491206,"June 06, 2023",1975-02-23,Manchester,,United Kingdom,Yes
C3908,Leo,Hughes,leo.hughes@yahoo.co.uk,07840 078957,2025-12-28,1977-01-22,Exeter,EX5 4SB,United Kingdom,FALSE
C4629,Chloe,Singh,chloe.singh77@icloud.com,07890 381913,2026-06-01,1998-05-03,Bath,BA3 7GE,United Kingdom,Yes
C4774,Amelia,Price,amelia.price97@yahoo.co.uk,07477-405565,29.01.26,1978-07-28,Sheffield,s13dg,United Kingdom,TRUE
C2968,Amelia,Smith,amelia.smith86@hotmail.co.uk,07873 413277,2026-08-17,1989-07-10,Liverpool,L20 4RN,United Kingdom,N
C5671,Tomasz,Griffiths,tomasz.griffiths96@hotmail.co.uk,07421 766181,14/11/2025,05/06/1973,Birmingham,B10 7SP,United Kingdom,TRUE
C4658,Jack,Thomas,jack.thomas64@btinternet.com,07239292421,2024-09-04,1950-01-31,Port Talbot,SA18 3EZ,UK,Yes
C3596,Ethan,Walker,ethan.walker@outlook.com,07459 871196,23/06/2024,1972-06-21,Sheffield,S14 3YW,United Kingdom,no
C5691,Freya,Ali,freya.ali@hotmail.co.uk,07462743577,2025-02-13,1953-08-31,Swansea,SA6 8XG,United Kingdom,yes
C5615,Cerys,Patel,cerys.patel@icloud.com,07814299114,2023-10-13,1959-07-08,Edinburgh,EH2 5JY,United Kingdom,
C6173,Oliver ,Patel,oliver.patel37@yahoo.co.uk,07287 266793,2026-10-28,2001-10-01,Aberystwyth,SY5 4WQ,United Kingdom,y
C1690,Dylan,Ali,dylan.ali@icloud.com,07319 605761,2025/05/22,1981-09-25,Sheffield,s74tr,Wales,0
C1536,Harry,Thomas,harry.thomas74@gmail.com,+44 7395 040346,2025-09-20,18/04/1967,Aberystwyth,sy182rw,United Kingdom,1
C1379,Priya,Johnson,priya.johnson5@outlook.com,07381020729,2026-02-05,1979-02-04,london,E13 5NT,United Kingdom,no
C2694,Sean,Khan,sean.khan16@yahoo.co.uk,07172 078280,2024-05-05,1998-11-24,Birmingham,B16 8SX,U.K.,
C5076,Chloe,Jones,chloe.jones64@yahoo.co.uk,07673 189034,2023-07-06,2001-01-09,Bangor,LL6 3FB,United Kingdom,N
C1420,Ravi,Evans,ravi.evans39@btinternet.com,07983 787623,2025-03-04,1958-10-31,Bristol,BS13 1WB,United Kingdom,No
C5568,Ethan,Murphy,ethan.murphy@outlook.com,,,1976-04-26,Sheffield,S2 8BF,U.K.,yes
C3627,Ella,Morgan,ella.morgan99@hotmail.co.uk,07585 967261,08.01.26,"December 24, 1979",Glasgow,G2 9TW,UK,0
C3378,Callum,Nowak,callum.nowak82@btinternet.com,07445095636,2024-11-28,1980-10-20,Bath,BA14 8UP,United Kingdom,0
C3599,Ethan,Hall,ethan.hall44@yahoo.co.uk,07903 271910,2023-11-20,1960-10-16,Exeter,EX16 6YB,United Kingdom,y
C2387,Zainab,Wood,zainab.wood@gmail.com,,09/11/2024,1981-04-19,Port Talbot,SA13 1FS,United Kingdom,No
C3032,Chloe,Patel,chloe.patel87@yahoo.co.uk,,2025-07-20,2000-12-01,Bristol,BS3 6QF,UK,Y
C1596,Rhys,Griffiths,rhys.griffiths@gmail.com,07402 507613,03-19-2024,1969-08-14,Belfast,BT11 1PT,United Kingdom,1
C3997,Mia,Singh,mia.singh80@icloud.com,07219248147,2024-10-01,1999-04-30,Aberystwyth,sy174tg,Wales,
C3423,Isla,Morgan,isla.morgan51@icloud.com,+44 7773 904591,2026-03-07,2000-10-02,Aberystwyth,SY2 3AB,United Kingdom,
C1993,Ava,Patel,ava.patel69@icloud.com,+44 7616 493703,2024-01-31,1974-12-17,Sheffield,S4 7RY,UK,No
C5817,Connor,Smith, connor.smith51@btinternet.com ,07126654471,2026-06-17,1954-07-13,Swansea,SA13 2QR,United Kingdom,
C1673,Harry,Taylor,harry.taylor92@hotmail.co.uk,07953 793122,26 Sep 2025,1957-10-10,Bristol,BS5 1NY,Wales,1
C5982,Sean,Khan,sean.khan91@btinternet.com,07847 823777,10 Mar 2025,1979-01-16,Aberystwyth,SY4 4GX,United Kingdom,FALSE
C3303,Ella,Walker,ella.walker82@outlook.com,07356052388,09-18-2024,1974-01-26,Belfast,BT1 8ED,United Kingdom,no
C5303,Mohammed,Williams,mohammed.williams7@hotmail.co.uk,+44 7424 628338,2023-09-03,"July 05, 1975",Swansea,SA18 9YG,United Kingdom,TRUE
C4470,Liam,Thompson,liam.thompson97@gmail.com,07664473958,2025-03-18,1973-06-17,Belfast,,UK,N
C6225,dylan,Smith,dylan.smith83@btinternet.com,07796 572784,2026-04-15,1980-04-01,Leeds,ls81da,United Kingdom,No
C1828,Amelia,Johnson,amelia.johnson@hotmail.co.uk,07195 676021,2026-05-05,2004-11-24,Swansea,SA3 2PH,GB,
C1801,Priya,Murphy,priya.murphy80@yahoo.co.uk,07883 812628,2025-11-15,1960-02-25,Leeds,LS16 7BD,UK,FALSE
C3040,Ethan,Evans,ethan.evans@outlook.com,07275 266639,2026-07-05,1984-12-14,Newport,NP7 5FY,GB,No
C1542,Ravi,Khan,ravi.khan@gmail.com,07125-369078,2023-09-25,2003-08-24,Bristol,BS6 3UD,United Kingdom,Yes
C4381,Lily,Williams,lily.williams@icloud.com,+44 7556 291263,2023-06-15,1968-04-17,Liverpool,L12 2TB,Wales,Y
C1102,Sophie,Taylor,sophie.taylor89@outlook.com,07517 985956,16/02/2024,1900-01-01,Newport,NP12 4FL,United Kingdom,y
C5331,Aisha,Evans,aisha.evans55@btinternet.com,07348 988517,17.12.24,1999-06-27,Swansea,SA16 8ZF,United Kingdom,yes
C4372,Rhys,McDonald,rhys.mcdonald81@outlook.com,07223 834348,2024-01-20,1959-04-14,Manchester,M4 2YD,United Kingdom,0
C2772,Mia,Green,mia.green@yahoo.co.uk,07552172398,2024-12-24,1961-11-16,Swansea,SA13 4WU,United Kingdom,N
C5770,Harry,Green,harry.green77@yahoo.co.uk,07692989888,2023-07-25,1974-12-01,Bath,BA2 1AH,United Kingdom,N
C3738,Cerys,Nowak,cerys.nowak@hotmail.co.uk,+44 7949 883983,2024/04/11,1971-01-31,Wrexham,LL6 5PH,United Kingdom,No
C2568,Mia,Smith,mia.smith95@icloud.com,07938027949,2026-07-30,1967-01-01,Aberystwyth,SY14 4PR,United Kingdom,Y
C4662,Mohammed,Murphy,mohammed.murphy98@icloud.com,07365466350,06 Apr 2024,12-17-1979,Exeter,EX15 3YU,United Kingdom,N
C4998,Oliver,Green,oliver.green@yahoo.co.uk,+44 7575 567268,2024-10-12,1956-08-31,Liverpool,L1 3FZ,UK,0
C3525,Tomasz,Walker,tomasz.walker51@hotmail.co.uk,07410-528519,05 Nov 2023,1954-11-06,Bath,BA5 7UN,United Kingdom,no
C6012,chloe,Green,CHLOE.GREEN@OUTLOOK.COM,+44 7371 128287,0000-00-00,1956-12-06,Manchester,M4 5UY,United Kingdom,
C3153,Bethan,O'Brien,bethan.obrien@hotmail.co.uk,07945-535238,2024-06-02,"June 04, 1998",Bristol,bs14le,United Kingdom,TRUE
C1880,Sean,Thompson,sean.thompson81@icloud.com,07933687014,2024-04-27,1962-08-25,Bangor,LL14 6LS,United Kingdom,yes
C2438,Zainab,Walker,zainab.walker53@outlook.com,07282 244357,2024-02-12,1998-10-06,Edinburgh,EH7 1LT,United Kingdom,FALSE
C5571,Oliver,Hughes,oliver.hughes31@hotmail.co.uk,,09/05/2025,2003-04-29,Leeds,LS5 1GY,Wales,1
C2136,Connor,Jenkins,connor.jenkins96@yahoo.co.uk,+44 7371 736542,2025-07-25,1978-11-25,London,E10 7BL,United Kingdom,FALSE
C4487,Dylan,Patel,dylan.patel@outlook.com,07521 330305,2024-08-26,0000-00-00,Newport,np138tr,UK,
C1571,Ava,Green,ava.green14@btinternet.com,+44 7189 562456,2023-07-04,15.08.62,Cardiff,CF8 4EX,United Kingdom,N
C1769,Grace,Griffiths,grace.griffiths47@icloud.com,+44 7846 007072,,1961-08-04,Port Talbot,SA2 2DF,United Kingdom,FALSE
C2292,Dylan,Walker,dylan.walker63@yahoo.co.uk,+44 7142 313181,2026-07-09,1972-07-05,Bristol,BS4 6YR,UK,
C2494,Aisha,Lewis,aisha.lewis41@outlook.com,07905 135968,2025-02-13,1980-01-08,Nottingham,NG4 1HP,United Kingdom,Y
C2310,Ava,Jenkins,ava.jenkins@hotmail.co.uk,07153 921614,20/04/2026,20/01/1955,Belfast,BT9 2ST,United Kingdom,1
C4149,Sophie,Evans,sophie.evans30@yahoo.co.uk,07553 394756,08 Sep 2024,1959-08-12,Port Talbot,SA14 5SG,,No
C5197,Bethan,Hall,bethan.hall70@outlook.com,07492 270219,2024-04-20,1999-04-29,Belfast,BT1 1BL,UK,TRUE
C4282,Fiona,Williams,fiona.williams@icloud.com,+44 7337 410359,2025-10-17,1965-08-21,Liverpool,L12 5EE,Great Britain,yes
C4011,Chloe,Robinson,chloe.robinson@gmail.com,+44 7896 228492,2025-01-24,2003-06-26,Sheffield,S5 5GF,United Kingdom,y
C2079,Lily,Davies,lily.davies83@gmail.com,,2024-03-30,1954-04-19,Bath,BA7 7SU,United Kingdom,Yes
C5861,Ethan,Edwards,ethan.edwards@hotmail.co.uk,07441 672507,2023-09-21,20/04/1967,Bristol,BS10 4PA,United Kingdom,yes
C1562,Chloe,Thompson,chloe.thompson2@icloud.com,07868 776463,2025-11-27,1959-06-04,Swanzea,SA3 1RR,United Kingdom,no
C5730,Ava,Murphy,ava.murphy75@hotmail.co.uk,07737 548795,2025-09-06,2002-05-10,Sheffield,S1 8PZ,United Kingdom,0
C5357,Gareth,Green,gareth.green20@outlook.com,07519720477,2025-03-15,1966-11-13,London,E11 2XS,United Kingdom,y
C1790,Sean,Johnson,sean.johnson86@icloud.com,07489 482681,TBC,1963-04-29,Newport,NP10 8PJ,United Kingdom,y
C4478,Ethan,Roberts,ethan.roberts85@btinternet.com,+44 7980 825742,2026-09-28,1956-06-13,Manchester,M16 8PU,Wales,No
C6019,Oliver ,Ali,oliver.ali20@hotmail.co.uk,07270 744817,2026/09/01,01/08/1962,London,e105nf,United Kingdom,N
C4894,Sean,Thomas,sean.thomas38@outlook.com,07301 424765,2024-12-10,1955-07-22,Swansea,SA12 2DA,United Kingdom,yes
C3924,Megan,Morgan,megan.morgan70@outlook.com,07351 491957,2024-02-03,1984-06-03,,LL1 1JS,United Kingdom,N
C5867,Connor,Murphy,connor.murphy97@icloud.com,0710570,12 Feb 2026,unknown,Swansea,SA4 9NA,United Kingdom,no
C4740,Leo,Wood,leo.wood1@hotmail.co.uk,07255 498941,2024-04-28,1972-02-22,Edinburgh,EH6 2EP,UK,no
C1222,Connor,Price,connor.price@yahoo.co.uk,,2026-08-03,1997-01-22,Exeter,ex69uf,United Kingdom,No
C1081,Ava,Green,,07495837953,22.10.23,1959-10-06,Swansea,SA19 2DT,UK,N
C2554,Ivy,Jenkins,ivy.jenkins74@gmail.com,,2026-05-08,1975-01-02,Edinburgh,eh145fs,U.K.,no
C2008,Katarzyna,Taylor,katarzyna.taylor@outlook.com,+44 7163 606061,07-17-2024,2001-05-23,Port Talbot,SA17 7YR,GB,1
C1994,Ethan,Davies,ethan.davies@icloud.com,07966 363928,2023-06-08,"August 25, 1974",Belfast,BT12 9YF,United Kingdom,Y
C4727,Seren,Nowak,seren.nowak@outlook.com,0785310,2025-09-29,1979-09-13,Leeds,LS10 9WJ,UK,1
C1868,Fiona,Roberts,fiona.roberts63@hotmail.co.uk,07266 159486,2025-10-16,1994-08-18,Liverpool,L7 5NR,United Kingdom,
C4204,Ethan,McDonald, ethan.mcdonald71@yahoo.co.uk ,07822 086674,2025-05-31,1982-10-24,Edinburgh,EH4 5XN,Wales,TRUE
C2465,Mohammed,Green,mohammed.green15@gmail.com,07982 071342,2026-06-10,1953-08-30,Newport,NP17 1JY,england,Y
C2969,Mia,Morgan,mia.morgan99@icloud.com,07831 348852,07/06/2023,1999-12-15,Birmingham,B9 2BD,United Kingdom,0
C2239,Aisha,Ali,aisha.ali86@outlook.com,07420787510,2025-04-04,1983-05-04,Birmingham,B10 8LF,United Kingdom,no
C1923,Ella,Lewis,ella.lewis76@gmail.com,07999 643240,07 Feb 2025,1982-01-22,Bath,BA16 2QR,United Kingdom,TRUE
C5285,Aisha,Edwards,aisha.edwards73@btinternet.com,+44 7113 716890,03-26-2026,1995-02-20,Nottingham,NG3 9GD,GB,1
C3197,Mia,Williams,mia.williams56@btinternet.com,07375 146440,13/07/2023,1970-10-01,Swanzea,SA6 5ZA,U.K.,FALSE
C2388,Ivy,Hall,ivy.hall71@gmail.com,+44 7318 391401,2025-08-16,1969-11-07,Newport,NP1 9AE,United Kingdom,Y
C4907,Oliver,Walker,oliver.walker@gmail.com,07267210859,2023-07-13,02-20-1983,Bangor,LL3 2BP,United Kingdom,FALSE
C3070,Fiona,Lewis,fiona.lewis57@outlook.com,+44 7174 185493,12.03.25,2002/02/18,Swansea,SA15 5HS,United Kingdom,yes
C1235,Grace,Jenkins,grace.jenkins9@yahoo.co.uk,07625517623,05-30-2026,1996-05-15,Exeter,EX10 2LA,United Kingdom,1
C4103,Freya,Taylor,freya.taylor20@btinternet.com,07781437619,2024-08-05,1958-10-21,Manchester,m15by,United Kingdom,N
C2431,Cerys,Smith,cerys.smith64@btinternet.com,,2024-11-10,1997-05-15,Leeds,LS11 6RW,United Kingdom,TRUE
C1221,Megan,Nowak,megan.nowak23@btinternet.com,07320 673832,02-02-2025,1970-08-29,Newport,NP7 4WB,United Kingdom,1
C2638,Seren,Singh,seren.singh91@hotmail.co.uk,+44 7745 603682,2025-06-09,1965-07-04,Bristol,BS15 7GX,United Kingdom,0
C2137,Arthur,Singh,arthur.singh75@hotmail.co.uk,+44 7167 310207,2026-03-24,1957-07-29,,EH7 5HQ,UK,No
C2220,Lily,Wood,lily.wood27@yahoo.co.uk,,2025/12/15,1993-07-03,Newport,NP5 3DR,,1
C3907,Katarzyna,McDonald,katarzyna.mcdonald96@btinternet.com,07166 230177,2026-05-27,1996-06-03,Newport,NP10 8TU,United Kingdom,0
C3546,Owen,Johnson,owen.johnson84@outlook.com,07291 932754,2024-07-01,1969-01-14,Glasgow,G12 2XY,United Kingdom,0
C4622,Ivy,Jenkins,ivy.jenkins76@hotmail.co.uk,07471-796518,2025-07-19,2004-12-16,Edinburgh,EH19 3YN,United Kingdom,FALSE
C4628,Ava,Jenkins,ava.jenkins@icloud.com,07221206509,01-06-2025,1997-03-13,Aberystwyth,SY3 2ZR,UK,1
C2348,Callum,Robinson,callum.robinson@hotmail.co.uk,0782253,2026-01-30,1972-11-08,Birmingham,B16 7WB,United Kingdom,yes
C1625,Aisha,Williams,aisha.williams@icloud.com,+44 7283 406046,18/08/2024,1997-05-31,Bristol,bs128ys,U.K.,No
C5969,Sophie,McDonald,sophie.mcdonald29@hotmail.co.uk,07679 126495,2025-09-01,1997-03-26,Edinburgh,EH18 4DP,GB,0
C2265,Ethan,Morgan,ethan.morgan75@gmail.com,07688 086658,2024-11-24,26.07.88,Edinburgh,EH13 8TL,United Kingdom,0
C2178,Cerys,Roberts,cerys.roberts41@yahoo.co.uk,,2025-01-26,1977-09-23,Liverpool,L19 1DY,United Kingdom,no
C5086,Chloe,Taylor,chloe.taylor@hotmail.co.uk,07848-398402,05.09.24,1988-05-03,Glasgow,G20 7YE,United Kingdom,yes
C2978,Noah,Green,noah.green@gmail.com,07439 354912,2023-06-07,2004-01-13,Leeds,LS11 1AT,United Kingdom,y
C2562,Zainab,Jones,zainab.jones20@btinternet.com,+44 7777 787862,24 Nov 2023,"October 27, 1998",Glasgow,G7 5HW,UK,
C2173,Tomasz,Jones,tomasz.jones76@yahoo.co.uk,07547 887617,"November 01, 2024",1983-11-13,Glasgow,G7 5HQ,Wales,TRUE
C4821,Cerys,Wood,cerys.wood@yahoo.co.uk,+44 7449 976170,0000-00-00,1950-08-22,Exeter,EX18 3HS,Great Britain,
C2022,Gareth,Roberts,gareth.roberts@icloud.com,+44 7966 441989,05-05-2024,1992-02-13,Port Talbot,SA8 3RU,United Kingdom,FALSE
C5924,Sean,Griffiths,sean.griffiths@outlook.com,+44 7983 969465,2025-07-27,16 Oct 1991,Glasgow,G13 7RD,United Kingdom,Y
C2327,Dylan,Price,dylan.price@gmail.com,07697-433676,30 Dec 2024,1975-09-21,Newport,NP20 8XW,United Kingdom,1
C5378,Callum,Lewis,callum.lewis@outlook.com,07935 809507,2023-11-03,2000-04-09,Wrexham,LL20 9RU,United Kingdom,no
C2578,Fiona,Smith,fiona.smith@btinternet.com,07693 623389,2025-11-09,10 Jan 1954,Belfast,BT7 1PW,UK,no
C4723,Sean,Patel,sean.patel@gmail.com,07256 454790,2026-07-06,10 Dec 1979,Leeds,LS19 6ZF,UK,N
C4270,Zainab,Wood,zainab.woodyahoo.co.uk,07892 535316,2025-06-28,1987-06-04,Wrexham,LL10 8SH,UK,FALSE
C3467,Priya,Wood,priya.wood96@yahoo.co.uk,0764124,2026-04-01,1987-08-03,Liverpool,L18 9HE,United Kingdom,1
C1913,Ivy,Morgan,ivy.morgan32@icloud.com,07382 355575,2026-06-29,1952-07-28,Newport,np152sq,United Kingdom,
C5221,Niamh,Jenkins,niamh.jenkins95@hotmail.co.uk,,2023-12-30,1952-03-20,Nottingham,NG16 2XU,UK,TRUE
C3976,Callum,Green,callum.green@gmail.com,+44 7620 084206,2024-09-21,21.06.81,Sheffield,S7 5LP,United Kingdom,
C2262,Rhys,Thomas,rhys.thomas83@yahoo.co.uk,0752874,2026/06/04,1951-04-21,Bath,BA3 4GZ,United Kingdom,Yes
C1215,Callum,Taylor,callum.taylor@hotmail.co.uk,+44 7165 838461,2026-06-17,"May 13, 1971",Edinburgh,EH16 6TT,United Kingdom,TRUE
C2949,Priya,Robinson,priya.robinson@gmail.com,07106 788884,23 Nov 2025,1966-05-19,Belfast,BT14 1QD,United Kingdom,1
C5279,Megan,Walker,megan.walker73@icloud.com,07363721782,2026-09-11,1994-07-12,Leeds,LS14 7NF,UK,
C6154,AVA,Jenkins,ava.jenkins96@outlook.com,07960 335781,2024-12-11,1982-07-15,Belfast,BT19 2YL,United Kingdom,yes
C5664,Owen,O'Brien,owen.obrien97@outlook.com,07679 545604,2024-06-01,1982-12-06,Birmingham,B8 7GQ,United Kingdom,1
C5907,Katarzyna,Roberts,katarzyna.roberts90@yahoo.co.uk,07965 404083,2024-01-05,1970-03-21,London,E4 1LU,UK,Yes
C1914,Harry,Morgan,harry.morgan@gmail.com,,2024/10/21,02-24-1988,Aberystwyth,SY3 5WP,United Kingdom,Yes
C2539,Niamh,Robinson,niamh.robinson@outlook.com,07730 793176,2024-04-27,1984/06/17,London,,United Kingdom,0
C5896,Rhys,Walker,rhys.walker@btinternet.com,07405 885960,2025-11-17,1978-01-10,Leeds,LS6 1YR,United Kingdom,TRUE
C6306,bethan,Johnson,BETHAN.JOHNSON@HOTMAIL.CO.UK,+44 7709 354036,01-23-2024,2003-11-28,Edinburgh,EH6 7EP,U.K.,y
C3831,Ethan,Morgan,ethan.morgan98@icloud.com,,22.03.24,1971-08-29,Swansea,SA1 8QH,UK,no
C1564,Priya,Ali,priya.ali55@btinternet.com,07151-127020,2024-08-16,1972-07-02,Sheffield,S7 1PD,United Kingdom,N
C3361,Tomasz,Robinson,tomasz.robinson72@icloud.com,07851970533,21.08.25,1978-07-01,Glasgow,G6 1RF,U.K.,FALSE
C6238,Owen ,Murphy,owen.murphy@gmail.com,07640 764603,2024-11-20,18/04/1969,Leeds,LS13 5QF,U.K.,
C4844,Leo,Robinson,leo.robinson82@gmail.com,+44 7790 614836,2024-08-20,21 May 1982,Nottingham,NG2 4NZ,england,Yes
C5827,Noah,Johnson,noah.johnson83@icloud.com,07118-593594,2025-09-27,1900-01-01,Sheffield,S14 2EQ,United Kingdom,y
C2614,Chloe,Williams,chloe.williams@outlook.com,07829 735919,2023-11-30,TBC,Leeds,LS12 3WF,UK,FALSE
C1582,George,Singh,george.singh59@btinternet.com,07360 573003,2025-10-08,1951-12-13,Exeter,EX18 8FP,United Kingdom,no
C5129,Harry,Taylor,harry.taylor89@yahoo.co.uk,+44 7414 284618,2024-07-10,1974-04-13,Bath,BA9 4XJ,UK,N
C1176,Ethan,O'Brien,ethan.obrien71@gmail.com,+44 7633 616515,08-30-2023,1998/08/31,Sheffield,S11 3WL,United Kingdom,Y
C3180,Megan,Roberts,megan.roberts@btinternet.com,07847710259,2025-11-10,1954-12-06,Cardiff,CF17 1TE,UK,yes
C2678,Cerys,Davies,cerys.davies30@yahoo.co.uk,07427 832569,2026-05-02,1953-03-31,Liverpool,L17 4BJ,UK,
C1173,Jack,Wood,jack.wood96@hotmail.co.uk,07931178202,2024-09-02,1996-05-17,Glasgow,G18 2RH,United Kingdom,no
C5462,Ivy,Jones,ivy.jones54@gmail.com,07994710958,2025-08-28,10 May 1970,Manchester,M17 8LU,,FALSE
C4306,Mohammed,Jenkins,mohammed.jenkins@yahoo.co.uk,07973585143,2026-05-10,1983-05-06,Aberystwyth,SY17 8HJ,United Kingdom,No
C4745,Isla,Green,isla.green71@icloud.com,07428 682221,05 Jul 2024,1955-09-04,Glasgow,G6 2FN,United Kingdom,TRUE
C5166,Harry,Roberts,harry.roberts55@gmail.com,07662 258657,2025-11-30,1966-01-16,Sheffield,S20 5WN,United Kingdom,N
C3698,Priya,Evans,priya.evans3@gmail.com,07470 325580,2026-09-26,1997-01-28,Liverpool,L7 9WW,United Kingdom,1
C2751,Katarzyna,Davies,katarzyna.davies94@icloud.com,,2024-01-26,25/09/1968,Wrexham,LL8 9QA,United Kingdom,0
C4489,Isla,McDonald,isla.mcdonald40@btinternet.com,07303-033811,19.06.25,1992-04-16,Nottingham,NG20 1UB,United Kingdom,TRUE
C1191,Oliver,Robinson,oliver.robinson37@icloud.com,07393 712340,2024-05-16,1979-02-28,Edinburgh,EH5 2QJ,UK,no
C4614,Chloe,Lewis,chloe.lewis95@icloud.com,07772603063,2024-03-25,2001-09-18,Nottingham,NG4 5PB,United Kingdom,N
C4074,Amelia,Smith,amelia.smith@outlook.com,07685 829776,14.06.23,1982-02-14,London,E5 4ZB,United Kingdom,0
C3239,Ella,Price,ella.price72@btinternet.com,07617 892315,2024-07-03,1968-10-24,Glasgow,G8 2SZ,england,0
C2481,Ava,Evans,ava.evans18@icloud.com,07868046600,09 Jul 2023,1994-05-25,Wrexham,LL17 7RB,United Kingdom,y
C4009,Seren,Evans,seren.evans@btinternet.com,0757814,2023-12-24,0000-00-00,Newport,NP2 2TU,United Kingdom,TRUE
C1499,Jack,Singh,jack.singh70@icloud.com,07970792262,2024-12-19,1975-08-18,Bangor,LL1 5DF,United Kingdom,FALSE
C2983,Callum,Jenkins,callum.jenkins@gmail.com,07430986156,03/03/2024,1966-10-02,Port Talbot,SA1 2DT,UK,Y
C4332,Dylan,Williams,dylan.williams37@gmail.com,,"January 24, 2024",1900-01-01,Wrexham,ll33bw,United Kingdom,FALSE
C2304,Ravi,Patel,ravi.patel42@btinternet.com,07779 671554,2025-08-15,1999-03-05,London,E6 8QP,United Kingdom,
C3474,Seren,Jones,seren.jones89@hotmail.co.uk,+44 7190 127725,2023-07-03,1964-08-04,Bristol,BS1 8NN,United Kingdom,
C2955,Jack,Roberts,jack.roberts72@btinternet.com,07785839250,2026-08-19,1985-03-26,Aberystwyth,SY7 2PN,england,Y
C4335,Sophie,Thompson,sophie.thompson83@icloud.com,07746-784508,2025-12-28,1993-10-28,Wrexham,LL9 9UH,United Kingdom,y
C5030,Zainab,Edwards,zainab.edwards31@btinternet.com,07355 050351,2026-01-17,1996-01-03,Wrexham,LL5 5JS,UK,0
C6108,Megan ,Griffiths,MEGAN.GRIFFITHS@YAHOO.CO.UK,+44 7965 273805,2026-03-23,1964-09-18,Manchestor,M8 7BF,GB,Yes
C3799,Chloe,Hall,chloe.hall9@gmail.com,+44 7843 845995,2024-02-02,02-02-2002,Glasgow,G17 9TJ,United Kingdom,FALSE
C3624,Chloe,Jones,chloe.jones@btinternet.com,07705790157,30/08/2026,13/05/1968,Bangor,LL14 2SQ,UK,No
C4255,Ivy,Johnson,ivy.johnson@outlook.com,+44 7360 854053,2026-02-16,1962-01-20,Aberystwyth,SY16 3ZQ,United Kingdom,0
C6135,SEAN,Price,sean.price4@yahoo.co.uk,07324527719,2025-06-12,1965-03-02,Leeds,LS18 3EF,Wales,Yes
C3611,Ivy,Jenkins,ivy.jenkins@icloud.com,07668 892357,N/A,1991-01-09,Manchester,M20 4ET,United Kingdom,TRUE
C4313,Cerys,McDonald,cerys.mcdonald82@hotmail.co.uk,07154 349938,2026-09-30,1981-04-07,Swansea,SA11 5RU,United Kingdom,TRUE
C4782,Seren,Williams,seren.williams94@hotmail.co.uk,+44 7490 137926,2023-09-22,1999/02/08,Bath,BA6 5UP,United Kingdom,TRUE
C5832,Seren,Green, seren.green94@gmail.com ,07982371297,2025/09/16,1950-08-19,Nottingham,,United Kingdom,no
C5866,Sean,Price,sean.price81@outlook.com,+44 7771 809830,28/11/2025,25/09/1972,Exeter,EX5 9PL,United Kingdom,N
C3716,Callum,Green,callum.green71@outlook.com,07761 608943,2024-10-20,1960-04-28,Edinburgh,EH6 2AQ,United Kingdom,No
C2188,Ava,Robinson,ava.robinson@hotmail.co.uk,+44 7176 297370,09-01-2026,22.09.86,Aberystwyth,sy114hn,United Kingdom,FALSE
C5613,Sean,Smith,sean.smith@outlook.com,07507475609,2025-05-29,2031-04-12,Glasgow,G11 1JA,United Kingdom,1
C4141,Harry,Wood,harry.wood80@outlook.com,+44 7184 478752,2025-11-21,1974-02-17,Sheffield,S4 4WB,United Kingdom,Y
C5046,Leo,Price,leo.price77@gmail.com,07660 527584,2026-04-29,1953-07-10,Glasgow,G7 9ZG,United Kingdom,0
C3433,Arthur,Thompson,arthur.thompson60@yahoo.co.uk,07798250891,09/08/2023,1995-09-15,Liverpool,L20 5BF,United Kingdom,0
C3470,Chloe,McDonald,chloe.mcdonald@outlook.com,07469 035864,2023-12-26,1985-05-21,Bristol,BS7 7WY,United Kingdom,Y
C5763,Ava,Davies,ava.davies92@gmail.com,07588 927565,2025-12-10,1957-03-24,Port Talbot,SA5 5ZE,GB,0
C3787,Owen,Griffiths,owen.griffiths@yahoo.co.uk,,2023-09-09,1953-05-26,Exeter,EX14 6WT,United Kingdom,Y
C3260,Ethan,Lewis,ethan.lewis25@yahoo.co.uk,07557 676324,2025-10-17,1971-07-29,Leeds,LS1 5QT,United Kingdom,yes
C4068,Harry,Lewis, harry.lewis83@hotmail.co.uk ,07190-913720,2025-05-20,2004-03-02,Exeter,EX6 8QB,United Kingdom,TRUE
C1097,Arthur,Griffiths,arthur.griffiths@yahoo.co.uk,07803 837705,2026-08-04,1963-05-14,London,E15 4PA,Great Britain,FALSE
C6312,callum,Davies,CALLUM.DAVIES@ICLOUD.COM,07362 442127,2026-01-26,1993-05-01,Sheffield,S7 1LT,United Kingdom,1
C2698,Liam,Edwards,liam.edwards76@outlook.com,07456-275016,19.02.24,,Cardiff,CF8 5RP,United Kingdom,0
C5700,Connor,Walker,connor.walker66@hotmail.co.uk,+44 7628 843988,2024-07-04,1966-07-03,Cardiff,cf163ny,United Kingdom,
C5630,Harry,Singh,harry.singh85@icloud.com,07102 911576,22/04/2026,2003-12-09,Swansea,,United Kingdom,TRUE
C3128,Rhys,Murphy,rhys.murphy86@outlook.com,0745692,2025-10-09,1955-09-12,Bath,BA9 3DB,GB,No
C4932,Isla,Singh,isla.singh22@outlook.com,07468300818,2026-06-13,1987-09-08,Manchester,M8 9PY,U.K.,N
C1672,Cerys,Walker,cerys.walker73@outlook.com,+44 7825 902615,19 Sep 2025,1994-10-27,Glasgow,G2 9DZ,United Kingdom,Yes
C2535,Lily,Hall,lily.hall@outlook.com,07142-298926,2024-07-07,1950-09-14,Aberystwyth,SY19 2WH,UK,no
C5110,Harry,Khan,harry.khan73@icloud.com,07244312505,2025-01-13,2003/11/24,Bath,ba147rn,UK,Yes
C3457,George,Johnson,george.johnson75@btinternet.com,07893 855012,"July 02, 2023",1963-10-29,Bangor,LL19 1HL,UK,y
C1976,Aisha,Johnson,aisha.johnson26@icloud.com,,29 Oct 2023,29.11.59,Manchester,M19 6XG,United Kingdom,no
C5016,Chloe,Jones,chloe.jones85@outlook.com,07185 802385,2026-05-09,1981-10-12,Port Talbot,SA4 5AQ,Wales,FALSE
C3917,Fiona,Roberts,fiona.roberts84@btinternet.com,07588-248393,2023-12-03,14.04.90,london,E17 5DQ,United Kingdom,Y
C3481,Leo,Smith,leo.smith36@gmail.com,07728 176216,2023-06-10,26 Sep 1961,Exeter,ex99wg,United Kingdom,N
C1439,Bethan,Smith,bethan.smith@outlook.com,07364 031624,2023-10-18,"August 19, 1961",Bath,ba66lh,United Kingdom,TRUE
C2594,Freya,Hughes,freya.hughes68@outlook.com,07885 344236,2024-11-18,1953-02-28,edinburgh,EH6 2PF,United Kingdom,yes
C3937,Ella,Hall,ella.hall88@btinternet.com,07756045419,2025-09-12,1976-11-06,Wrexham,LL2 3NE,GB,yes
C1873,Sean,Jones,sean.jones94@icloud.com,,2025-06-29,1979-09-23,Belfast,BT1 5UF,United Kingdom,no
C2435,Freya,Robinson,freya.robinson82@outlook.com,07331670364,N/A,1979-01-31,Belfast,BT1 7TT,United Kingdom,
C5106,Lily,Robinson,lily.robinson98@yahoo.co.uk,07795 276781,2025-05-03,1959-12-14,Liverpool,L7 6QF,UK,N
C2989,George,Green,george.green85@btinternet.com,+44 7237 266041,2025-08-01,1980-02-08,Port Talbot,SA10 7WT,UK,
C1137,Mohammed,Green,mohammed.green@outlook.com,07195318384,2024-12-18,1972-12-23,Newport,NP10 5GS,United Kingdom,Yes
C4235,Callum,Smith,callum.smith@yahoo.co.uk,07667711544,2026-05-06,1974-11-03,Glasgow,G14 6QA,United Kingdom,0
C1475,Tomasz,Hughes,tomasz.hughes35@gmail.com,07595460379,2025/06/16,06.04.84,Belfast,BT13 3SJ,UK,
C1275,Tomasz,Morgan,tomasz.morgan@hotmail.co.uk,07421740238,2024-06-22,1984-11-24,Swansea,SA8 2NB,United Kingdom,Y
C4565,Leo,Nowak,leo.nowak84@btinternet.com,07576 681866,2024-08-19,25 Apr 1952,Newport,NP19 5RS,United Kingdom,Y
C1515,Jack,Nowak,jack.nowak83@btinternet.com,07819 645341,2024-07-29,1985-08-19,Belfast,BT7 9WH,UK,No
C2380,Amelia,Patel,amelia.patel42@icloud.com,07372 411486,2024-05-17,1959-11-12,,LS7 8DE,United Kingdom,yes
C5666,Priya,Johnson,priya.johnson@outlook.com,07250 313716,26 Nov 2025,1979-02-21,Nottingham,NG9 3ZJ,United Kingdom,Yes
C1153,Seren,Evans,seren.evans77@hotmail.co.uk,07737425987,2025-12-29,1977-09-13,Newport,NP16 7TF,Great Britain,
C3680,Leo,Ali,leo.ali67@hotmail.co.uk,07207 942378,2023-07-13,1983-08-26,Newport,NP19 9UE,U.K.,N
C5675,Freya,Griffiths,freya.griffiths79@hotmail.co.uk,07279891747,2025-09-04,1958/08/28,Birmingham,B19 7HL,U.K.,No
C3495,Connor,Smith,connor.smith97@outlook.com,,2023-06-24,1971-02-10,Swansea,SA8 7NS,United Kingdom,Y
C2410,Liam,Roberts,liam.roberts@btinternet.com,07767072145,2024-06-06,1960-07-22,Leeds,LS12 1ZX,United Kingdom,Yes
C2120,Liam,Thomas,liam.thomas72@gmail.com,07377 563914,2025-08-14,1950-11-04,Bangor,LL1 9SE,United Kingdom,FALSE
C5877,Zainab,Walker,zainab.walker@gmail.com,07683826760,2025-09-14,1987-07-30,swansea,SA3 4AR,UK,y
C3609,Fiona,Hughes,fiona.hughes92@hotmail.co.uk,07577 511061,,1993-08-10,Aberystwyth,SY16 1RB,UK,No
C6148,CHLOE,Evans,CHLOE.EVANS75@HOTMAIL.CO.UK,07345143909,2026-08-14,"March 17, 1963",Swansea,SA4 9PG,england,yes
C6011,ravi,Davies,ravi.davies92@icloud.com,+44 7686 863821,2025-07-25,1989-06-28,Bangor,LL18 3PL,United Kingdom,TRUE
C3152,Noah,Price,noah.price70@btinternet.com,0734230,2023-11-14,1991-08-12,Exeter,EX9 9FW,GB,FALSE
C6174,MIA,Robinson,mia.robinson7@icloud.com,07778300158,05 Jul 2026,1985-05-06,Swansea,SA9 4JL,United Kingdom,1
C3531,Priya,Jones,priya.jones8@yahoo.co.uk,07338 089162,2024-10-01,1985-04-20,Manchester,M7 1XN,United Kingdom,yes
C4840,Zainab,Khan,zainab.khan@btinternet.com,,09-23-2023,1956-02-03,Nottingham,NG3 8DE,GB,No
C1786,Aisha,Singh,aisha.singh@yahoo.co.uk,07902 199136,2026-09-02,1986-05-19,Aberystwyth,SY11 8BW,United Kingdom,N
C5850,Aisha,Singh, aisha.singh85@btinternet.com ,07209417875,26 Feb 2026,09 Apr 2001,Glasgow,G19 9YG,United Kingdom,yes
C6219,Mohammed ,Murphy,MOHAMMED.MURPHY72@ICLOUD.COM,07426-447662,10-01-2025,1973-09-14,Newport,NP5 8GF,United Kingdom,No
C3279,Ava,Smith,ava.smith77@gmail.com,07423 359802,2025-05-03,1953-09-10,Belfast,BT12 3BF,United Kingdom,Y
C2460,Harry,Griffiths,harry.griffiths85@icloud.com,07569 149146,2024-05-13,1989-04-22,Exeter,EX4 6YB,UK,
C5190,Megan,Hughes,megan.hughes20@yahoo.co.uk,07344 786660,2026-01-02,1951-02-25,Bristol,BS18 7RP,UK,
C1698,Ella,Thompson,"ella.thompson85@gmail,com",07653-269402,2026-02-05,1982-12-04,Port Talbot,,United Kingdom,Yes
C6236,Owen ,McDonald,owen.mcdonald94@icloud.com,07965 296325,2026-07-15,"February 01, 1953",Bangor,LL4 8EL,United Kingdom,1
C4213,Megan,Wood,megan.wood83@icloud.com,07975 428449,2024-07-25,1978-07-23,Belfast,BT13 1HR,UK,FALSE
C5564,Leo,Khan,leo.khan93@btinternet.com,07434966363,2024-05-12,1980-09-29,Port Talbot,SA4 7ZG,United Kingdom,No
C3397,Noah,Patel,noah.patel73@yahoo.co.uk,07617015920,2024-07-14,1984-08-27,Newport,NP3 6UH,United Kingdom,y
C2110,Katarzyna,Griffiths,katarzyna.griffiths11@icloud.com,07785 326262,2024-08-28,1967-06-20,Leeds,ls118jf,United Kingdom,Y
C1139,Jack,Davies,jack.davies@yahoo.co.uk,07702678135,06/07/2026,1972-07-21,Birmingham,B15 3XF,United Kingdom,y
C5922,Rhys,Jones,rhys.jones94@hotmail.co.uk,07325 658683,2026-07-14,1961-08-31,Swansea,SA13 8FU,United Kingdom,N
C1214,Mohammed,Singh,mohammed.singh@gmail.com,+44 7746 281458,"January 03, 2025",1991-02-14,Aberystwyth,,United Kingdom,1
C4855,Megan,Price,megan.price@yahoo.co.uk,07743 439976,2025-01-17,1953-01-08,Wrexham,LL12 1XX,United Kingdom,
C1980,Niamh,Morgan,niamh.morgan@outlook.com,0784677,2025-12-21,1991-05-24,Manchester,M7 5GT,United Kingdom,N
C5273,Katarzyna,Thompson,katarzyna.thompson@hotmail.co.uk,07225 666854,"November 26, 2024",1982-06-28,Liverpool,L12 1HP,United Kingdom,1
C5437,Ella,Hughes,ella.hughes@yahoo.co.uk,07188 403295,2024-11-01,02 Oct 2000,Exeter,EX4 3TR,United Kingdom,yes
C1145,Fiona,Edwards,,+44 7801 512329,"August 22, 2024",1994-03-02,Bangor,LL4 2XG,UK,yes
C1917,Niamh,Smith,niamh.smith@yahoo.co.uk,07168-095934,07 Aug 2026,1985-02-05,London,E18 5RH,United Kingdom,N
C2915,Aisha,Edwards,aisha.edwards88@gmail.com,07603 466526,2023-06-19,1991-01-09,Port Talbot,SA5 6FA,United Kingdom,N
C4778,Harry,Price,harry.price@outlook.com,07861 604125,2025-07-25,1975-07-28,Birmingham,B12 3BY,United Kingdom,No
C3652,Freya,Thompson,freya.thompson@gmail.com,+44 7950 764748,"September 23, 2024",1993/04/04,Newport,NP10 2JJ,United Kingdom,Y
C3501,Grace,Evans,grace.evans@yahoo.co.uk,07859418224,25.01.25,1992-05-24,London,E15 1EE,United Kingdom,no
C3431,Ravi,Davies,ravi.davies@hotmail.co.uk,,2024-04-21,24 Apr 1964,Manchester,M1 5ZJ,UK,Y
C2118,Mia,Patel,mia.patel19@btinternet.com,07968249607,2024-12-11,1982-10-21,Sheffield,S9 4NG,United Kingdom,0
C4007,Ivy,Hall,ivy.hall96@icloud.com,07380854532,07/12/2025,2001-06-07,Aberystwyth,SY7 9PP,United Kingdom,yes
C5673,Chloe,Walker,chloe.walker@btinternet.com,07746 073422,2023-08-21,1996-06-27,BIRMINGHAM,B9 5ZU,United Kingdom,0
C5687,Gareth,Hughes,gareth.hughes@gmail.com,07897 288011,2024-10-07,1952/05/19,Bangor,LL10 5XJ,U.K.,TRUE
C6118,isla,Khan,,,2025-03-18,12 Apr 1968,Port Talbot,SA1 3TF,United Kingdom,Y
C2976,Niamh,Roberts,niamh.roberts98@hotmail.co.uk,07341 670581,2025-08-16,1996-04-23,Newport,NP16 6NU,United Kingdom,
C2795,Noah,Lewis,noah.lewis99@btinternet.com,07624085110,23 Apr 2025,"October 11, 2004",Wrexham,ll201aa,United Kingdom,No
C4187,Rhys,Hall,rhys.hall90@outlook.com,07187030337,2024-03-11,1950-06-23,edinburgh,EH9 2QT,UK,FALSE
C2485,Freya,O'Brien,freya.obrien16@gmail.com,07620 611564,2024-12-16,1971/10/25,Bangor,LL11 4WJ,UK,No
C2829,Callum,Edwards,callum.edwards@yahoo.co.uk,07743 745633,2023-06-15,03-11-1986,Sheffield,S12 7LQ,Wales,N
C5006,Chloe,Morgan,chloe.morgan70@hotmail.co.uk,07513 631237,2025-11-19,30 Jun 1986,london,E8 9XS,United Kingdom,y
C3098,Tomasz,Griffiths,tomasz.griffiths62@gmail.com,07140 973831,2024-06-06,2001-04-15,Port Talbot,SA12 8BX,GB,Y
C1376,Cerys,Evans,cerys.evans89@hotmail.co.uk,07921119266,2023-09-21,03/11/1973,Nottingham,NG16 3ZN,United Kingdom,1
C2208,Oliver,Murphy,oliver.murphy@yahoo.co.uk,+44 7331 599642,"October 29, 2025",1959-11-23,Nottingham,NG12 8QP,GB,No
C3021,George,Jenkins,george.jenkins@outlook.com,,2024/08/12,1984-12-28,Bath,BA20 3TF,United Kingdom,1
C4345,Dylan,McDonald,dylan.mcdonald58@gmail.com,07856 616621,2026/08/23,1958-05-18,Nottingham,,,1
C4971,Priya,Roberts,priya.roberts47@icloud.com,07799 678498,2024-01-25,1976-01-10,Belfast,BT17 6PP,United Kingdom,Y
C4261,Aisha,Johnson,aisha.johnson@hotmail.co.uk,07338-970091,2025-10-18,1989-10-25,Swansea,SA10 1PW,UK,yes
C6027,jack,Khan,jack.khan94@icloud.com,07593-517505,,1960-11-14,Nottingham,NG2 9AR,GB,1
C6264,Oliver ,Wood,OLIVER.WOOD@BTINTERNET.COM,07709582553,2026-07-28,09-10-1956,Belfast,BT7 7SU,United Kingdom,FALSE
C1082,Connor,Patel,connor.patel@outlook.com,07127 110261,2026/02/05,2031-04-12,Bangor,LL1 7XR,United Kingdom,TRUE
C2619,Liam,Hughes,liam.hughes@outlook.com,07657 225148,07/03/2026,1972-06-15,Swansea,SA7 4JJ,United Kingdom,No
C3259,Chloe,Morgan,chloe.morgan71@gmail.com,+44 7690 896224,2023-12-12,1987-06-02,Cardiff,CF5 6PS,United Kingdom,Y
C4688,Noah,McDonald,noah.mcdonald74@icloud.com,07336 003619,2023-12-27,1992-02-23,Aberystwyth,SY12 2BU,Great Britain,N
C5265,Leo,Walker,leo.walker82@hotmail.co.uk,,2025-07-29,1998-09-23,Sheffield,S8 1GT,UK,Yes
C2732,Grace,Thompson,grace.thompson37@outlook.com,07500324094,2025-03-10,1980-05-02,Liverpool,L12 4TB,U.K.,Y
C4780,Freya,Williams,freya.williams89@gmail.com,07285722957,2025-09-26,05-24-1952,Port Talbot,SA20 1DN,Great Britain,N
C4575,Seren,Lewis, seren.lewis52@yahoo.co.uk ,07156-782303,2024-04-04,1960-01-08,Swansea,SA20 7WZ,United Kingdom,yes
C1239,Ravi,Nowak,ravi.nowak98@yahoo.co.uk,07600 474738,2024-11-17,1956-01-22,manchester,M7 9FN,United Kingdom,no
C5188,Leo,Griffiths,leo.griffiths95@outlook.com,07968 161047,2023-08-18,1999/10/21,Glasgow,G3 2UE,United Kingdom,FALSE
C2346,Mia,Green,mia.green@outlook.com,07226 662159,03-15-2025,1970/09/05,Nottingham,NG19 8AX,United Kingdom,Y
C3805,Ethan,Green,ethan.green80@icloud.com,+44 7113 563197,2025-11-07,2004-12-28,Cardiff,CF2 4LQ,United Kingdom,No
C4651,Leo,Lewis,leo.lewis83@icloud.com,07680-190062,2025-09-14,2031-04-12,Bristol,BS17 9PX,United Kingdom,TRUE
C5864,Lily,Jenkins,lily.jenkins36@yahoo.co.uk,07294644865,2025-08-19,1986-01-13,Port Talbot,SA10 2YL,United Kingdom,No
C3005,Oliver,Khan,oliver.khan15@outlook.com,07693528260,17/05/2026,1982-06-02,Edinburgh,EH6 5YB,United Kingdom,no
C5402,Arthur,Robinson,arthur.robinson98@yahoo.co.uk,07414 920858,2026-07-09,1978-08-11,Aberystwyth,SY9 8EX,GB,FALSE
C3637,Bethan,Ali,bethan.ali56@btinternet.com,07916 746574,"May 17, 2025",2001-06-21,Wrexham,LL5 4RW,Great Britain,1
C4186,Arthur,Johnson,arthur.johnson76@hotmail.co.uk,07385-164378,2024-05-25,1981-06-05,Birmingham,B15 4EF,United Kingdom,No
C1534,Gareth,Jones,gareth.jones89@icloud.com,07180 162459,"September 15, 2026",1988-10-05,Aberystwyth,SY15 8UB,United Kingdom,
C5236,Chloe,Jones,chloe.jones75@yahoo.co.uk,07832 558521,2023-06-01,1982-08-03,Nottingham,NG18 3UD,UK,yes
C2499,Rhys,Edwards,rhys.edwards90@yahoo.co.uk,07687-879985,2025/03/26,1972-04-30,Bangor,LL5 1XH,GB,y
C3620,Ava,Ali,ava.ali74@yahoo.co.uk,,"August 31, 2026",1998-12-10,Cardiff,CF7 5NT,UK,No
C4139,Dylan,O'Brien,dylan.obrien62@hotmail.co.uk,+44 7810 019695,2025-03-09,1952-06-29,Bristol,BS13 3HH,United Kingdom,yes
C3527,George,Khan,george.khan92@hotmail.co.uk,07803 421840,2026-02-09,1995-05-03,Liverpool,L19 6NG,UK,Y
C2592,Sophie,Ali,sophie.ali@icloud.com,07932 415635,2023-12-27,27/06/1996,Belfast,BT10 1PQ,UK,FALSE
C3634,Aisha,Jones,aisha.jones@gmail.com,07896-084908,"October 17, 2023","June 24, 1979",Manchester,m25sh,United Kingdom,no
C1068,Leo,Edwards,leo.edwards82@icloud.com,07293159375,2025-06-14,1998-05-14,Liverpool,L6 6NE,UK,No
C3326,Bethan,Roberts,bethan.roberts@icloud.com,+44 7373 082900,2026-05-27,1998-08-20,Bangor,LL14 7SB,United Kingdom,Yes
C5246,Owen,Taylor,owen.taylor35@btinternet.com,0791067,2025-10-20,1970-06-08,Edinburgh,EH16 4BF,United Kingdom,TRUE
C3916,Dylan,Robinson,dylan.robinson85@outlook.com,07673753744,2026-08-23,1987-10-11,Cardif,CF15 9GE,United Kingdom,No
C4199,Cerys,Robinson,cerys.robinson82@hotmail.co.uk,+44 7488 019185,2024-06-19,2005-10-10,Edinburgh,EH2 1SU,United Kingdom,Y
C2085,Mohammed,Price,mohammed.price59@btinternet.com,07962 013566,2025-07-16,1971-04-03,Birmingham,B10 6EL,United Kingdom,no
C1870,Gareth,Johnson,gareth.johnson91@hotmail.co.uk,07117-286503,2025-11-27,1955-08-24,London,E14 5XA,Wales,Y
C5104,George,Jones,george.jones64@icloud.com,+44 7960 797354,04.01.25,1960/12/28,Exeter,ex126hg,United Kingdom,no
C3631,Cerys,Wood,cerys.wood57@gmail.com,+44 7390 118426,2024-05-27,2005-05-03,Birmingham,B16 9LZ,United Kingdom,no
C1725,Sophie,Griffiths,sophie.griffiths@icloud.com,07697 015100,2026-06-09,1991-12-17,Belfast,BT6 2RJ,United Kingdom,Y
C5993,Zainab,Jones,zainab.jones@outlook.com,0757778,2026-03-13,1988-01-17,Nottingham,NG16 3GA,United Kingdom,no
C1262,Zainab,Williams,zainab.williams@btinternet.com,07558 382021,2026-07-13,1972-02-05,Birmingham,B14 4FU,United Kingdom,1
C1328,Lily,Jenkins,lily.jenkins@outlook.com,+44 7244 596033,"January 01, 2025",25 Jul 1983,Wrexham,LL3 8UH,Wales,N
C4508,Harry,Williams,,07121540918,17.04.24,1954-06-14,Belfast,BT8 8PG,UK,No
C1244,Sophie,Ali,sophie.ali73@outlook.com,07427 901475,05/03/2025,,Glasgow,g39pd,United Kingdom,0
C5729,Owen,Johnson,owen.johnson31@icloud.com,07307377965,11 Dec 2023,2031-04-12,Wrexham,LL19 9JH,United Kingdom,Y
C4069,Sean,Hughes,sean.hughes98@btinternet.com,07252-635580,2025/11/14,16/05/1987,Sheffield,S6 1HE,UK,N
C4668,Mia,Griffiths,mia.griffiths89@icloud.com,07278 921905,29 Feb 2024,1959-06-02,Bangor,LL7 4DZ,United Kingdom,y
C6021,Lily ,Jones,lily.jones@btinternet.com,07279561808,2024-03-08,01/05/2004,Wrexham,LL12 9QE,U.K.,0
C1679,Bethan,Khan,bethan.khan94@yahoo.co.uk,07647 256846,2024-10-08,1984-08-20,Bath,BA16 9UF,england,Yes
C4580,Ella,Hall,ella.hall72@btinternet.com,07807 788945,2026-08-16,1978-10-20,Cardiff,CF15 3ZY,england,
C3227,Harry,Hughes,harry.hughes94@yahoo.co.uk,07351 639752,"July 18, 2025",1998-03-05,Port Talbot,SA20 5DS,United Kingdom,no
C5100,Grace,Ali,grace.ali@icloud.com,+44 7794 762623,2026-01-22,03.09.82,Bristol,BS3 8BP,UK,Y
C2581,Gareth,Hughes,gareth.hughes@hotmail.co.uk,07660259851,"November 23, 2025",1967-09-11,Newport,np178bb,UK,y
C2873,Connor,Roberts,connor.roberts4@outlook.com,+44 7510 421340,2025-11-21,2001-07-24,Aberystwyth,SY11 8SN,United Kingdom,N
C5709,George,Roberts,,07727 958525,2024-03-31,2000/10/21,,NG17 5PX,United Kingdom,Yes
C5127,Freya,Murphy,freya.murphy53@gmail.com,07719 508318,2023-12-02,unknown,Bangor,LL12 5EJ,United Kingdom,yes
C1567,Isla,Jenkins,isla.jenkins28@yahoo.co.uk,07822 248012,2024-07-10,1973-03-06,Glasgow,G9 6BB,United Kingdom,N
C4210,Dylan,Jenkins,dylan.jenkins63@icloud.com,07855 169798,2026-08-10,1982-02-27,Nottingham,NG3 3RS,United Kingdom,Yes
C3071,George,Morgan,george.morgan79@yahoo.co.uk,074661,2023-08-31,1980-09-07,London,E3 5BU,United Kingdom,
C2995,Seren,Morgan,,+44 7546 350221,2024-07-13,1996-11-02,Belfast,BT15 1AR,United Kingdom,y
C4151,Chloe,Nowak,chloe.nowak32@btinternet.com,07277775595,2025-08-03,1996-03-05,Manchester,,United Kingdom,TRUE
C4540,Callum,Davies,callum.davies@icloud.com,07362 442127,08 Jan 2026,1993-05-01,Sheffield,S13 2RP,United Kingdom,N
C5210,Sophie,Smith,sophie.smith@outlook.com,074884,2025-02-19,10.10.80,London,E9 8JH,GB,0
C1255,Isla,Smith,isla.smith9@outlook.com,+44 7436 471324,14/12/2025,25 Sep 1982,Swansea,SA4 2RW,United Kingdom,0
C1033,Lily,Nowak,lily.nowak76@gmail.com,07266 649037,2026-06-15,1960-02-07,Cardiff,CF4 1ZA,United Kingdom,0
C5153,George,Nowak,george.nowak42@outlook.com,+44 7741 554943,2025-07-03,1963-10-29,Edinburgh,EH11 1RU,United Kingdom,no
C5306,Megan,Thomas,megan.thomas@gmail.com,07856 325020,2025-01-01,05/12/1971,Bath,BA10 8TE,UK,yes
C4856,Gareth,Nowak, gareth.nowak@hotmail.co.uk ,+44 7991 146614,2024/02/05,1956/01/28,Exeter,EX10 4FA,,Yes
C3984,Callum,Jenkins,callum.jenkins87@yahoo.co.uk,07566637191,2025-02-25,1981-06-24,Swansea,SA20 1JX,UK,No
C5778,Dylan,Hall,dylan.hall86@hotmail.co.uk,07666173516,2024-03-27,1979-10-11,Aberystwyth,SY18 7BD,United Kingdom,1
C3854,Jack,Jones,jack.jones92@btinternet.com,07460157201,04-06-2025,1971-04-30,Bangor,LL2 6RY,UK,No
C4747,Lily,Jones,lily.jones21@yahoo.co.uk,07937322704,2024-04-25,1954-03-19,Wrexham,LL19 4ST,United Kingdom,yes
C1482,Sophie,Roberts,sophie.roberts82@hotmail.co.uk,07365 997721,2026-05-03,29 Oct 1951,Exeter,EX19 2RR,UK,FALSE
C3700,Grace,Morgan,grace.morgan83@hotmail.co.uk,07563 221225,2025-06-29,2000-03-08,Exeter,EX2 9RW,United Kingdom,TRUE
C1954,Seren,Ali,seren.ali@hotmail.co.uk,07789 429291,2026-06-05,1994-09-13,Birmingham,b78uw,United Kingdom,1
C1909,Aisha,Edwards,aisha.edwards@gmail.com,+44 7359 967520,"November 19, 2023",1954/12/14,Manchester,M10 1JY,United Kingdom,Y
C3522,Ava,Nowak,ava.nowak94@yahoo.co.uk,07904-208423,2024-03-16,1968-07-09,Bath,BA1 2BU,U.K.,y
C4178,Bethan,Nowak,bethan.nowak@outlook.com,07415 892853,2023-09-25,2000-08-25,Nottingham,NG6 7PW,UK,no
C5854,Owen,Evans,,07503 125486,02.01.25,1975-06-18,Aberystwyth,SY17 7YY,United Kingdom,no
C2321,Leo,Lewis,leo.lewis42@yahoo.co.uk,07685 704906,2024-05-20,1994-02-22,Cardiff,CF14 1YP,UK,Yes
C6159,Arthur ,Patel,arthur.patel@icloud.com,07960 996304,2023/07/08,1960-06-30,Birmingham,B5 3FZ,UK,TRUE
C2793,Priya,Thompson,priya.thompson37@hotmail.co.uk,07385 240928,2025-02-10,1960/02/27,Manchester,M18 3JS,UK,N
C4092,Katarzyna,Roberts,katarzyna.roberts@gmail.com,07101 733066,21.04.26,08-26-1983,Bristol,BS12 6JJ,United Kingdom,1
C4205,Niamh,Edwards,niamh.edwards15@yahoo.co.uk,07672 619918,2024-12-24,1956-07-11,Birmingham,B16 6RB,United Kingdom,1
C3870,Liam,Wood,liam.wood@icloud.com,07601 184579,2023-10-08,2031-04-12,Liverpool,L1 3XE,United Kingdom,y
C2871,Ivy,Roberts,ivy.roberts90@icloud.com,07838 980725,2025-09-30,2005-02-20,Bath,ba72pp,United Kingdom,Y
C3507,Aisha,Jones,aisha.jones12@hotmail.co.uk,0773760,2025-11-12,1993-08-15,Swansea,SA8 4ZX,UK,FALSE
C1458,Chloe,Robinson,chloe.robinson74@yahoo.co.uk,+44 7457 122779,2024-09-01,2003-10-02,Wrexham,ll154fu,United Kingdom,yes
C3434,Owen,Roberts,owen.roberts@outlook.com,07575 158270,2023-10-22,1964-02-11,Belfast,BT3 9PD,United Kingdom,
C1281,Dylan,Johnson,dylan.johnson59@yahoo.co.uk,07191 838241,"November 20, 2023",1981-07-05,Birmingham,B17 3WF,Great Britain,N
C3195,Katarzyna,Evans,katarzyna.evans@gmail.com,07113 947640,2026-01-08,1993-06-26,Liverpool,L9 9SF,United Kingdom,N
C4664,Sophie,O'Brien,sophie.obrien35@gmail.com,07193 355024,2024-10-30,26.11.05,Bristol,BS6 6BH,United Kingdom,Yes
C3366,Mohammed,Hughes,mohammed.hughes71@icloud.com,07490-091976,19.04.26,03/07/1971,Swansea,SA10 4BN,UK,
C1197,Dylan,Johnson,dylan.johnson@hotmail.co.uk,07282 027910,2025-08-27,1991/03/26,Edinburgh,EH17 4HL,United Kingdom,no
C5941,Gareth,Price, gareth.price75@hotmail.co.uk ,07162-680019,2024-08-13,1966-04-19,Bath,BA17 2QR,Great Britain,no
C3491,Noah,Green,noah.green77@icloud.com,07291253092,2025-09-02,1998-03-25,Bath,BA17 6PF,United Kingdom,Y
C3380,Sophie,Williams,sophie.williams@outlook.com,07988 051124,2026-02-16,1997-01-28,Exeter,EX3 6BF,U.K.,1
C3670,Noah,McDonald,noah.mcdonald@gmail.com,07172 503233,2025/02/05,1987-12-02,Bristol,BS3 9ZA,UK,No
C5923,Grace,Taylor,grace.taylor61@icloud.com,07516 713050,2024-09-03,1999-12-03,Bath,BA8 9WH,United Kingdom,yes
C4184,Zainab,Walker,zainab.walker87@outlook.com,07594 653224,2024-08-13,1998-02-08,Edinburgh,eh142fn,Great Britain,N
C1030,Aisha,Walker,aisha.walker80@hotmail.co.uk,,2023-08-17,2003-04-19,Exeter,EX15 2RY,United Kingdom,no
C3939,Aisha,Thomas,aisha.thomas58@yahoo.co.uk,07164 569321,06-07-2023,2001-06-13,Glasgow,G11 3QR,UK,y
C2878,Megan,Thomas,megan.thomas@hotmail.co.uk,07554-878289,2026-04-14,1963-11-26,Nottingham,,United Kingdom,Y
C2247,Harry,Wood,harry.wood@gmail.com,07667 203978,2025-03-11,1981-03-17,Port Talbot,SA19 3ZG,United Kingdom,no
C3190,Ella,Price,ella.price@gmail.com,+44 7749 878189,2023-09-03,1995-07-12,Newport,NP8 9FB,UK,1
C1346,Callum,O'Brien,callum.obrien6@hotmail.co.uk,07737123944,2023/11/04,1973-02-10,Nottingham,NG17 5RP,U.K.,y
C3959,George,Hall,george.hall91@icloud.com,07325477497,2024-10-30,1990-03-02,Cardiff,CF13 2UE,UK,no
C3350,Leo,Murphy,leo.murphy@outlook.com,07661-096762,2025-04-19,1997-03-26,,BS2 8NA,United Kingdom,Yes
C3966,Lily,Smith,lily.smith88@gmail.com,07861 896044,15 Jul 2025,1958-04-05,Bristol,BS3 3HP,United Kingdom,1
C3719,Megan,Murphy,megan.murphy@yahoo.co.uk,,2024-01-28,2002-01-05,Aberystwyth,SY3 3UJ,UK,no
C4053,Ravi,Lewis,ravi.lewis73@icloud.com,0799593,2026-02-06,1960-06-20,,SY4 4ZH,United Kingdom,
C2256,Chloe,Hughes,chloe.hughes57@icloud.com,07397010765,2026-03-05,1956-08-31,Bangor,LL1 6TS,United Kingdom,y
C1999,Niamh,Walker,,07562 583436,2025-05-22,"July 13, 1993",Newport,np85eb,United Kingdom,Y
C6313,Sophie ,Ali,sophie.ali93@icloud.com,,2026-05-20,,Port Talbot,SA13 7LG,United Kingdom,No
C3476,Ethan,Davies,ethan.davies@yahoo.co.uk,+44 7179 179809,2024-07-08,1969-07-31,Leeds,LS8 1BD,United Kingdom,TRUE
C5376,Liam,Jones,liam.jones87@hotmail.co.uk,07345844726,2024-04-19,1956/10/25,Leeds,LS9 3EP,United Kingdom,y
C5780,Gareth,Thomas,gareth.thomas@icloud.com,07655 015849,2023-12-08,,Birmingham,B13 1HX,United Kingdom,
C4215,Cerys,Walker,cerys.walker@outlook.com,07385004557,2023-07-28,1966-11-03,Aberystwyth,SY5 3YY,United Kingdom,TRUE
C3923,Bethan,Price,bethan.price95@btinternet.com,07115023658,2025-02-22,1978-10-01,Swansea,SA14 7GT,United Kingdom,Y
C1948,Priya,Edwards,priya.edwards@btinternet.com,+44 7689 841555,2026-01-09,1971-02-16,Swansea,SA7 3YE,UK,yes
C5070,Connor,Lewis,connor.lewis26@outlook.com,07977091075,11.02.26,1985-10-06,Leeds,LS5 4BH,United Kingdom,yes
C1200,Megan,Green,megan.green71@btinternet.com,07552429728,16.05.24,1997-10-17,Bath,BA10 8TR,United Kingdom,y
C2116,Bethan,Morgan,bethan.morgan96@btinternet.com,07171 279175,2025-11-20,1951-09-01,Bath,BA4 3YY,United Kingdom,0
C4008,Noah,Nowak,noah.nowak88@outlook.com,+44 7221 468027,2024-08-15,1956-08-23,Sheffield,S19 7PF,United Kingdom,yes
C5826,Rhys,Lewis, rhys.lewis@btinternet.com ,07950793415,27.02.24,1959-01-19,Bangor,LL3 4NE,UK,1
C5073,Oliver,Singh,oliver.singh92@gmail.com,07384378836,01.04.24,1964-10-09,Edinburgh,EH18 1LF,United Kingdom,1
C2329,Owen,Price,owen.price@icloud.com,+44 7812 302048,2026-08-02,TBC,Bath,BA10 3NJ,United Kingdom,Yes
C1270,Aisha,McDonald,aisha.mcdonald81@btinternet.com,07637980597,2025-09-11,1957-11-17,London,E15 2FR,Great Britain,N
C4921,Zainab,Johnson,,07630415595,"March 30, 2025",1999-02-14,Glasgow,g113xj,United Kingdom,1
C6070,aisha,Johnson,,07997384140,2023-12-02,TBC,Aberystwyth,SY9 2QH,UK,Yes
C5200,Liam,Walker,liam.walker19@icloud.com,07128 017071,2025-10-19,1964-02-15,Leeds,LS19 3UX,GB,1
C1429,Owen,Murphy,owen.murphy25@outlook.com,07759 907079,,25 Mar 1983,Bangor,LL3 3BG,United Kingdom,yes
C5958,Ravi,Lewis,ravi.lewis@hotmail.co.uk,+44 7110 101151,2024-04-15,1975-09-28,Wrexham,LL9 8EH,United Kingdom,FALSE
C3204,Jack,Hall,jack.hall78@gmail.com,07258942599,2026-05-28,1987-12-29,Exeter,EX14 9AS,Great Britain,1
C2378,Ella,Johnson,ella.johnson87@gmail.com,,2025-09-05,"July 01, 1951",Edinburgh,EH9 8RN,United Kingdom,1
C4046,Grace,Jones,grace.jones88@outlook.com,,2025-10-04,1900-01-01,Aberystwyth,SY5 7JH,United Kingdom,Y
C3733,Freya,Murphy,freya.murphy92@outlook.com,+44 7538 197493,"April 18, 2024",1984-06-13,edinburgh,EH10 6JB,United Kingdom,No
C5193,Liam,Williams,liam.williams86@icloud.com,07445 140546,23.04.24,1991-12-07,Bath,BA18 5UG,UK,TRUE
C5862,Freya,Patel,freya.patel@btinternet.com,07394 938852,2024-02-06,1959-09-08,Bangor,ll206dr,UK,N
C3617,Jack,Hughes,jack.hughes@icloud.com,07725 843905,2023-10-09,1955-02-01,London,E4 2NB,Wales,y
C3249,Arthur,McDonald,arthur.mcdonald75@icloud.com,,2026-06-15,1989-10-30,Wrexham,LL10 8GQ,United Kingdom,y
C3778,Sean,Taylor,sean.taylor71@outlook.com,+44 7850 944752,2026-09-08,1958-11-20,Glasgow,G4 9NY,United Kingdom,0
C3555,Dylan,Price,dylan.price75@icloud.com,07309 395774,2026-01-29,2001-01-07,London,E15 6FA,Great Britain,Yes
C2798,Megan,McDonald, megan.mcdonald97@icloud.com ,+44 7141 329350,2023-12-28,1967-05-11,Liverpool,L14 1QL,GB,yes
C4433,Tomasz,Green,,07381 417855,2023-10-28,2004-01-26,Wrexham,LL6 9HE,United Kingdom,FALSE
C6065,priya,Hall,PRIYA.HALL74@ICLOUD.COM,07868 885309,11 Apr 2026,1976-05-17,Cardiff,CF11 4FJ,United Kingdom,1
C5007,Niamh,Jenkins,niamh.jenkins@hotmail.co.uk,07787-033549,09-02-2023,1950-02-08,Edinburgh,EH8 3LB,United Kingdom,
C1840,Seren,Hall,seren.hall90@btinternet.com,07956 385919,2024/01/30,1981-12-12,Bangor,LL8 2AG,UK,FALSE
C4942,Liam,Evans,liam.evans72@outlook.com,07766 807881,,1978-02-27,Bristol,BS9 4ZY,,y
C5015,Rhys,Lewis,rhys.lewis37@yahoo.co.uk,07930 528987,2024-02-14,25.11.93,Birmingham,B6 4AN,UK,Y
C5168,Grace,Evans,grace.evans62@gmail.com,07426 673778,2026-05-17,2004-10-24,Swansea,SA4 2JN,UK,TRUE
C4832,Leo,Taylor,leo.taylor93@outlook.com,07953 068352,"August 12, 2024",1978-03-05,Bangor,LL2 5AY,,1
C2786,Lily,Walker,lily.walker87@outlook.com,07506 521304,2026-07-26,2001-04-13,Bath,BA2 1GB,United Kingdom,0
C3267,Priya,Evans,priya.evans@gmail.com,07520 348724,2025-05-12,05 May 1964,Bristol,BS7 5YP,United Kingdom,N
C5914,Lily,Nowak,lily.nowak@btinternet.com,07522 506384,2024-07-13,1990-01-17,Wrexham,LL8 5LW,United Kingdom,0
C2049,Owen,Smith,owen.smith77@hotmail.co.uk,07205904900,03-26-2026,1965-05-14,Swansea,,United Kingdom,no
C3381,Ava,Nowak,ava.nowak46@hotmail.co.uk,07526 182908,12-22-2024,19 Feb 1955,Liverpool,l174yt,U.K.,no
C1967,Ava,Thompson,ava.thompson79@gmail.com,07698 796868,10-14-2025,1974-03-13,Bristol,BS5 5GL,UK,Yes
C4507,Ella,Patel,ella.patel70@hotmail.co.uk,,23/03/2025,1989-07-11,Bristol,BS15 7WY,United Kingdom,1
C6020,GEORGE,Morgan,george.morgan@gmail.com,0730413,2024-04-30,1962-08-06,Port Talbot,SA17 9NU,United Kingdom,FALSE
C3074,Dylan,McDonald,dylan.mcdonald56@hotmail.co.uk,07248006902,2023-07-22,1951-12-28,Aberystwyth,SY13 5XX,United Kingdom,y
C5635,Noah,Wood,noah.wood83@btinternet.com,07270527345,2023-06-16,1995-10-17,Leeds,ls108zn,United Kingdom,TRUE
C4995,Grace,Griffiths,grace.griffiths@btinternet.com,07723 825876,2024-04-20,1969-04-16,Newport,NP10 6GB,Great Britain,No
C4860,Oliver,Wood,oliver.wood29@gmail.com,+44 7938 537237,2026-04-15,1900-01-01,Belfast,BT4 9RH,United Kingdom,TRUE
C2872,Liam,Thomas,liam.thomas@icloud.com,07460 193887,2024-12-02,1997-09-12,Aberystwyth,SY6 3HB,United Kingdom,FALSE
C1632,Ethan,Singh,ethan.singh72@btinternet.com,07779 064950,2023-08-12,1952-08-12,Edinburgh,EH7 9RY,UK,Y
C3143,Sean,Patel,sean.patelgmail.com,07540 398514,2024/11/07,1965-09-10,Wrexham,LL7 2BG,United Kingdom,
C5805,Cerys,Singh,cerys.singh78@gmail.com,07128 208680,2024-01-10,2005-11-21,Leeds,LS16 4BH,GB,0
C5706,Megan,Lewis, megan.lewis@hotmail.co.uk ,07379 710539,04 Jan 2024,1963-02-28,Edinburgh,EH10 4RE,UK,y
C5708,Katarzyna,Hughes,katarzyna.hughes17@icloud.com,07194 769993,2025-01-18,1983-01-28,Bangor,LL14 5PY,United Kingdom,
C5401,Bethan,O'Brien,bethan.obrien96@hotmail.co.uk,07937204649,10-04-2025,1951-03-20,Swansea,SA13 9TF,UK,
C4041,Noah,Roberts,noah.roberts@btinternet.com,07460 443267,2024/09/23,1974-06-10,Manchester,M6 8ES,United Kingdom,yes
C5487,Ethan,Wood,ethan.wood@outlook.com,07829 139899,2025-01-27,2001-09-25,Edinburgh,EH19 1WJ,UK,Yes
C5314,Liam,Johnson,liam.johnson93@btinternet.com,07715 329254,2026-08-01,1995-07-21,Belfast,BT4 7TG,United Kingdom,Yes
C1343,Tomasz,Hughes,tomasz.hughes@outlook.com,07938 520924,2026-06-19,1961-12-14,Liverpool,L19 5RZ,United Kingdom,N
C5979,Callum,Khan,callum.khan97@gmail.com,07522395814,2026-01-21,1974-07-11,Port Talbot,SA3 7AD,United Kingdom,TRUE
C4010,Harry,Johnson,harry.johnson70@yahoo.co.uk,+44 7507 168825,2025-08-05,1962-12-29,Birmingham,B4 2NN,United Kingdom,FALSE
C3246,Aisha,Taylor,aisha.taylor84@gmail.com,07609295565,2023-12-03,1950-08-13,Wrexham,LL10 8YT,,Yes
C1118,Amelia,McDonald,amelia.mcdonald9@gmail.com,+44 7586 368624,2025-10-14,1990-04-07,Exeter,EX17 2UG,United Kingdom,Y
C1903,Ella,Evans,ella.evans87@btinternet.com,07609 060253,2026-07-22,1957-01-10,Bath,BA4 7XF,U.K.,TRUE
C5984,Katarzyna,Hughes,katarzyna.hughes@icloud.com,07399 387018,2023-07-10,1954/05/28,Sheffield,S14 6JT,United Kingdom,FALSE
C5412,Katarzyna,Williams,katarzyna.williams@yahoo.co.uk,07765 270894,10-20-2025,1975-12-25,Edinburgh,EH7 3YX,United Kingdom,Y
C2286,Seren,O'Brien,seren.obrien@yahoo.co.uk,07355-141425,2026-02-24,1985-11-15,Bristol,BS1 5DS,United Kingdom,0
C1015,Connor,Price,connor.price70@icloud.com,+44 7712 918546,2024-03-03,"October 09, 1961",Nottingham,NG9 3EQ,UK,Y
C3606,Amelia,Griffiths,amelia.griffiths@yahoo.co.uk,+44 7981 292685,2026-05-15,1965-11-11,London,E4 5SJ,Wales,Yes
C3821,Megan,Johnson,megan.johnson@yahoo.co.uk,07228 695083,29/07/2025,1989-07-05,Nottingham,NG4 7TA,United Kingdom,FALSE
C5145,Zainab,Hughes,zainab.hughes@gmail.com,07478 269037,2025-07-07,1977-07-01,Birmingham,B3 6PH,United Kingdom,Y
C3765,Cerys,Davies,cerys.davies27@yahoo.co.uk,07867 328266,2025-10-13,2000-03-28,Newport,NP12 7JG,UK,no
C6278,Owen ,Jenkins,owen.jenkins@hotmail.co.uk,07548-980369,02/08/2023,2000-04-12,Birmingham,B6 5XB,england,no
C6301,Isla ,Singh,isla.singh22@outlook.com,07468300818,25 Jun 2026,08 Sep 1987,Manchester,M17 2HN,UK,Yes
C5829,Gareth,Thomas,gareth.thomas77@outlook.com,07890 933798,2026-07-13,1967-11-21,Port Talbot,sa93ye,GB,0
C4456,Gareth,Hall,gareth.hall@gmail.com,07945334449,13/03/2025,1966-10-17,Belfast,BT8 2YP,United Kingdom,No
C3944,Megan,Williams,megan.williams72@gmail.com,07517 535049,23 Aug 2025,1964-07-09,Liverpool,L15 9XP,United Kingdom,Y
C1862,Callum,O'Brien,callum.obrien@yahoo.co.uk,07453914833,2025-08-05,1958-06-01,Aberystwyth,SY10 5WX,england,N
C3493,Harry,Lewis,harry.lewis@outlook.com,07648 907683,2024-03-20,1963-12-02,Swansea,SA14 8PF,GB,1
C2012,Zainab,Griffiths,zainab.griffiths@yahoo.co.uk,07619 522302,06/01/2024,1959-11-22,Cardiff,CF7 3WF,UK,no
C5741,Fiona,Thompson,fiona.thompson97@outlook.com,07451 681414,,,Bath,BA11 6QF,United Kingdom,N
C4567,Fiona,Thomas,fiona.thomas@gmail.com,07665191148,2024-04-10,01-14-1976,Sheffield,S4 2LW,GB,FALSE
C1589,George,O'Brien,george.obrien57@yahoo.co.uk,07467 182462,2023-12-27,1964-04-16,Wrexham,LL11 3BB,UK,N
C3247,Amelia,Taylor,amelia.taylor82@icloud.com,07317292480,10-24-2023,1970-11-06,Bath,BA8 4QQ,UK,y
C3199,Callum,O'Brien,callum.obrien55@icloud.com,07692 035187,11 Nov 2024,1951-07-14,Newport,NP3 5XT,United Kingdom,Yes
C1207,Ravi,Patel,ravi.patel72@icloud.com,07136 836379,2025-05-19,2001-08-18,LONDON,E19 2LN,United Kingdom,y
C2849,Freya,Walker,freya.walker32@btinternet.com,07706277937,2023/11/08,1986-11-30,Manchester,M19 3NR,United Kingdom,y
C6261,DYLAN,Lewis,dylan.lewis@hotmail.co.uk,+44 7380 576171,2026-08-05,1958-02-10,Wrexham,LL17 8NL,UK,0
C3090,Isla,Jones,isla.jones@btinternet.com,07642-524612,2025-02-12,1965-04-15,Leeds,LS17 8LP,United Kingdom,FALSE
C3645,Amelia,Evans,amelia.evans@outlook.com,07907912946,2024-06-18,1951-01-18,Leeds,LS20 2NR,United Kingdom,Yes
C5382,Freya,Green,freya.green@gmail.com,07338 122476,2025-10-08,1986-10-08,Belfast,BT16 1UG,United Kingdom,yes
C2637,Connor,Johnson,connor.johnson@hotmail.co.uk,,2023-08-13,1999-02-06,Bath,ba14pa,UK,no
C4904,Tomasz,McDonald,tomasz.mcdonald44@gmail.com,07468 610397,09-21-2026,1953-08-10,Aberystwyth,SY11 3RD,UK,yes
C1448,Bethan,Jones,bethan.jones@btinternet.com,07386 101854,01-20-2025,1994-08-04,Bangor,LL18 1PX,United Kingdom,N
C5178,Amelia,Thomas,amelia.thomas76@hotmail.co.uk,+44 7779 103035,04/09/2025,15 Apr 1954,Aberystwyth,sy182xr,United Kingdom,0
C3547,Ivy,Price,ivy.price33@hotmail.co.uk,07728773395,2024-08-23,1992-05-08,Birmingham,B6 8SB,UK,yes
C3863,George,Robinson,george.robinson@hotmail.co.uk,07755 333677,2025-12-01,1992-03-27,Glasgow,G3 6TB,United Kingdom,Y
C4806,Priya,Johnson,priya.johnson80@icloud.com,07801 672611,2026-07-08,1974-02-12,Aberystwyth,SY14 5YJ,United Kingdom,no
C3134,Jack,Khan,jack.khan@outlook.com,0742212,2024-09-21,2000-12-01,Manchester,M7 2DS,UK,1
C4704,Ravi,Smith,ravi.smith86@hotmail.co.uk,07432 430996,2026-05-20,1962-06-29,Bangor,LL3 5ZA,UK,N
C5843,Lily,Davies,lily.davies34@hotmail.co.uk,+44 7419 990509,2023-06-15,1982-02-17,Birmingham,B19 6WR,United Kingdom,N
C2712,Priya,Johnson,priya.johnson50@outlook.com,07658199897,11-01-2024,03-04-2005,Bristol,BS20 6WH,GB,N
C3155,Jack,Robinson,jack.robinson@icloud.com,+44 7607 574913,2026-01-05,1955-11-09,Bangor,LL1 7ES,Wales,no
C4960,Amelia,Edwards,amelia.edwards86@hotmail.co.uk,07743-140484,22.07.23,"February 03, 1977",Sheffield,S5 3WH,United Kingdom,yes
C2561,Chloe,Davies,chloe.davies@icloud.com,07425 588347,2023-10-19,1962-11-28,Nottingham,NG4 6ZR,United Kingdom,N
C4762,Dylan,O'Brien,dylan.obrien4@btinternet.com,07263685820,2025-04-28,1961-04-27,Newport,NP5 2YR,Great Britain,1
C1788,Jack,Wood,jack.wood39@icloud.com,07989 472524,2023-08-10,02/05/1968,Cardiff,CF16 5BS,United Kingdom,TRUE
C1053,Leo,Thompson,leo.thompson16@yahoo.co.uk,07248571596,2025-04-04,08-26-1973,Glasgow,G15 8FN,United Kingdom,0
C2596,Leo,Patel,leo.patel@btinternet.com,07953 272601,2023-09-23,1956-06-05,Birmingham,B8 4SQ,United Kingdom,Yes
C6199,Niamh ,Griffiths,niamh.griffiths@yahoo.co.uk,07103 113607,2024/09/06,1989-12-24,Bristol,BS7 3ZF,UK,y
C5403,Tomasz,Morgan,tomasz.morgan@hotmail.co.uk,+44 7879 822968,2025-04-29,1953-12-25,london,e166ur,United Kingdom,y
C1069,Ivy,Griffiths,ivy.griffiths@btinternet.com,07387 827862,2024-02-24,1953-02-05,London,E2 7LN,,Yes
C3838,Mohammed,Wood,,07844 310313,23 Oct 2023,1964-02-03,Bristol,BS19 7ZU,UK,no
C1407,Oliver,Singh,oliver.singh@icloud.com,07417 105746,2024-04-10,1959-09-01,,SA5 7UY,Great Britain,Yes
C5323,Ava,Evans,ava.evans46@yahoo.co.uk,07922 659651,2024-08-01,1967-12-08,Leeds,LS10 3UP,United Kingdom,no
C4948,Sophie,Price,sophie.price@outlook.com,07180-333580,2023-10-29,18/05/1995,Glasgow,G17 2SD,UK,TRUE
C4493,Arthur,Thompson,"arthur.thompson13@yahoo.co,uk",07785 555898,2025-02-19,27/04/1966,Bangor,LL4 5EF,United Kingdom,y
C2500,Dylan,Wood,dylan.wood@hotmail.co.uk,07852668038,30/04/2025,1970-11-05,Cardiff,CF14 9HR,United Kingdom,Yes
C2172,Aisha,Williams,aisha.williams32@outlook.com,07491 050264,04-06-2024,1973-10-29,Port Talbot,SA1 8XG,United Kingdom,0
C5840,Fiona,Morgan,fiona.morgan@outlook.com,07724 129965,"February 22, 2025",2031-04-12,Sheffield,s121he,United Kingdom,N
C2391,Rhys,McDonald,rhys.mcdonald94@outlook.com,07174622499,2025-09-29,1963-01-22,Edinburgh,,United Kingdom,1
C1128,Dylan,Edwards,dylan.edwards15@yahoo.co.uk,0794014,2023-09-20,1973-06-21,Aberystwyth,SY16 2NP,United Kingdom,yes
C3992,Sophie,Lewis,sophie.lewis6@gmail.com,07241537996,"January 11, 2024",1987-12-15,Bath,BA1 5RQ,United Kingdom,0
C6279,MOHAMMED,Lewis,MOHAMMED.LEWIS73@OUTLOOK.COM,07488 276048,05 Jul 2024,1983-09-06,Leeds,LS6 6EN,UK,no
C1224,Ethan,Hughes,ethan.hughes81@outlook.com,+44 7867 847041,07-15-2025,27.03.89,Swansea,SA14 4JU,United Kingdom,1
C1608,Katarzyna,Murphy,katarzyna.murphy@outlook.com,,2026-05-18,1973-07-12,Birmingham,B6 4ZT,U.K.,Yes
C5158,Ivy,Hughes,ivy.hughes@btinternet.com,07196 552658,2023-07-21,1993-09-30,Leeds,LS18 4LB,United Kingdom,FALSE
C2334,Fiona,McDonald,fiona.mcdonald@yahoo.co.uk,07262-241809,2025-10-02,1960-01-27,London,,UK,Yes
C4269,Harry,Thompson,harry.thompson43@hotmail.co.uk,07135 343754,2024-10-29,2005/11/14,Manchester,M8 9EW,United Kingdom,yes
C3835,Arthur,Wood,arthur.wood98@outlook.com,07305015679,02-18-2025,1987-08-05,Manchester,M16 1GX,United Kingdom,y
C1126,Mohammed,Ali,mohammed.ali80@yahoo.co.uk,07114 797575,14.12.25,"February 21, 1982",Bath,BA20 7YT,UK,FALSE
C3867,Chloe,Patel,chloe.patel96@gmail.com,0783751,12.02.26,1964-08-19,Nottingham,NG15 9WG,Great Britain,Yes
C5161,Owen,Murphy,owen.murphy52@outlook.com,07496 048177,2024-04-02,1950-02-19,Bath,BA20 3BG,GB,TRUE
C2571,Harry,Ali,harry.ali70@yahoo.co.uk,07311028399,2024-12-18,,Manchestor,M17 1BJ,UK,
C4083,Lily,Khan,lily.khan86@btinternet.com,07288-237859,2023-09-21,1989-08-23,Port Talbot,SA14 8WG,Great Britain,no
C5202,Leo,O'Brien,leo.obrien@yahoo.co.uk,+44 7426 905894,2024-08-20,09/03/1994,Aberystwyth,SY15 3WR,United Kingdom,TRUE
C4302,Amelia,Williams,amelia.williams87@outlook.com,07842252738,2025-05-19,2003-05-13,Bristol,BS17 3AG,United Kingdom,0
C1666,Grace,Evans,grace.evans@yahoo.co.uk,07170098240,2023-08-01,2002-09-24,Wrexham,LL1 9RB,United Kingdom,N
C5753,Rhys,Smith,rhys.smith80@gmail.com,,2026-02-04,1995-08-26,Glasgow,G3 3JL,United Kingdom,0
C1260,Dylan,Khan,dylan.khan@icloud.com,,2025-02-21,2000-08-27,Glasgow,G11 5GX,UK,Y
C1090,Owen,Price,owen.price35@gmail.com,0729646,2026-05-10,1972/11/28,Manchester,M5 3GT,GB,No
C3519,Grace,Evans,grace.evans93@gmail.com,07393-008379,2026-03-11,1973/11/28,Bangor,LL9 7QF,United Kingdom,N
C6054,Mohammed ,Murphy,MOHAMMED.MURPHY78@HOTMAIL.CO.UK,07343 368547,13/06/2024,1987-04-26,Port Talbot,SA6 4TQ,GB,No
C6103,Freya ,Thompson,freya.thompson@hotmail.co.uk,07257 108469,2023-06-16,1961-01-21,Nottingham,NG4 3BF,United Kingdom,0
C2484,Ella,Jenkins,ella.jenkins90@btinternet.com,07450 925172,17 Aug 2023,1961-08-06,Leeds,LS3 2GX,United Kingdom,Y
C4973,Ethan,O'Brien,ethan.obrien27@hotmail.co.uk,,2024-08-13,1973-05-15,Aberystwyth,SY14 1XE,United Kingdom,yes
C6150,BETHAN,McDonald,bethan.mcdonald@hotmail.co.uk,07743 169295,2026-05-19,1968-06-11,Sheffield,S19 6NZ,U.K.,No
C3820,George,Jenkins,george.jenkins11@icloud.com,07597 760254,2025-04-13,1961-04-23,Nottingham,NG18 6QJ,United Kingdom,y
C3353,Isla,Robinson,isla.robinson85@btinternet.com,0734586,2023/11/12,2004-08-11,Bangor,ll53bf,United Kingdom,Yes
C3573,Chloe,Wood,chloe.wood@hotmail.co.uk,07480293152,09-29-2026,1972-07-13,Swansea,SA15 5LB,United Kingdom,Y
C2650,Dylan,Williams,dylan.williams57@icloud.com,07669686879,2023-08-06,2002-06-06,Bristol,BS4 4GQ,UK,
C3387,Noah,Davies,noah.davies70@yahoo.co.uk,07323 542348,2026-08-20,1993-12-14,Manchester,M13 4QZ,Wales,N
C1495,Seren,Patel,seren.patel@hotmail.co.uk,07851 465238,2023-11-03,1981-09-12,Bristol,BS8 6DP,United Kingdom,No
C1463,Aisha,Thompson,aisha.thompson11@icloud.com,07981 023324,"February 29, 2024",1994-09-27,Exeter,EX14 1DW,United Kingdom,0
C5040,Rhys,Jones,rhys.jones@icloud.com,0783607,2023-07-19,2002-10-10,Leeds,LS1 2JU,Great Britain,0
C5422,Ivy,Walker,ivy.walker59@outlook.com,07511 349214,2023-10-30,18/11/1981,Newport,NP12 2NB,UK,
C2681,Katarzyna,Edwards,katarzyna.edwards55@yahoo.co.uk,07381823328,2023-11-25,09 Jun 1961,Belfast,BT19 8RF,United Kingdom,1
C3458,Liam,Singh,liam.singh@yahoo.co.uk,07991250866,"April 21, 2025",1990-04-26,Edinburgh,EH18 5TU,U.K.,
C2925,Arthur,Murphy,arthur.murphy11@hotmail.co.uk,07492621832,2024-10-30,1980-10-23,Nottingham,NG18 5JX,United Kingdom,No
C1249,Cerys,Singh,cerys.singh28@icloud.com,0728099,04.02.25,1958-05-12,Bristol,BS13 6WD,United Kingdom,yes
C2048,Amelia,Hughes,amelia.hughes32@outlook.com,07335296100,25/08/2023,24.11.84,Exeter,EX16 2UU,United Kingdom,1
C2508,Katarzyna,Lewis,katarzyna.lewis30@yahoo.co.uk,07669 063192,2024-12-17,1958-01-14,Bristol,,UK,FALSE
C4954,Ella,Ali,ella.ali@icloud.com,,2026-06-25,2002-11-13,Liverpool,L1 2NE,United Kingdom,yes
C5885,Priya,Jones,"priya.jones@icloud,com",+44 7516 755518,2024-03-21,1983-06-03,Edinburgh,EH7 9ZJ,United Kingdom,No
C2396,Priya,Thomas,priya.thomasbtinternet.com,07636 953749,2023-12-19,1975-04-17,Nottingham,ng175sw,United Kingdom,N
C2663,Arthur,Thomas,arthur.thomas28@icloud.com,+44 7190 636079,2024-06-26,1967-09-20,Liverpool,L13 4NB,United Kingdom,no
C5748,Bethan,O'Brien,bethan.obrien13@gmail.com,07742159358,2025/11/07,1959-01-13,Aberystwyth,SY20 4RZ,United Kingdom,FALSE
C5676,Zainab,Patel,zainab.patel97@icloud.com,07646-279573,"May 01, 2025",1954-07-05,Nottingham,NG20 5ZT,,y
C3753,Jack,Khan,jack.khan71@hotmail.co.uk,07326 223355,2026-07-03,1983-07-03,Manchester,M10 3JL,Great Britain,N
C4341,Dylan,Hughes,,0710611,2023-09-18,1952-02-12,Bath,BA12 5DE,United Kingdom,Yes
C1216,Tomasz,Jones,tomasz.jones@yahoo.co.uk,07846 947391,2023-07-30,11-22-1995,Glasgow,G1 7UW,GB,0
C3604,Leo,Hughes,leo.hughes@btinternet.com,+44 7988 959934,"August 10, 2026",1975-10-14,London,E3 2EJ,United Kingdom,Yes
C3844,Isla,Walker,isla.walker@yahoo.co.uk,07439 162594,2024-08-08,1990-08-07,Aberystwyth,SY9 1SB,United Kingdom,No
C5002,Noah,Lewis,noah.lewis83@icloud.com,07601-048837,2026-08-09,1961-12-07,Bristol,BS3 8AX,UK,y
C1974,Mohammed,Jenkins,mohammed.jenkins@yahoo.co.uk,07260 047706,2025-11-27,08-02-1957,,BA16 7HG,UK,y
C3100,Noah,Green,noah.green@btinternet.com,07608-094174,27 Mar 2026,,Bristol,BS13 3GA,United Kingdom,TRUE
C5409,Cerys,Lewis,cerys.lewis73@btinternet.com,+44 7765 621036,09 May 2026,1978-07-28,Leeds,LS13 7EA,United Kingdom,Y
C4559,Megan,Patel,megan.patel88@outlook.com,07942 829952,2024-01-01,04-08-1965,Glasgow,G6 1WW,United Kingdom,Y
C5063,Chloe,Smith,chloe.smith10@gmail.com,07334989485,20 Dec 2025,1980-12-31,Aberystwyth,SY17 1YE,United Kingdom,
C1731,Ella,Walker,ella.walkericloud.com,0739867,2023-11-03,1972-10-21,Wrexham,LL13 3WA,United Kingdom,1
C4843,Seren,Singh,seren.singh95@yahoo.co.uk,07578 990904,23 May 2024,1972/01/10,Bangor,LL9 8YH,United Kingdom,N
C5774,Bethan,Williams,bethan.williams49@hotmail.co.uk,+44 7751 220173,2026-03-11,25 Dec 1977,london,E16 5PY,United Kingdom,Yes
C1836,Harry,Khan,harry.khan51@btinternet.com,07613 658508,04 Mar 2024,1966-07-01,Cardiff,CF17 6PB,United Kingdom,no
C4190,Grace,Green,"grace.green@btinternet,com",07169 399567,"September 09, 2023",1953-08-20,Port Talbot,SA5 6JJ,United Kingdom,1
C4987,Katarzyna,Edwards,katarzyna.edwards92@gmail.com,07215641634,2024-04-19,1963-04-16,,S19 8QB,United Kingdom,0
C4535,Zainab,Robinson, zainab.robinson70@yahoo.co.uk ,07521 439026,2025-03-26,20.08.68,London,E13 3RA,United Kingdom,
C1419,Rhys,Griffiths,rhys.griffiths79@hotmail.co.uk,07405037834,2024-07-14,1989-02-22,Bath,BA9 9PZ,United Kingdom,1
C4634,Bethan,McDonald,bethan.mcdonald@hotmail.co.uk,07743 169295,11 May 2026,1968-06-11,Sheffield,S2 6YW,United Kingdom,N
C1236,Connor,Green,connor.green@yahoo.co.uk,07569-567288,02.09.25,13.04.03,Wrexham,LL3 7ZF,United Kingdom,y
C5440,Aisha,Robinson,aisha.robinson71@btinternet.com,07398-401605,2025-06-22,2000-04-19,Swansea,SA10 3UD,United Kingdom,N
C2999,Freya,Singh,freya.singh80@hotmail.co.uk,07142721727,2023-07-17,1964-04-30,Swansea,SA19 6LP,United Kingdom,1
C2645,Ethan,Nowak,ethan.nowak69@yahoo.co.uk,07920580516,2026-03-27,1959-08-20,Aberystwyth,SY14 4FU,United Kingdom,0
C4684,Ella,Griffiths,ella.griffiths@icloud.com,07381 811448,04-07-2025,1900-01-01,Manchester,M20 4TH,UK,yes
C6224,PRIYA,Hughes,PRIYA.HUGHES75@HOTMAIL.CO.UK,07360-076209,2024-07-04,unknown,Swansea,SA16 3XT,United Kingdom,0
C3588,Liam,O'Brien, liam.obrien20@yahoo.co.uk ,07193 805358,2025-07-27,1988-03-31,Exeter,EX4 6WT,United Kingdom,No
C5736,Niamh,Thompson,niamh.thompson93@outlook.com,+44 7541 686845,2024-06-01,,Birmingham,B6 6RG,UK,1
C4669,Noah,Evans,noah.evans@outlook.com,07418-916868,03.07.23,1965-04-26,London,E5 4TA,United Kingdom,Y
C4378,Megan,Murphy,megan.murphy@icloud.com,07834 807488,2023-07-29,21/07/2003,,LL7 6AB,UK,y
C5853,Liam,Price,liam.price21@btinternet.com,+44 7145 079626,2024-01-29,1980-10-06,Bath,ba139bx,United Kingdom,0
C1543,Ella,Taylor, ella.taylor27@icloud.com ,07204-749169,2024-11-22,1990-08-08,Exeter,EX3 2XX,United Kingdom,Yes
C1716,Connor,McDonald,connor.mcdonald14@icloud.com,+44 7643 675109,20/10/2024,1976-05-26,Manchester,M18 2AQ,United Kingdom,TRUE
C4800,Grace,Price,grace.price91@hotmail.co.uk,07556 233073,"August 03, 2023",1977-01-16,Edinburgh,EH8 9SA,UK,Y
C2495,Connor,Khan,connor.khan97@icloud.com,07899 429494,2026-07-22,1986-02-19,Wrexham,LL7 1RJ,United Kingdom,FALSE
C1266,Amelia,Hughes,amelia.hughes7@hotmail.co.uk,07578 237237,2026-08-09,1990-01-17,Cardiff,CF3 5TB,United Kingdom,No
C5049,Aisha,Davies,aisha.davies@gmail.com,07597-008280,2026-09-04,02/08/1996,Bristol,BS1 9ZY,U.K.,FALSE
C1181,Jack,Davies,jack.davies94@icloud.com,07715 945095,2026-06-18,1985-03-22,Birmingham,B5 3TG,United Kingdom,Yes
C5309,Katarzyna,Robinson,katarzyna.robinson84@hotmail.co.uk,07456 534250,2024/02/09,1959-02-02,Belfast,,United Kingdom,1
C2360,Harry,Green,harry.green42@hotmail.co.uk,07729 882906,2024-06-22,16.06.94,Manchester,M12 3BN,United Kingdom,
C4330,Sean,Robinson,sean.robinson@outlook.com,07736 577585,17 Jun 2023,1987-04-20,Nottingham,NG17 9HH,United Kingdom,
C3580,Zainab,Ali,zainab.ali99btinternet.com,07270 757100,2024-09-06,01-14-1980,Exeter,EX12 4YE,UK,1
C5483,Grace,Price,grace.price74@hotmail.co.uk,07907513423,2025-01-07,17 Oct 1957,Cardiff,CF20 1DA,,0
C3641,Katarzyna,Roberts,katarzyna.roberts83@yahoo.co.uk,07679548932,2026-06-29,1981-03-02,Belfast,BT15 7ZE,United Kingdom,1
C1611,Priya,Jenkins,priya.jenkins@yahoo.co.uk,07892-404287,2025-08-03,1974-02-16,Wrexham,LL13 6FQ,GB,y
C2182,Amelia,Khan,amelia.khan@outlook.com,07513 404434,2024-11-19,1972-05-18,Manchester,M9 6UU,United Kingdom,
C2264,Noah,Hughes,noah.hughes@yahoo.co.uk,07281 561289,2025-05-19,1999-07-04,Glasgow,G9 9PL,United Kingdom,0
C4525,Gareth,Smith,gareth.smith86@yahoo.co.uk,07202 986642,14/12/2024,1983-03-27,Liverpool,L11 4TQ,GB,Y
C1234,Seren,Edwards,seren.edwards80@gmail.com,0762060,"February 18, 2024",1964-02-06,Liverpool,L10 3GW,GB,FALSE
C5135,Seren,Davies,seren.davies82@yahoo.co.uk,07107201998,2023-11-17,1971-08-29,CARDIFF,CF9 5FF,UK,no
C2545,Niamh,Khan,niamh.khan7@gmail.com,07109 440497,2024-04-13,1971-10-22,Swansea,SA4 8XX,United Kingdom,Y
C6317,NIAMH,Nowak,NIAMH.NOWAK12@BTINTERNET.COM,07440 288179,2025-11-26,2003-10-09,Sheffield,S6 5SA,United Kingdom,
C6067,Chloe ,Hall,chloe.hall90@yahoo.co.uk,07572 367246,22 Jan 2026,2001-12-24,Wrexham,LL18 3PY,United Kingdom,Y
C4847,Oliver,Thomas,oliver.thomas@yahoo.co.uk,07499 259281,2025-11-17,1958-03-29,Manchester,M1 1NE,United Kingdom,Y
C2020,Fiona,Green,fiona.green95@hotmail.co.uk,,2025-01-27,1967-10-29,Leeds,LS20 9TP,United Kingdom,yes
C5719,Priya,Robinson,priya.robinson@icloud.com,07687703630,2024-06-14,1955-04-14,Bath,ba103px,UK,Yes
C1822,Noah,Walker,noah.walker58@yahoo.co.uk,07591995385,2025-10-25,1962-12-01,Bangor,LL15 9RQ,UK,
C4006,Ella,Taylor,ella.taylor51@hotmail.co.uk,07963 960191,2025-09-07,1969-06-15,Sheffield,s166pd,United Kingdom,no
C5307,Fiona,Evans,fiona.evans46@gmail.com,07249603756,2023-07-28,1994-11-08,London,E16 8UX,United Kingdom,N
C3007,Cerys,Roberts,cerys.roberts@icloud.com,07261 201169,,1972-12-03,Cardiff,CF12 5HY,United Kingdom,y
C1751,Cerys,Edwards,cerys.edwards98@yahoo.co.uk,07840-579856,2025-07-28,,,BT19 9BR,UK,No
C1514,Oliver,Walker,oliver.walker@hotmail.co.uk,07841817605,2026-09-21,1952-06-03,Glasgow,G10 5YH,United Kingdom,N
C5685,Liam,Griffiths,liam.griffiths77@icloud.com,+44 7296 777999,2025-07-24,02.01.75,Nottingham,NG7 7NU,GB,FALSE
C1465,Callum,Taylor,callum.taylor49@outlook.com,07813 871132,11.02.26,1982-07-04,Exeter,EX17 3PT,United Kingdom,FALSE
C1667,Aisha,Johnson,aisha.johnson@outlook.com,07918 429216,2026-06-26,1970-01-30,Bath,,United Kingdom,Y
C1807,Ravi,Taylor,ravi.taylor18@gmail.com,07815 590585,30 Sep 2024,27.07.04,Bangor,LL7 2NR,United Kingdom,y
C1586,Rhys,Robinson,rhys.robinson78@gmail.com,07351778507,10/06/2026,1963-02-24,Newport,NP15 5FP,GB,
C5873,Megan,Singh,megan.singh16@btinternet.com,+44 7965 311982,2025-06-01,1976-09-10,Sheffield,S11 5DP,United Kingdom,FALSE
C2735,Tomasz,McDonald,tomasz.mcdonald94@btinternet.com,07366859477,2026-05-04,1953-03-26,Edinburgh,EH15 2QS,United Kingdom,y
C5793,Priya,Hughes,priya.hughes@outlook.com,+44 7395 977905,26/09/2026,1960-07-15,Exeter,EX16 7QR,GB,N
C3576,Ivy,Edwards,ivy.edwards@gmail.com,07921675865,2025-11-27,2000-06-06,Swansea,SA7 5YL,Great Britain,FALSE
C5081,Ravi,Patel,ravi.patel42@outlook.com,07496280264,15.11.23,1950-01-26,Glasgow,G5 5PU,United Kingdom,TRUE
C2996,Dylan,O'Brien,dylan.obrien@yahoo.co.uk,,2023-08-13,,Edinburgh,EH2 4BF,United Kingdom,
C4589,Dylan,Nowak,,+44 7820 605586,"September 27, 2026",2002-12-09,Bath,BA10 9ZX,,No
C6220,Cerys ,Thompson,CERYS.THOMPSON@BTINTERNET.COM,,2026-04-24,2002-07-04,Aberystwyth,SY8 7SN,GB,N
C4751,Fiona,McDonald,fiona.mcdonald17@gmail.com,+44 7793 238975,06 Mar 2026,1956-04-21,Glasgow,G1 2FT,United Kingdom,Y
C3354,Jack,Singh,jack.singh@icloud.com,07294483831,04/12/2024,24 Jun 1966,Nottingham,ng193jf,United Kingdom,N
C6056,rhys,Ali,rhys.ali30@yahoo.co.uk,07146 442095,2026-03-05,1986-10-31,Swansea,SA19 7RW,UK,N
C5239,Katarzyna,Hall,katarzyna.hall39@gmail.com,07555191109,2025-05-15,1980-04-05,Manchester,M7 9WJ,United Kingdom,1
C4315,Megan,Johnson,megan.johnson79@yahoo.co.uk,07343 443264,09-14-2023,1984-01-28,Aberystwyth,SY15 5DZ,UK,yes
C4170,Callum,Smith,callum.smith50@icloud.com,07113229360,05/11/2023,1953-07-09,Exeter,ex209dz,UK,No
C1373,Rhys,Edwards,rhys.edwards@outlook.com,07515682203,07/05/2024,1990-12-02,Bristol,BS16 6GQ,GB,
C2415,Ivy,Nowak,ivy.nowak56@btinternet.com,07721 701090,10/12/2023,1991-06-07,Leeds,LS9 4NA,GB,TRUE
C1721,Seren,Nowak,seren.nowak83@hotmail.co.uk,07468817401,2024-01-26,1985-12-06,Bangor,LL20 5RP,United Kingdom,1
C4918,Harry,Jones,harry.jones@outlook.com,07686267514,2026-03-11,1976-08-20,Exeter,EX15 6TU,United Kingdom,Yes
C2389,Amelia,Singh,amelia.singh91@gmail.com,+44 7961 767441,2026-03-22,1963-10-18,Leeds,LS12 6SE,UK,1
C1115,Chloe,Nowak,chloe.nowak31@gmail.com,07167 798766,2025-09-30,1958-09-05,Bristol,BS11 9QA,United Kingdom,1
C2774,Dylan,Lewis,dylan.lewis10@hotmail.co.uk,07937 346381,2024-03-10,1995-09-02,Nottingham,,United Kingdom,
C5457,Ava,Roberts,ava.roberts5@hotmail.co.uk,+44 7671 176604,2023-07-09,1967-11-29,Bangor,LL7 9SF,United Kingdom,y
C3094,Owen,Khan,owen.khan82@gmail.com,07304 819526,2026-03-25,1997-05-07,Birmingham,B6 2FR,United Kingdom,1
C1199,Priya,Robinson,priya.robinson79@gmail.com,07675 549451,2025-09-15,1994-10-26,Newport,NP5 8GE,Great Britain,y
C5674,Cerys,Smith,cerys.smith@btinternet.com,07414-694419,2026-02-09,1993-07-08,Bath,ba103ss,United Kingdom,no
C3126,George,Morgan,george.morgan@gmail.com,0730413,09.04.24,1962-08-06,Port Talbot,SA4 8GY,United Kingdom,Yes
C5334,Dylan,Green,dylan.green93@hotmail.co.uk,07466773898,28/11/2024,1966-03-17,Newport,NP16 8DB,UK,y
C1060,Bethan,Williams,bethan.williams86@icloud.com,07236 113304,2025/10/02,03-01-2000,Wrexham,LL11 8LN,United Kingdom,
C4321,Harry,Patel,harry.patel52@btinternet.com,07493-232778,2025-09-20,08-27-1995,Port Talbot,SA20 5LX,england,
C5365,Noah,Jones,noah.jones@icloud.com,07755130863,2026/09/24,2000-01-17,Birmingham,B9 2PZ,United Kingdom,TRUE
C3668,Connor,Edwards,connor.edwards@outlook.com,,2023-11-05,2000-08-02,Glasgow,G15 7YZ,United Kingdom,Yes
C1493,Ella,Hall,ella.hall@yahoo.co.uk,07595771287,02-24-2024,1989-11-07,Sheffield,s24tg,United Kingdom,1
C6232,TOMASZ,Johnson,TOMASZ.JOHNSON67@GMAIL.COM,07353 395046,28 Jun 2023,1954-03-11,Sheffield,S14 9SP,UK,Yes
C4464,Bethan,Patel,bethan.patel@outlook.com,07367 689774,2024-02-27,1961-07-24,Bangor,LL9 3YZ,United Kingdom,N
C3712,Cerys,Walker,cerys.walker10@btinternet.com,07278 452408,2025-03-27,1999-12-26,Exeter,EX12 8ZT,United Kingdom,no
C5048,Grace,Lewis,grace.lewis89@icloud.com,07657-831236,2024-01-13,1989-01-16,Exeter,EX15 3TX,UK,1
C6184,priya,O'Brien,PRIYA.OBRIEN@GMAIL.COM,07539689842,2025-03-03,1964-10-17,Sheffield,S17 1QF,U.K.,1
C3409,Dylan,Walker,dylan.walker71@btinternet.com,07765 959554,2025-12-07,06 Jul 1958,Exeter,EX10 7ZZ,United Kingdom,FALSE
C6193,ivy,Hughes,IVY.HUGHES11@HOTMAIL.CO.UK,07987-807299,2026-08-18,1978-12-11,Nottingham,NG13 7UY,GB,no
C4257,Ravi,Nowak,ravi.nowak36@gmail.com,07802 819357,2023-10-22,1984-01-28,Sheffield,,Wales,yes
C5196,Isla,Griffiths,isla.griffiths71@icloud.com,07966 961999,2025-07-14,1970-08-05,Aberystwyth,SY17 4NB,GB,Y
C6179,Katarzyna ,Khan,KATARZYNA.KHAN29@OUTLOOK.COM,,2024-01-14,1994-10-04,Swansea,SA19 7WQ,United Kingdom,
C3955,Leo,Jones,leo.jones@btinternet.com,+44 7532 512369,16 Nov 2024,,Glasgow,G15 7HZ,UK,Y
C5028,Katarzyna,Nowak,katarzyna.nowak95@outlook.com,0737918,2024-12-16,1977-08-14,Glasgow,G7 5JY,england,Yes
C3447,Dylan,Williams,dylan.williams83@icloud.com,+44 7299 241213,2025-09-22,1998-03-04,Exeter,EX8 6GH,england,Y
C3395,Gareth,Hughes,gareth.hughes6@btinternet.com,07969189550,2024-12-31,1972-03-31,,BA14 9RR,United Kingdom,y
C2125,Ava,Green,ava.green71@gmail.com,07355 987737,2023-10-16,1995-07-16,Leeds,LS18 5YJ,U.K.,No
C3703,Ella,Taylor,ella.taylor@yahoo.co.uk,07907 326183,2025-11-02,1951-09-20,Wrexham,LL6 8JW,UK,y
C2224,Lily,Lewis,lily.lewis43@outlook.com,07370 249921,2025-09-20,1962-05-13,Birmingham,B13 3DY,Wales,TRUE
C4428,Katarzyna,Edwards,katarzyna.edwards65@hotmail.co.uk,07209-758782,21.07.23,1954-08-05,Aberystwyth,SY1 4BA,GB,no
C4483,Katarzyna,Evans,katarzyna.evans75@gmail.com,07264650337,2023/12/18,1989-10-10,Bangor,LL11 8JU,UK,yes
C5503,Tomasz,O'Brien,tomasz.obrien@hotmail.co.uk,07992 074640,05 Oct 2023,14.06.04,Bristol,BS20 1AT,United Kingdom,
C5899,Jack,Murphy,jack.murphy99@hotmail.co.uk,07563 974073,2025-07-27,2000-09-22,Liverpool,L3 7YH,United Kingdom,No
C6273,mia,Walker,"mia.walker@icloud,com",07788 571945,,1972-09-16,Swansea,SA19 7SH,United Kingdom,1
C3295,Ava,Williams,ava.williams85@hotmail.co.uk,07969-463465,2026-08-25,1967-04-17,London,E6 4BJ,United Kingdom,Yes
C3156,Tomasz,Roberts,tomasz.roberts@gmail.com,0793183,2024-09-22,1967-05-30,Manchester,M13 5YN,United Kingdom,No
C3650,Ava,Wood, ava.wood@outlook.com ,07402 368582,2025-08-29,1956-06-28,Sheffield,S18 7XT,GB,1
C5144,Ella,Hall,ella.hall96@hotmail.co.uk,,2023-06-15,1950-10-16,Cardiff,CF12 2JX,United Kingdom,FALSE
C4085,Zainab,Patel,zainab.patel99@outlook.com,073467,19 Sep 2024,07 Aug 1970,Bangor,LL4 4JJ,UK,Y
C2095,Ravi,O'Brien,ravi.obrien36@gmail.com,+44 7572 031397,2023-10-22,1990-05-23,Swansea,SA15 3YJ,UK,
C3502,Arthur,Jones,arthur.jones@yahoo.co.uk,,2026-06-07,"March 07, 1994",Cardiff,cf112xx,U.K.,TRUE
C5459,Zainab,Nowak,zainab.nowak85@icloud.com,07386 432671,2024-05-28,1964-05-05,Belfast,BT12 5XN,Great Britain,No
C3717,Ava,Evans,ava.evans70@icloud.com,07934142582,2026-01-11,1961-07-03,Edinburgh,EH5 4TB,UK,y
C4892,Noah,Thomas,noah.thomas83@outlook.com,0751960,2025-04-08,,Edinburgh,EH12 7AH,United Kingdom,No
C2126,Ava,Khan,ava.khan93@outlook.com,,2023-09-10,1993-12-21,Glasgow,G14 7AL,Great Britain,1
C1357,Isla,Jones,isla.jones@btinternet.com,07679 451203,2025-02-26,1981-07-28,Bath,BA14 4LP,U.K.,
C5399,Chloe,McDonald,chloe.mcdonald@outlook.com,07396 213980,2026-02-12,1983-01-26,Port Talbot,sa198xg,United Kingdom,N
C1271,Aisha,Edwards,aisha.edwards@icloud.com,,2024/07/03,26 Jun 2003,Wrexham,ll173dp,United Kingdom,FALSE
C3099,Ella,Roberts,ella.roberts@hotmail.co.uk,07727 466518,11 Dec 2025,"February 21, 1956",Cardiff,CF17 2QQ,UK,0
C3221,Grace,Hughes,grace.hughes71@btinternet.com,07325 254766,2026-04-12,1999-08-06,Exeter,ex104fb,england,
C5842,Chloe,Nowak,chloe.nowak92@icloud.com,07861 045146,2024-12-06,1963-07-25,Exeter,EX6 7DQ,U.K.,
C2701,Mohammed,Ali,mohammed.ali91@hotmail.co.uk,07422 164560,"March 21, 2026",1984-10-27,Newport,NP4 5ST,United Kingdom,Y
C6097,Dylan ,Wood,dylan.wood86@yahoo.co.uk,07524427115,2026-05-24,1971-05-23,Bangor,LL20 7UE,United Kingdom,
C3851,Dylan,O'Brien,dylan.obrien23@icloud.com,07588418010,2023-06-30,1953-10-21,Aberystwyth,SY7 3SJ,United Kingdom,N
C1433,Niamh,Green,niamh.green98@btinternet.com,07333 914862,06-10-2024,,Edinburgh,EH20 9TS,United Kingdom,Y
C3209,Noah,Edwards,noah.edwards79@outlook.com,07426708197,2025-08-02,2003-08-01,Nottingham,NG18 2GP,United Kingdom,no
C1180,Ravi,O'Brien,ravi.obrien76@outlook.com,07162 478182,2024-05-24,09.01.86,Bristol,BS15 7QW,UK,1
C2595,Isla,Griffiths, isla.griffiths80@outlook.com ,07681877174,2025-03-14,09-17-1971,Aberystwyth,SY11 3XT,UK,no
C1196,Ethan,Evans,ethan.evans@gmail.com,07874966857,2026-06-18,2005-12-20,Port Talbot,SA1 8YP,GB,No
C1294,Amelia,Patel,amelia.patel94@outlook.com,07686-706454,2026-03-31,1973-08-25,Aberystwyth,SY15 2YZ,United Kingdom,Y
C1101,Freya,Morgan,freya.morgan77@yahoo.co.uk,,21.09.26,1964-04-11,Exeter,EX20 4BP,United Kingdom,Y
C1561,Freya,Green,freya.green@yahoo.co.uk,+44 7701 780327,05 Dec 2023,1982-04-25,Port Talbot,SA8 4EX,UK,No
C4984,Bethan,Williams,bethan.williams93@icloud.com,07967 573786,2023-11-20,1990-09-09,Liverpool,L20 1WD,United Kingdom,No
C5776,Noah,Thompson,noah.thompson42@hotmail.co.uk,+44 7943 752590,"June 23, 2023",1978-01-22,Bath,BA4 9XQ,United Kingdom,FALSE
C3542,Gareth,Singh,gareth.singh78@yahoo.co.uk,07874 413552,2024/11/30,1988-01-04,Manchester,M11 9EF,UK,no
C5523,Freya,Hall,freya.hall94@hotmail.co.uk,+44 7191 565234,2024-12-27,1982-11-12,manchester,M8 1WT,,Yes
C2478,Amelia,Ali,amelia.ali41@icloud.com,07927 936217,2023-12-26,1979-01-01,Nottingham,NG7 1ST,United Kingdom,TRUE
C3830,Dylan,Edwards,dylan.edwards@outlook.com,07786 330330,06-29-2024,,Bath,BA10 9EA,United Kingdom,Yes
C1737,Cerys,Price,cerys.price48@btinternet.com,,06/01/2024,08-11-1978,Cardiff,CF13 7NT,United Kingdom,N
C3993,Bethan,Williams,bethan.williams99@gmail.com,07512 368971,2024-03-31,1973-08-09,Port Talbot,SA10 9UR,United Kingdom,1
C5949,Bethan,Lewis,bethan.lewis@icloud.com,07233802347,06-01-2025,1992-01-09,Manchester,M6 9DZ,United Kingdom,
C3602,Ravi,Taylor,ravi.taylor@btinternet.com,+44 7271 766292,2026/02/03,1977-01-28,Belfast,BT7 6SY,england,TRUE
C4158,Sophie,Thomas,sophie.thomas@gmail.com,,2026-09-23,11-25-1999,Birmingham,B19 8FB,U.K.,TRUE
C3557,Connor,Singh,,07643 560488,2025-03-09,28.12.84,Belfast,BT6 9UN,U.K.,0
C3251,Liam,Singh,liam.singh@btinternet.com,07972 373435,2024-11-14,1970-08-10,Bristol,bs159ns,Great Britain,y
C5057,Mohammed,Khan,mohammed.khan@yahoo.co.uk,07164 098292,2025-05-09,1986-07-31,Swansea,SA3 9BF,U.K.,y
C3584,Gareth,Roberts,gareth.roberts@gmail.com,07642-425289,2024-01-02,1969-12-04,Sheffield,S20 1NX,GB,1
C4582,Leo,Hughes,leo.hughes@icloud.com,07872 676833,05.11.23,1998-09-12,Edinburgh,EH8 4LS,United Kingdom,1
C4874,Grace,Jones,grace.jones38@outlook.com,07976 034364,2024-05-15,"April 01, 1964",Leeds,LS17 2AQ,United Kingdom,
C1059,Sean,Price,sean.price@yahoo.co.uk,07720 705841,13 Dec 2023,07/07/1968,Cardiff,CF1 4FB,UK,0
C1922,Owen,Thompson,owen.thompson89@btinternet.com,07790 298909,2025-08-12,1964-10-12,Belfast,BT19 5AP,United Kingdom,N
C2290,Ethan,Hughes,ethan.hughes@gmail.com,07516 373406,2025-07-14,1900-01-01,Bristol,,United Kingdom,
C4440,Ivy,Nowak,ivy.nowak@outlook.com,07906210105,15.08.24,1973-11-26,Port Talbot,SA3 2QL,United Kingdom,1
C1844,Megan,Price, megan.price@icloud.com ,,2025-06-13,1994-01-28,Aberystwyth,SY4 9JB,england,FALSE
C3452,Harry,Hall,harry.hall@gmail.com,07404480715,03.10.23,1983-11-07,Manchester,M11 9SR,UK,
C4871,Owen,Robinson,owen.robinson10@hotmail.co.uk,07318 319351,2026-08-04,1950-05-14,Glasgow,G15 9EH,United Kingdom,no
C5696,Ava,Hughes,ava.hughes89@icloud.com,07739 822416,"June 24, 2023",1954-10-27,Belfast,bt196up,United Kingdom,yes
C4280,Oliver,Ali,oliver.ali@icloud.com,07617 567535,2024-11-13,1975-04-20,Bath,BA19 2YS,GB,no
C4145,Chloe,Robinson,chloe.robinson90@yahoo.co.uk,07536 910240,2026-08-24,2004-05-30,Cardiff,CF6 1NH,United Kingdom,0
C5701,Aisha,Griffiths,aisha.griffiths@yahoo.co.uk,,2023-08-18,1979-03-21,Exeter,EX10 9HH,United Kingdom,y
C1944,Fiona,Singh,fiona.singh89@btinternet.com,07271614468,2024-05-14,1963-01-01,Aberystwyth,SY18 8JD,United Kingdom,No
C2636,Callum,Price,callum.price12@yahoo.co.uk,07396 667664,2025-11-18,2002-03-17,Bangor,LL3 1QP,United Kingdom,yes
C4196,Lily,Roberts,lily.roberts@btinternet.com,+44 7865 911289,2025/01/12,29.11.94,Liverpool,L6 9EN,United Kingdom,no
C1901,Tomasz,Edwards,tomasz.edwards@yahoo.co.uk,,2025-10-23,1999-08-10,London,E10 9LH,United Kingdom,
C3728,Amelia,Hall,amelia.hall81@btinternet.com,07467 511850,"April 04, 2026",2001-09-19,Aberystwyth,SY15 8YA,United Kingdom,Yes
C2673,Ava,Thomas,ava.thomas@gmail.com,07612365907,2024-09-19,1978-06-19,Belfast,BT1 9YH,,FALSE
C2070,Ravi,Hall,ravi.hall@gmail.com,07773 713781,2023-11-25,,Liverpool,L16 9HA,United Kingdom,TRUE
C1443,Rhys,Jones,rhys.jones@hotmail.co.uk,07476-377170,2025-05-23,1992-01-15,Aberystwyth,SY13 4JL,UK,0
C1112,Tomasz,Wood,tomasz.wood87@yahoo.co.uk,07984-779188,2025-06-15,,Bangor,,UK,1
C4162,Gareth,Thompson,gareth.thompson89@gmail.com,+44 7924 182227,2026-07-14,1977-07-20,Port Talbot,SA4 8ED,United Kingdom,TRUE
C2720,Rhys,Wood,rhys.wood65@outlook.com,07706 180282,2024-06-08,04-26-1954,Nottingham,ng141rl,United Kingdom,Y
C2761,Gareth,Green,gareth.green62@btinternet.com,07910 703993,"September 26, 2025",1963-10-11,Exeter,ex192ep,United Kingdom,FALSE
C2970,Callum,Evans,callum.evans94@hotmail.co.uk,07305246638,2023-08-16,1969-08-21,London,E17 1YX,United Kingdom,N
C5939,Bethan,Griffiths,bethan.griffiths72@gmail.com,07578 641694,2026-04-11,1988-01-01,Port Talbot,SA11 3NS,United Kingdom,No
C4939,Katarzyna,Khan,,,2025-05-26,1965-05-10,Sheffield,S2 3GX,United Kingdom,
C5944,Freya,Robinson,freya.robinson@btinternet.com,07764 220801,2024-11-12,10-03-1970,Edinburgh,EH16 3PA,United Kingdom,TRUE
C6107,CERYS,Williams,,07646 643008,unknown,1952-05-31,Aberystwyth,SY18 3HA,GB,1
C4943,Gareth,Wood,gareth.wood75@btinternet.com,07987 897267,2026-07-21,1961-08-17,LONDON,E19 5BP,United Kingdom,Yes
C2249,Seren,Morgan,seren.morgan@icloud.com,07679 885166,07-28-2024,1989-10-01,Liverpool,l169dz,United Kingdom,No
C2322,Arthur,Jones,arthur.jones@btinternet.com,,2024-09-07,07-24-1980,Liverpool,L19 5UQ,United Kingdom,y
C1132,Niamh,Griffiths,niamh.griffiths53@icloud.com,07294 976005,,1989-07-31,CARDIFF,CF9 7JH,United Kingdom,yes
C4312,Priya,Thompson,priya.thompson59@btinternet.com,07578 460244,2025-08-20,10 Feb 1956,Bath,BA15 3XQ,UK,
C4274,Freya,Hall,freya.hall@btinternet.com,07366 177545,19 Sep 2026,25/02/1950,Exeter,EX6 9JB,United Kingdom,TRUE
C4246,Megan,Morgan,megan.morgan95@hotmail.co.uk,07600 134687,2024-02-29,1953-02-11,Liverpool,L17 1GR,United Kingdom,FALSE
C6213,ARTHUR,Thompson,arthur.thompson60@yahoo.co.uk,07798250891,"September 17, 2023",1995-09-15,Liverpool,L12 9UQ,UK,y
C5668,Rhys,Lewis,rhys.lewis@btinternet.com,07729 361532,2024-11-11,21 Nov 1954,Swansea,SA12 6EF,United Kingdom,0
C1703,Amelia,Griffiths,amelia.griffiths41@icloud.com,07778-397101,2024-12-29,1994-12-23,Nottingham,NG8 1AZ,United Kingdom,y
C5603,Leo,O'Brien,leo.obrien@gmail.com,+44 7814 026196,07-18-2023,1900-01-01,Liverpool,L10 6NU,United Kingdom,N
C4529,George,Griffiths,george.griffiths@icloud.com,07616066534,2024-05-23,1984-10-28,Sheffield,S11 3NF,england,
C1661,Liam,Hall,liam.hall26@btinternet.com,,2024-02-05,05-27-1953,Sheffield,S15 4YR,UK,
C3212,Zainab,Hall,zainab.hall92@hotmail.co.uk,07325 409455,2024-02-10,1973-02-28,Bangor,LL6 5TY,United Kingdom,no
C1879,Sean,Griffiths,sean.griffiths@hotmail.co.uk,07196 899239,2026-05-28,1997-06-24,Belfast,BT17 6XP,United Kingdom,N
C2335,Noah,Thompson,noah.thompson@hotmail.co.uk,07933 187414,2024-04-02,1961-08-04,Bangor,LL20 3WS,United Kingdom,1
C2402,Harry,Evans,harry.evans@yahoo.co.uk,07186 826471,2023-06-05,1988-12-12,Bangor,LL1 7GB,GB,Y
C2850,Arthur,Taylor,arthur.taylorbtinternet.com,+44 7102 828428,2023/11/11,1964-04-15,Swansea,SA6 6TT,United Kingdom,FALSE
C1718,Oliver,Khan,oliver.khan76@hotmail.co.uk,07453451357,27 Jul 2025,,Sheffield,S16 1UA,U.K.,TRUE
C3444,Tomasz,Thomas,tomasz.thomas13@icloud.com,07157-184175,2026-03-06,2002-12-12,Glasgow,G17 8NP,United Kingdom,1
C2258,Sophie,O'Brien,sophie.obrien@outlook.com,+44 7414 891580,2024-08-14,1998-05-20,Bangor,LL11 1AJ,United Kingdom,FALSE
C4838,Niamh,Singh,niamh.singh@btinternet.com,07425 837900,"November 18, 2023",22.03.90,Glasgow,G14 5YU,United Kingdom,Yes
C5445,Tomasz,Griffiths,tomasz.griffiths9@yahoo.co.uk,07947 867249,2023-10-26,23/11/1951,edinburgh,EH6 9WZ,United Kingdom,y
C3622,Aisha,Johnson,aisha.johnson30@hotmail.co.uk,07395 542499,2025-11-21,1967-06-27,Cardiff,CF1 9GL,United Kingdom,0
C2888,Seren,O'Brien,seren.obrien17@gmail.com,07983 122031,,1981-07-09,Manchester,M5 5NA,UK,yes
C5223,Freya,Wood,freya.wood@gmail.com,07457236834,"May 09, 2024",2003-10-28,Sheffield,S13 7WU,GB,Yes
C4554,Chloe,O'Brien,chloe.obrien97@btinternet.com,0796582,20 Nov 2024,"March 05, 1956",Bristol,BS18 8QG,GB,
C2215,Ivy,Johnson,ivy.johnson96@yahoo.co.uk,07558-304881,2024-12-07,1993-12-09,Manchester,M16 2ZE,United Kingdom,yes
C3150,Seren,Hall,seren.hall79@gmail.com,07707-743479,2024-07-15,1989-07-02,Port Talbot,SA12 9JJ,Wales,0
C3726,Sean,Taylor,sean.taylor@outlook.com,07781-721804,"July 25, 2023",1968/10/11,Birmingham,B7 7WR,United Kingdom,
C2919,Zainab,Jones,zainab.jones76@icloud.com,07839 745365,2025-07-19,1998-07-03,Glasgow,G4 4GZ,GB,No
C2338,Gareth,Lewis,gareth.lewis73btinternet.com,07394 790687,2025-07-24,1970-07-04,Glasgow,G9 7LZ,england,yes
C5583,Megan,Jones,megan.jones7@hotmail.co.uk,,15 Nov 2023,10-09-1997,Cardiff,CF10 1TZ,UK,No
C5513,Katarzyna,Thompson,katarzyna.thompson21@hotmail.co.uk,07428469680,2026-09-11,2001-08-01,Manchester,M3 1AX,GB,FALSE
C5214,Liam,Lewis,liam.lewis@gmail.com,07697734715,2023-09-11,1986-10-11,Glasgow,G8 3JB,United Kingdom,Y
C3443,Gareth,Johnson,gareth.johnson@yahoo.co.uk,07440166029,2026-03-19,12 May 1951,Port Talbot,SA14 7GE,United Kingdom,Yes
C1723,Priya,Khan,priya.khan12@btinternet.com,07565 690682,2025/02/27,2002-04-22,Bath,BA3 2TG,UK,TRUE
C5851,Arthur,Patel,arthur.patel20@btinternet.com,07826 094943,"October 23, 2024",1950-11-24,London,E10 3UZ,United Kingdom,1
C2021,Ivy,Edwards,ivy.edwards56@icloud.com,07792 348602,2025-07-16,,Aberystwyth,SY20 7WH,United Kingdom,Y
C4457,Noah,Johnson,noah.johnson79@yahoo.co.uk,07297772030,2025-02-21,1955-12-03,Bangor,LL7 3UR,United Kingdom,
C5508,Katarzyna,Evans,katarzyna.evans76@yahoo.co.uk,+44 7219 857590,2026-04-12,2000-01-03,Belfast,BT15 7UX,United Kingdom,FALSE
C6141,GEORGE,Price,george.price@hotmail.co.uk,,2025-06-18,1979-03-27,Aberystwyth,SY13 4XH,United Kingdom,Y
C1240,Rhys,Thompson,rhys.thompson@gmail.com,07188 464483,26/08/2023,06 Nov 2000,Glasgow,G19 5NA,UK,no
C6042,LEO,Thomas,leo.thomas69@gmail.com,07984529572,2026-07-30,1999-02-18,Glasgow,G15 3AT,U.K.,Y
C3784,Callum,Wood,callum.wood66@icloud.com,07130-684283,30/04/2024,1956-07-21,Glasgow,,UK,N
C2791,Mia,Hughes,mia.hughes@gmail.com,07892851971,2024-07-25,1977-01-14,Bristol,BS2 8AJ,United Kingdom,0
C2813,Noah,Price,noah.price@btinternet.com,07591 317517,2025-03-28,26.03.03,Aberystwyth,SY6 1JN,United Kingdom,yes
C2702,George,Smith,george.smith71@yahoo.co.uk,07547 552506,2025-12-07,1989-06-09,Cardiff,CF12 1WE,United Kingdom,
C6310,Freya ,Williams,FREYA.WILLIAMS61@HOTMAIL.CO.UK,07952 116316,"August 28, 2024",1978/03/02,Edinburgh,EH13 6HQ,United Kingdom,0
C6283,FIONA,Murphy,FIONA.MURPHY@OUTLOOK.COM,07538 820024,2024-12-30,0000-00-00,Newport,NP19 4JT,United Kingdom,TRUE
C1220,Grace,Jenkins,grace.jenkins90@icloud.com,07390614233,2023-10-14,1955-04-21,Manchester,M13 9RB,United Kingdom,Yes
C4887,Aisha,Davies,aisha.davies85@icloud.com,07966 644353,26 Dec 2024,1954-10-25,Belfast,BT14 3XX,United Kingdom,no
C2908,Katarzyna,Ali,katarzyna.ali@hotmail.co.uk,07339518845,06-29-2025,1993-10-09,Swansea,SA20 7PG,United Kingdom,Yes
C4254,Grace,Thomas,grace.thomas15@icloud.com,07803 184230,2026-01-28,1986-11-30,London,E14 9GG,United Kingdom,y
C5295,Freya,Johnson,freya.johnson40@hotmail.co.uk,07535607574,2025/05/05,1993-04-10,London,e145dd,United Kingdom,Y
C3906,Katarzyna,Thomas,katarzyna.thomas86@icloud.com,07813401566,2024-02-27,0000-00-00,Edinburgh,EH16 4WN,United Kingdom,No
C6048,Tomasz ,McDonald,TOMASZ.MCDONALD44@GMAIL.COM,07468 610397,2026-09-26,1953-08-10,Aberystwyth,SY13 8EJ,United Kingdom,no
C2572,Niamh,Roberts,niamh.roberts65@outlook.com,+44 7880 838275,2026-07-19,1963-10-11,Belfast,BT7 6DU,United Kingdom,0
C6080,George ,O'Brien,GEORGE.OBRIEN57@YAHOO.CO.UK,07467 182462,2024-01-26,1964-04-16,Wrexham,LL9 1TP,United Kingdom,y
C6290,MIA,Robinson,MIA.ROBINSON17@HOTMAIL.CO.UK,07122 746997,2025-04-26,1952-03-31,Aberystwyth,SY1 7SJ,United Kingdom,N
C2392,Mia,Ali,mia.ali90@icloud.com,07765 608329,2025-12-15,1968-07-25,Manchester,M2 2FA,United Kingdom,
C3521,Ravi,Ali,ravi.ali@hotmail.co.uk,,04-09-2024,2031-04-12,Glasgow,G7 4XZ,UK,1
C6169,priya,Griffiths,priya.griffiths@yahoo.co.uk,,12-21-2024,1989/05/22,London,,UK,TRUE
C5444,Noah,Murphy,noah.murphy84@yahoo.co.uk,0761537,2026-03-18,03 Jun 2000,Glasgow,G3 1GJ,UK,
C2254,Liam,Patel,liam.patel76@icloud.com,07347 786463,"October 06, 2024",1953-01-21,Wrexham,LL5 4EZ,United Kingdom,1
C1131,Zainab,Roberts,zainab.roberts@icloud.com,07137 143578,2023/10/15,1984-10-27,Bristol,BS12 3WB,GB,1
C2846,Katarzyna,Jenkins,,0780378,2025-06-05,1990-05-26,Leeds,ls168hu,UK,Y
C4448,Lily,Jones,lily.jones@hotmail.co.uk,07453 098924,2026-04-04,03/02/1973,Belfast,BT1 1RB,United Kingdom,0
C1320,Harry,Green,harry.green4yahoo.co.uk,+44 7368 616497,26.02.26,1998-12-16,Cardiff,CF20 4YE,United Kingdom,TRUE
C1287,Jack,Davies,jack.davies90@gmail.com,07359 467928,"June 03, 2025",1954-01-13,Edinburgh,EH4 6RF,UK,1
C3112,Mohammed,Johnson,mohammed.johnson94@outlook.com,,04-25-2025,1972-02-03,Bath,BA1 8NL,UK,0
C5117,Aisha,Ali,aisha.ali95@icloud.com,07166785487,N/A,1957-03-15,Leeds,LS3 5LF,United Kingdom,Y
C4876,Megan,Green,megan.green72@yahoo.co.uk,07926426807,2024-04-05,1999-07-25,Birmingham,B6 9BF,United Kingdom,N
C2001,Noah,Hall,noah.hall@btinternet.com,07154 442140,01.10.25,1963-12-19,Bristol,BS16 1SB,United Kingdom,yes
C4286,Priya,Thomas,priya.thomas90@hotmail.co.uk,07775 679339,"September 08, 2026",1979-10-15,Bristol,BS16 4YD,United Kingdom,0
C5274,Lily,Singh,lily.singh80@gmail.com,0715920,"March 07, 2024",16.06.74,Glasgow,G20 6SY,UK,1
C3689,Freya,Lewis,freya.lewis@gmail.com,07475 334766,2024-06-02,1982-04-17,Aberystwyth,SY19 6FY,U.K.,Yes
C5798,Connor,Hall,connor.hall60@hotmail.co.uk,07888 723994,2025-12-15,1974-02-27,Edinburgh,EH9 3ED,United Kingdom,
C4137,Katarzyna,Thompson,katarzyna.thompson@gmail.com,07126 261725,2024-03-01,1992-08-26,Nottingham,NG5 5YX,england,No
C2029,Seren,Williams,seren.williams19@hotmail.co.uk,07186 904856,2026-09-24,1951-09-05,Swansea,SA9 3ZZ,United Kingdom,FALSE
C5395,Bethan,Green,bethan.green77@outlook.com,+44 7196 154964,2026-07-09,1985-12-11,Nottingham,NG5 3LB,United Kingdom,yes
C3233,Mia,Roberts,mia.roberts93@hotmail.co.uk,07863-799437,18/03/2024,1995-01-03,Bath,BA1 4RB,United Kingdom,TRUE
C5281,Sean,Murphy,sean.murphy@yahoo.co.uk,07289 961203,2026-08-07,1950-12-02,Aberystwyth,sy62ne,United Kingdom,FALSE
C2447,Sean,Ali,sean.ali@yahoo.co.uk,07108 083155,12.09.26,1987-06-12,Edinburgh,EH12 5NR,United Kingdom,Yes
C4167,Isla,McDonald,isla.mcdonald73@gmail.com,07257 093301,2026-01-28,1900-01-01,Leeds,LS7 9PG,United Kingdom,No
C4993,Ethan,Jenkins,ethan.jenkins@hotmail.co.uk,0714733,2024-04-21,1981-12-02,Newport,NP1 6HS,United Kingdom,N
C2231,Gareth,Murphy,gareth.murphy98@hotmail.co.uk,07242 391917,2025-03-30,2000-08-14,London,E7 2TT,Great Britain,No
C5940,Arthur,Thomas,arthur.thomas@icloud.com,+44 7938 099100,TBC,1974-08-02,Wrexham,LL4 4QA,United Kingdom,Yes
C5322,George,Davies,george.davies@gmail.com,07712 003099,2023-08-24,1976-10-07,Cardiff,CF1 1UD,United Kingdom,Yes
C1178,Ivy,Walker,ivy.walker81@yahoo.co.uk,07760493470,2025-07-26,06-17-1967,manchester,M16 8TT,United Kingdom,yes
C1813,Aisha,Wood,aisha.wood@outlook.com,07252 989241,"January 20, 2024",02/05/2002,Edinburgh,EH3 7YD,UK,y
C6275,AISHA,Singh,aisha.singh81@gmail.com,07529 486998,30/08/2024,25/08/1978,Edinburgh,EH17 4GG,United Kingdom,Y
C1468,Ava,O'Brien,ava.obrien@hotmail.co.uk,07483881932,2024-09-25,1953-08-08,Liverpool,L9 9SG,United Kingdom,No
C2238,Cerys,Thomas,cerys.thomas78@outlook.com,07553 987156,2026-09-04,1976-05-16,Nottingham,NG16 3AL,United Kingdom,TRUE
C4049,Leo,Davies,leo.davies@icloud.com,07674 456716,26 Aug 2025,31 Jan 1969,Glasgow,g196wf,United Kingdom,0
C3111,Katarzyna,Thomas,katarzyna.thomas79@icloud.com,07778 189074,2025/01/31,06.08.80,Port Talbot,SA9 7BY,United Kingdom,TRUE
C3202,Liam,Smith,liam.smith73@hotmail.co.uk,0731995,2024-02-13,1991-11-26,Leeds,ls45dp,U.K.,No
C1092,Noah,Murphy,noah.murphy@hotmail.co.uk,07385 214538,11.02.26,1955-11-17,Birmingham,B1 8JR,United Kingdom,Yes
C1362,Dylan,Lewis,dylan.lewis@icloud.com,07376416899,2025/07/31,1984-09-02,Belfast,BT7 8WG,UK,TRUE
C1961,Mohammed,Taylor,mohammed.taylor@gmail.com,07904 941302,21.04.25,1959/09/07,Sheffield,S19 1TL,UK,Yes
C1902,Noah,Singh,noah.singh38@btinternet.com,07879 308358,2024-07-10,1976-11-02,Bristol,BS15 9LY,UK,No
C1860,Liam,Walker,liam.walker33@yahoo.co.uk,07920 062988,2023-12-23,"March 04, 1953",Bangor,LL10 1GW,GB,no
C1366,Dylan,Evans,dylan.evans54@icloud.com,07177 782445,2024-12-06,04-25-1951,Swansea,SA4 4QF,Wales,
C4585,George,Murphy,george.murphy84@hotmail.co.uk,07710 176311,2026-04-08,29/10/1984,Sheffield,S2 4ZF,United Kingdom,y
C3636,Rhys,Williams,rhys.williams81@outlook.com,07922236971,2024-10-24,1955/09/10,Bristol,BS13 3AH,United Kingdom,FALSE
C1524,Isla,O'Brien,isla.obrien@icloud.com,07263099135,2024-11-03,28.09.91,Wrexham,LL4 1YG,United Kingdom,0
C4475,Owen,Patel,owen.patel20@hotmail.co.uk,07471 875676,unknown,2004-10-24,BIRMINGHAM,B1 5LY,United Kingdom,yes
C4864,Lily,Taylor,lily.taylor87@gmail.com,07332 099710,2025-11-07,1976-12-25,Exeter,EX19 3LQ,UK,
C3396,Rhys,Nowak,rhys.nowak@yahoo.co.uk,07204 330939,2023-12-14,12-04-1997,Swansea,SA3 9FB,United Kingdom,TRUE
C5767,Cerys,Robinson,cerys.robinson17@gmail.com,07876335226,2023-06-14,1953-04-07,Edinburgh,eh66pf,United Kingdom,y
C2799,Grace,Jones,grace.jones84@yahoo.co.uk,07651358501,2026/08/02,1974-07-28,Exeter,EX8 9DR,United Kingdom,0
C6194,Seren ,Khan,seren.khan@btinternet.com,07368 015137,2023-09-07,1959-11-08,Exeter,EX19 6BB,United Kingdom,yes
C1981,Freya,Jones,freya.jones29@gmail.com,,2024/03/12,1900-01-01,Liverpool,,Great Britain,y
C3648,Ivy,Morgan,ivy.morgan77@outlook.com,+44 7991 658158,2023-08-04,1968-11-04,Bristol,bs37se,United Kingdom,no
C5710,Sean,Jenkins,sean.jenkins85@icloud.com,,2026-07-31,"December 23, 1950",Bristol,BS17 2YR,UK,No
C1276,Priya,Jones,priya.jones@yahoo.co.uk,07373781547,2025-11-09,1979-12-25,Manchester,M3 4UL,United Kingdom,y
C3672,Aisha,Thomas,aisha.thomas8@hotmail.co.uk,07249 497989,2026-01-18,1964-05-26,Belfast,BT6 3AS,United Kingdom,TRUE
C2549,Grace,Price,grace.price86@btinternet.com,07627 570660,"January 12, 2026",1978-04-10,Swansea,SA8 4LT,UK,N
C5502,Grace,Price,grace.price@btinternet.com,07920 512927,2025-03-04,"April 30, 1967",Bath,BA14 2SN,United Kingdom,TRUE
C3834,Ivy,Evans,ivy.evans@gmail.com,07173 599553,29/10/2025,1993-11-25,Bangor,LL14 8DZ,U.K.,Yes
C1888,Ella,Nowak,ella.nowak27@hotmail.co.uk,07213 221945,2026-06-11,1952-10-30,Liverpool,L15 1AN,UK,1
C3881,Bethan,Taylor,bethan.taylor@btinternet.com,07427 235523,"August 26, 2024",1962-12-25,London,E7 5LF,england,0
C5300,Oliver,Price,oliver.price29@hotmail.co.uk,07928 232982,17/01/2025,04 Jul 1989,Newport,NP19 1BL,United Kingdom,N
C4116,Liam,Hall,liam.hall81@yahoo.co.uk,,"July 15, 2026",03-21-1960,Edinburgh,EH1 8AP,United Kingdom,N
C1710,Freya,Jenkins,freya.jenkins@outlook.com,07105 403865,2024-02-29,1962-06-14,Sheffield,S11 4TG,United Kingdom,FALSE
C1331,Mia,Thomas,mia.thomas78@btinternet.com,07812 856146,2024-11-26,04/01/1982,Manchester,M13 9SZ,UK,Yes
C1814,Katarzyna,Murphy,katarzyna.murphy76@btinternet.com,+44 7227 440011,2025-11-28,2002-11-20,Edinburgh,EH11 3YX,United Kingdom,0
C4057,Sean,Price,,07868 340921,,04.03.55,Wrexham,LL11 3JU,GB,N
C1399,Bethan,Williams,bethan.williams2@outlook.com,07497 269714,2024-06-01,1972-04-02,Birmingam,B7 4XD,UK,y
C4603,Zainab,Price,zainab.price32@hotmail.co.uk,0763319,2024-01-08,1959-02-10,Bristol,BS3 9ST,United Kingdom,Y
C2424,Liam,Green,liam.green@btinternet.com,07564 483718,2024-08-10,1960-01-27,London,E1 5XB,UK,
C4189,Bethan,Thomas,bethan.thomas86@icloud.com,07697 468741,2023/09/03,05-27-1995,Bath,BA5 1ZR,UK,FALSE
C1592,Grace,Singh,grace.singh36@yahoo.co.uk,07417-059239,,1955-06-12,Belfast,BT2 5WP,United Kingdom,TRUE
C3081,Megan,Singh,megan.singh80@yahoo.co.uk,07862 844068,19/12/2023,1999-11-29,Belfast,BT11 4YJ,United Kingdom,
C4697,Aisha,McDonald,aisha.mcdonald@hotmail.co.uk,0756977,2023-09-07,1976-08-03,Swansea,SA10 6JH,United Kingdom,Y
C2464,Isla,McDonald,isla.mcdonald77@icloud.com,07829800051,2023-08-20,1997-03-15,Leeds,LS8 8WE,Wales,TRUE
C3296,Ravi,Roberts,ravi.roberts98@icloud.com,07678236666,13/11/2025,1953-03-09,Nottingham,NG14 5YZ,UK,1
C4314,Bethan,Evans,,07595140490,2026-07-04,1965-11-25,Sheffield,S15 9TL,United Kingdom,1
C1726,Seren,Khan,seren.khan99@hotmail.co.uk,+44 7941 533549,08-03-2024,1992-07-22,Manchester,M14 6AP,Great Britain,0
C5420,Callum,Johnson,,07818 123908,"January 25, 2026",26/04/1957,Edinburgh,eh155dh,United Kingdom,No
C5855,Harry,Walker,harry.walker79@icloud.com,07199 662268,2023-11-04,1967-02-23,Glasgow,G19 5WQ,United Kingdom,FALSE
C3465,Tomasz,Hall,tomasz.hall75@outlook.com,07298 443716,2025/10/25,11/02/1982,Nottingham,NG11 2AB,United Kingdom,no
C6072,DYLAN,O'Brien,dylan.obrien48@hotmail.co.uk,07334 404853,2026-01-13,1966/08/11,Leeds,LS16 1GS,United Kingdom,N
C4173,Lily,Ali,lily.ali14@hotmail.co.uk,0720683,2024-08-09,13 Sep 1980,Exeter,EX18 9LQ,United Kingdom,N
C3138,Fiona,Williams,fiona.williams@gmail.com,+44 7138 002607,2025-02-08,1993-11-13,Swansea,SA6 6YA,United Kingdom,yes
C4714,Sean,Thompson,sean.thompson@yahoo.co.uk,07822140513,"April 26, 2026",1958-04-30,Bristol,BS4 9RF,United Kingdom,yes
C3038,Freya,Smith,freya.smith@gmail.com,07699036207,2025-12-01,16/09/1956,Nottingham,NG13 1AZ,england,
C4164,Seren,Roberts,seren.roberts82@gmail.com,+44 7676 682535,2024-08-28,2003-07-19,Newport,np94bp,UK,N
C5567,Priya,McDonald,priya.mcdonald67@icloud.com,07271 782748,2025/07/02,1991-02-16,Sheffield,S11 4HQ,UK,No
C4169,Dylan,Williams,dylan.williams25@hotmail.co.uk,07337 968629,02-08-2025,1953-04-03,Wrexham,LL15 8PY,Great Britain,TRUE
C1503,Fiona,Singh,fiona.singh98@outlook.com,07762 476064,2024/02/02,1968-11-27,Edinburgh,EH9 8WL,United Kingdom,y
C5555,Dylan,Roberts,dylan.roberts@gmail.com,,14/10/2025,1964-06-18,Newport,np169wt,United Kingdom,TRUE
C5647,Lily,Thomas,lily.thomas93@outlook.com,07660 922210,2025-05-27,1950-10-18,Belfast,BT6 4AX,United Kingdom,N
C2054,Grace,Evans,grace.evans@btinternet.com,07128-018902,2024-04-09,1962-04-24,Newport,NP6 6FR,United Kingdom,No
C2123,Ava,Jenkins,ava.jenkins96@outlook.com,07960 335781,"December 10, 2024",1982-07-15,Belfast,BT15 5FU,UK,Yes
C6259,NOAH,Williams,noah.williams@btinternet.com,07221 413609,2024-03-29,1989/06/02,Newport,NP2 2PB,United Kingdom,No
C3432,Aisha,McDonald,,07195 155790,30 Aug 2024,2004-08-26,Wrexham,LL16 8GH,Wales,Yes
C3115,Oliver,Price,oliver.price@gmail.com,07886 783996,16 Aug 2024,1962-05-17,Liverpool,L12 9AX,,N
C6094,IVY,Hall,ivy.hall71@gmail.com,+44 7318 391401,2025-09-13,1969-11-07,Newport,NP19 5BW,United Kingdom,Y
C2944,Megan,Williams,megan.williams68@icloud.com,07957 691784,2026-01-23,1977-10-28,Aberystwyth,SY17 1NH,england,Y
C4516,Ava,Thomas,ava.thomas39@gmail.com,07962 691965,2026-06-20,09 May 1950,Wrexham,LL18 8LP,england,y
C4584,Liam,Morgan,liam.morgan@yahoo.co.uk,07868814766,2024-06-04,2001-04-10,Exeter,EX4 2YS,UK,no
C3725,Zainab,Smith,zainab.smith28@outlook.com,07356 008038,2023/07/14,21 Jan 1969,Glasgow,G10 6LH,United Kingdom,y
C2280,Bethan,Murphy,bethan.murphy@btinternet.com,+44 7201 718736,2024-07-24,1989/11/04,Nottingham,NG9 6FG,UK,0
C4349,Gareth,Murphy,gareth.murphy@btinternet.com,07373 348613,2026-01-06,15 Jul 1958,Cardiff,cf93sg,UK,
C4536,Jack,Singh,jack.singh99@hotmail.co.uk,07367 121398,22/12/2023,1968-01-23,Cardiff,CF20 2ST,GB,y
C4643,Oliver,Williams,oliver.williams5@btinternet.com,07620743642,07-24-2026,12-18-1954,Glasgow,G5 1UB,,y
C4905,Harry,Ali,harry.ali66@yahoo.co.uk,07183 811675,2025-07-25,1955-07-08,Glasgow,G20 6FB,GB,N
C3193,Isla,Murphy,isla.murphy62@outlook.com,,30.10.23,1960-08-09,Bristol,BS5 4JQ,UK,Y
C2474,Niamh,McDonald,niamh.mcdonald@hotmail.co.uk,07483 749041,2024/01/25,1993-03-14,Leeds,LS16 1ZL,UK,
C2881,Zainab,Johnson,zainab.johnson86@yahoo.co.uk,07997305729,2023-06-09,,Belfast,BT9 5FZ,UK,
C3861,Sophie,Walker,sophie.walker99@yahoo.co.uk,+44 7791 368754,2025-08-28,2003-07-26,Birmingham,B6 9XP,United Kingdom,N
C4786,Grace,Evans,grace.evans19@icloud.com,+44 7187 078671,2026-03-22,1972-06-19,Aberystwyth,SY13 1HT,U.K.,0
C5003,Niamh,Hall,niamh.hall85@gmail.com,07653506934,2025-08-16,1965-02-13,Edinburgh,EH4 6WU,United Kingdom,No
C1832,Tomasz,Lewis,tomasz.lewis@hotmail.co.uk,07879 679240,31 Jul 2025,1968-02-03,Exeter,EX3 4AA,United Kingdom,N
C4156,Ravi,Price,ravi.price47@btinternet.com,07280 655988,2026-07-27,1977-07-22,Cardiff,CF8 1AR,United Kingdom,
C2951,Cerys,Price,cerys.price@hotmail.co.uk,07954574414,2024-11-04,1971-06-30,Belfast,bt201pl,United Kingdom,FALSE
C5327,Dylan,Evans,dylan.evans46@outlook.com,,2025-10-04,1984-02-05,Exeter,EX3 2HS,GB,FALSE
C4820,Ivy,Nowak,ivy.nowak@outlook.com,07781 015855,17.11.25,2031-04-12,Swansea,SA4 8BA,United Kingdom,TRUE
C2312,Freya,McDonald,freya.mcdonald@hotmail.co.uk,07480532195,05/10/2023,1987/07/21,Nottingham,ng118nw,United Kingdom,yes
C5477,Sophie,Robinson,sophie.robinson75@gmail.com,07608 015524,"May 23, 2024",1985-01-30,Manchester,M7 9ZQ,United Kingdom,yes
C2417,Ravi,Morgan,ravi.morgan99@outlook.com,+44 7650 028258,2024-11-08,1952-04-15,Swansea,sa155bs,United Kingdom,No
C5600,Priya,Johnson,priya.johnson87@hotmail.co.uk,07398657134,2024-01-28,1976-01-21,Nottingham,NG5 7EX,UK,1
C3213,Lily,Hall,lily.hall29@btinternet.com,+44 7721 479161,2026-02-10,1963-11-20,Liverpool,L16 5JQ,United Kingdom,y
C3695,Callum,Evans,callum.evans67@outlook.com,07521015009,N/A,2004-10-11,Swansea,SA8 3HL,United Kingdom,1
C5231,Harry,Patel,harry.patel2@icloud.com,07440 067250,"March 20, 2026",1978-02-22,Bangor,LL7 1JY,UK,N
C1770,Niamh,Evans,niamh.evans75@gmail.com,07580 194801,2024-04-15,1957-08-29,Cardiff,CF14 4XD,UK,Yes
C1095,Noah,Smith,noah.smith72@btinternet.com,07282 179907,2025-07-30,"November 07, 2005",Bath,BA17 1HB,Wales,no
C4395,Ella,Evans,ella.evans@yahoo.co.uk,07127 567747,,1965-05-08,Bath,BA3 8JD,United Kingdom,0
C1628,Ella,Thompson,ella.thompson97@hotmail.co.uk,07469 469040,2026-02-05,1960-01-30,Sheffield,S3 6EU,Great Britain,No
C5101,Tomasz,Hall,tomasz.hall34@hotmail.co.uk,07786 669646,2023-09-02,"May 15, 2001",Port Talbot,SA17 4RT,United Kingdom,FALSE
C4500,Seren,Khan,seren.khan45@icloud.com,07331102632,2025-11-08,2001-10-20,Glasgow,g34gb,United Kingdom,TRUE
C1498,Seren,Ali,seren.ali13@icloud.com,07701 519774,2023-08-27,1978-07-08,Glasgow,G6 9FZ,UK,Y
C1046,Priya,Thomas,priya.thomas81@hotmail.co.uk,07130 188348,2026-02-08,1996-04-23,Cardiff,CF15 7WG,United Kingdom,Yes
C4443,Bethan,Patel,bethan.patel@icloud.com,07563601478,03/06/2023,1974-09-14,Newport,NP3 2DW,United Kingdom,TRUE
C1752,Ethan,Lewis,ethan.lewis@gmail.com,07310 716924,"January 11, 2026",N/A,Edinburgh,EH7 9FF,United Kingdom,No
C3237,Ava,Ali,ava.ali80@icloud.com,,2024-09-09,02.08.89,Exeter,EX10 8YH,United Kingdom,
C1964,Liam,McDonald,liam.mcdonald36@gmail.com,07280990907,2024-06-11,1955-04-05,Cardiff,CF7 2NH,United Kingdom,No
C1920,Leo,Johnson,leo.johnson@yahoo.co.uk,07916 116532,2026-05-04,1976-11-13,Newport,NP1 1QR,United Kingdom,yes
C1352,Grace,Walker,grace.walker78@yahoo.co.uk,07132 377413,07-22-2025,1963-08-16,Wrexham,LL4 4YD,United Kingdom,No
C3048,Harry,Wood,harry.wood11@gmail.com,07456344480,2025-03-31,1999-07-29,Leeds,LS3 9GP,UK,Y
C5449,Ivy,Jenkins,ivy.jenkinsyahoo.co.uk,07248-000112,2023-07-23,1950-04-30,Sheffield,S4 6AZ,United Kingdom,0
C2401,Niamh,Walker,niamh.walker7yahoo.co.uk,07487 586639,2025-07-01,"October 31, 1977",Nottingham,,United Kingdom,TRUE
C1445,Ivy,Price,ivy.price28@gmail.com,07632 946260,2026-04-05,1991-08-12,Glasgow,G13 4RZ,U.K.,y
C6144,Mohammed ,O'Brien,MOHAMMED.OBRIEN@HOTMAIL.CO.UK,07616 111658,2024-09-22,1982-10-08,Exeter,EX14 9QF,UK,FALSE
C1143,Bethan,Davies,bethan.davies38@gmail.com,,2023-10-18,29 Jan 1968,Swansea,SA20 9WN,United Kingdom,
C3594,Ava,Johnson,ava.johnson@icloud.com,07100897276,2026-04-14,1993-01-31,Edinburgh,EH2 1UZ,United Kingdom,TRUE
C4514,Rhys,Evans,rhys.evans@hotmail.co.uk,07508 338042,2026-08-06,26.08.64,Glasgow,G3 9NF,United Kingdom,
C2634,Leo,Hughes,leo.hughes@btinternet.com,07205-532612,2026-07-02,2002-03-13,Wrexham,LL18 3DU,United Kingdom,No
C1942,Callum,Edwards,callum.edwards80@gmail.com,+44 7416 304117,2023-08-13,17/04/1983,Aberystwyth,SY1 8GF,UK,no
C2067,Owen,Khan,owen.khan76@yahoo.co.uk,07757 884531,"October 14, 2024",1967-11-05,Bangor,LL19 6YF,GB,y
C2927,Megan,Green,megan.green89@icloud.com,0783716,2023-12-16,1959-04-15,Nottingham,NG13 8AU,United Kingdom,1
C5308,George,Jones,george.jones1@outlook.com,,2023-09-02,1975-07-27,Exeter,EX2 4UB,UK,yes
C1565,Katarzyna,Williams,katarzyna.williams81@hotmail.co.uk,07433-636035,2026-07-31,2002-05-12,Cardiff,CF14 4LS,United Kingdom,yes
C2831,Connor,Wood,connor.wood99@icloud.com,07740 102278,"May 23, 2024",1984-08-13,Bangor,LL2 2UQ,UK,no
C4711,Rhys,Morgan,rhys.morgan77@outlook.com,07338 718013,27.10.24,1956/05/09,Edinburgh,EH2 1TG,United Kingdom,N
C1655,Mia,Smith,mia.smith92@gmail.com,07774 265749,2026-06-28,1973-06-05,Glasgow,G1 4YJ,United Kingdom,Yes
C2038,Sophie,Wood,sophie.wood8@hotmail.co.uk,07544 536850,2024-08-11,1978-11-24,Liverpool,l144jl,United Kingdom,
C3201,Tomasz,Johnson,tomasz.johnson79@icloud.com,07222 529090,2026-09-25,1977-07-14,Wrexham,LL4 3SW,United Kingdom,0
C3878,Connor,Patel,connor.patel13@yahoo.co.uk,0726822,2024-11-14,1993-05-26,,BS3 7JL,UK,FALSE
C6196,sophie,Evans,SOPHIE.EVANS6@HOTMAIL.CO.UK,07165462735,2024-03-09,28/05/1996,Aberystwyth,SY18 9ZQ,United Kingdom,y
C1520,Seren,Smith,seren.smith@gmail.com,+44 7159 574192,2024-01-09,1966-10-22,Nottingham,NG13 7WP,GB,1
C4624,Megan,Nowak,megan.nowak26@icloud.com,07843 840866,2024-12-02,1977-04-12,Birmingham,B10 3JS,United Kingdom,no
C2179,Aisha,Griffiths,,+44 7742 415202,2025-01-03,2001-12-21,Aberystwyth,SY7 3YZ,Wales,1
C4026,Connor,Murphy,connor.murphy86@outlook.com,0757208,2023-11-10,2031-04-12,Wrexham,LL10 7ZX,UK,0
C4064,George,Roberts,george.roberts85@outlook.com,07306 504503,2025-11-16,1966-05-31,Edinburg,EH6 5JE,United Kingdom,no
C5226,Arthur,Jones,arthur.jones@icloud.com,+44 7859 291545,2024-09-11,2004-06-01,Manchester,M19 6EG,United Kingdom,no
C5084,Mohammed,O'Brien,mohammed.obrien72@gmail.com,+44 7299 028945,2024-01-13,1961-08-20,Liverpool,L3 1YS,United Kingdom,no
C2643,Ella,Wood,ella.wood@icloud.com,07957 802444,2023-11-16,19/09/2005,Bristol,BS10 1BJ,United Kingdom,no
C5806,Callum,Jenkins,callum.jenkins@icloud.com,07792862639,05.12.25,16.12.55,,M6 3AS,United Kingdom,N
C3342,Cerys,Roberts,cerys.roberts78@hotmail.co.uk,07436 279783,"August 28, 2025",1954-02-20,Birmingham,b186zx,United Kingdom,No
C4729,Grace,Smith,grace.smith@hotmail.co.uk,07993-290799,2024-06-16,1971-02-03,Aberystwyth,SY13 4UR,United Kingdom,yes
C4552,Freya,Wood,freya.wood34@hotmail.co.uk,07745-047065,30/05/2025,17.09.59,Newport,NP12 6HW,United Kingdom,0
C4265,Lily,Khan,lily.khangmail.com,07738 519640,2026-04-26,1955-06-25,Leeds,LS11 4GN,United Kingdom,N
C1559,Grace,Hall,grace.hall29@gmail.com,,2024-11-11,1968-01-13,Bristol,BS1 2ZP,UK,FALSE
C3065,Niamh,Hughes,niamh.hughes99@hotmail.co.uk,07297679363,2026-08-20,1979-08-22,Edinburgh,EH4 5LE,United Kingdom,TRUE
C4227,Ella,Morgan,ella.morgan@outlook.com,+44 7968 974569,2025-01-23,"November 18, 1959",Birmingham,B11 7ZX,,Y
C5363,Dylan,Thompson,dylan.thompson61@yahoo.co.uk,07752318426,2026-03-26,1989-09-06,Bangor,LL6 1BA,United Kingdom,N
C5834,Owen,Morgan,owen.morgan@btinternet.com,07661-293209,2023-12-09,1970-07-16,manchester,M2 3PR,United Kingdom,No
C4715,Megan,Jenkins,megan.jenkins72@hotmail.co.uk,07544 067627,TBC,1966-08-19,Edinburgh,EH12 1LY,UK,Y
C3041,Katarzyna,Taylor,katarzyna.taylor85@gmail.com,07218012080,2023-09-17,1958-01-06,Bristol,bs17rd,GB,N
C3466,Zainab,Khan,zainab.khan79@hotmail.co.uk,07568 371839,2025-07-31,1967-06-10,Belfast,BT18 3UR,,
C1830,Leo,Davies,leo.davies@btinternet.com,07346 827789,09 Dec 2024,10.06.92,Nottingham,NG8 3DE,United Kingdom,y
C2806,Dylan,O'Brien,dylan.obrien@icloud.com,07745 016527,01.10.23,1987-05-07,Nottingham,NG16 3BP,United Kingdom,Yes
C1576,Seren,Davies,seren.davies71@gmail.com,07289 928475,08-07-2026,1951-10-01,Bath,BA5 4FU,GB,yes
C2624,Callum,Edwards,callum.edwards@hotmail.co.uk,+44 7547 367777,02-11-2024,1953-03-08,Nottingham,NG14 7BD,United Kingdom,y
C4746,Cerys,Roberts,cerys.roberts78@gmail.com,+44 7576 715552,2025-01-18,1956-03-19,Bath,BA13 9WU,United Kingdom,TRUE
C1018,Amelia,Smith,amelia.smith42@yahoo.co.uk,,2026-01-30,1979-04-02,Belfast,bt17wn,United Kingdom,yes
C3479,Ethan,Roberts,ethan.roberts76@yahoo.co.uk,07251 282574,2023-06-11,1997-11-11,Cardiff,,UK,Yes
C4452,Mohammed,Robinson,mohammed.robinson11@btinternet.com,07138 055076,2026-02-09,1960-10-27,Glasgow,G20 7HS,GB,FALSE
C4754,Liam,Taylor,liam.taylor45@outlook.com,07174 697149,2023/09/17,1951-08-01,Edinburgh,EH15 1PX,United Kingdom,Y
C4612,Bethan,Ali,bethan.ali97@icloud.com,07399032515,2025/06/13,1951-07-01,Aberystwyth,SY1 4NS,United Kingdom,N
C3781,Dylan,Green,dylan.green29@yahoo.co.uk,07577682750,07-30-2024,12/05/1964,Belfast,BT20 3YD,Great Britain,no
C3517,Owen,McDonald,"owen.mcdonald94@icloud,com",07965 296325,2026-06-18,,Bangor,LL14 4WU,United Kingdom,Yes
C4657,Tomasz,Wood,tomasz.wood71@hotmail.co.uk,07370 527593,2026-08-19,1958/09/11,Exeter,EX4 4BL,United Kingdom,1
C4125,Gareth,Evans,gareth.evans50@btinternet.com,07120 403710,2025-07-14,"July 17, 1983",Birmingham,B4 4ZE,UK,0
C2053,Ethan,O'Brien,ethan.obrien@gmail.com,07842 748895,2023-07-07,1991-01-03,Bath,BA14 3ZL,U.K.,no
C5517,Lily,Jenkins,lily.jenkins94@hotmail.co.uk,07949 236462,2023-09-12,1971-05-28,Manchester,M7 1XA,UK,y
C2071,Callum,Jenkins,callum.jenkins42@yahoo.co.uk,07578 552023,2023-10-03,2004-05-23,Aberystwyth,SY20 1YS,U.K.,no
C3574,Mia,Patel,mia.patel72@outlook.com,07988 117529,2025-05-20,2001-12-31,London,E19 5AH,Great Britain,N
C1451,Ava,Johnson,ava.johnson39@outlook.com,+44 7778 934433,2026-08-14,1963-01-14,Glasgow,G5 5HL,GB,no
C1911,Arthur,Smith,arthur.smith@gmail.com,07338 203044,2026-01-29,1972-04-27,Bristol,BS16 6HT,Wales,TRUE
C2885,Bethan,Williams,bethan.williams91@btinternet.com,07103 121965,2024-04-22,2000-10-18,Aberystwyth,SY16 4LH,United Kingdom,Yes
C1970,Mia,Hall,mia.hallhotmail.co.uk,+44 7811 680496,2025-10-18,2002-09-16,Sheffield,S7 7EZ,United Kingdom,N
C3868,George,McDonald,george.mcdonald@icloud.com,07212 852308,2025-02-09,1900-01-01,Aberystwyth,SY16 3AG,United Kingdom,No
C5639,Chloe,Evans,chloe.evans@btinternet.com,07184 765789,2023-10-26,06/04/1955,Belfast,BT19 5DJ,United Kingdom,0
C3056,Isla,Edwards,isla.edwards78@hotmail.co.uk,07714736574,2024-04-16,1951-09-21,Bath,BA8 9DH,UK,no
C2564,Megan,Jones,megan.jones@icloud.com,07729197948,2025-06-30,2003-12-12,Wrexham,LL5 1QT,United Kingdom,Yes
C2233,Amelia,Thompson,amelia.thompson82@yahoo.co.uk,07899 789862,24/04/2026,1976-01-13,Port Talbot,SA7 5PH,england,yes
C1017,Chloe,Jenkins,chloe.jenkins2@gmail.com,07953363874,10/07/2025,11 Aug 1954,Birmingham,B10 3DF,U.K.,
C2305,Owen,Evans,owen.evans73@outlook.com,+44 7743 756116,2025-07-09,"October 27, 1993",Manchester,M1 4RS,United Kingdom,N
C2669,Isla,Thomas,isla.thomas10@outlook.com,07310 870001,2024-01-07,1974-05-16,Manchester,m206ub,United Kingdom,no
C5493,Aisha,Johnson,aisha.johnson@outlook.com,+44 7140 165674,2026-07-20,1973/04/07,Manchester,M6 9JF,United Kingdom,1
C2517,Cerys,Hall,cerys.hall51@btinternet.com,07230 614340,18 Aug 2026,1978-12-27,Sheffield,S16 4XJ,,Y
C3145,Mia,O'Brien,mia.obrien@gmail.com,+44 7881 805438,2025-03-26,1991-11-11,Glasgow,G18 5TB,United Kingdom,no
C2708,Ravi,Hall,ravi.hall99@yahoo.co.uk,07765 937864,2025-04-26,1987-04-12,Bath,BA11 2JP,United Kingdom,0
C2830,Mohammed,Price,mohammed.price@btinternet.com,07215 696573,2024-03-02,07.04.02,Bangor,LL5 5NY,United Kingdom,no
C3151,Aisha,Walker,aisha.walker@gmail.com,07628 658377,2024-01-18,11 Feb 1981,Swansea,SA14 9US,United Kingdom,FALSE
C4981,Callum,Hughes,callum.hughes85@icloud.com,07594 602883,2025-04-30,"June 13, 1996",Swansea,SA18 1TE,United Kingdom,1
C4882,Cerys,Walker,cerys.walker85@hotmail.co.uk,07177 573924,2024-08-12,15 Dec 1963,Exeter,EX7 6AP,U.K.,
C2737,Oliver,McDonald,oliver.mcdonald@outlook.com,07358 434897,2025-10-23,1997-04-21,Edinburgh,EH7 5NY,england,N
C4558,Ethan,Ali,ethan.ali3@btinternet.com,07602 451574,2025-12-18,24.02.83,Swansea,SA14 3WE,U.K.,0
C5580,Mohammed,Roberts,mohammed.roberts@outlook.com,+44 7922 261930,15.05.26,2005-02-10,Bristol,BS11 4ZX,United Kingdom,y
C5532,Grace,Robinson,grace.robinson@icloud.com,07313 373414,2026/09/10,1952-06-20,Sheffield,S3 8PD,,no
C2986,George,Jones,george.jones98@btinternet.com,07158-688279,2024-10-19,1996-09-26,Bangor,LL7 9DA,UK,yes
C5010,Seren,Hughes,seren.hughes@outlook.com,07562634607,"January 21, 2024",1970-09-29,Sheffield,S5 7AZ,United Kingdom,Yes
C2756,Callum,Green,callum.green35@btinternet.com,07640 201242,2024-04-09,N/A,Bath,BA16 2LW,United Kingdom,no
C1385,Dylan,Thompson,dylan.thompson@yahoo.co.uk,07700 184844,12.11.23,04-02-1993,Birmingham,B19 8AW,United Kingdom,
C6292,Niamh ,Morgan,niamh.morgan29@btinternet.com,07229 588108,2026-08-20,1997-05-09,Liverpool,L11 9HX,United Kingdom,No
C2246,Cerys,Jones,cerys.jones@hotmail.co.uk,07659997635,2026-04-12,1972-04-16,Port Talbot,SA5 1YH,U.K.,y
C2994,George,Lewis,george.lewis60@icloud.com,07923-194442,2024-08-15,30 Sep 2002,Swansea,SA7 2LY,United Kingdom,
C1386,Sophie,Jones, sophie.jones85@btinternet.com ,+44 7358 445378,2023-11-22,1974-10-04,Newport,NP17 7HE,United Kingdom,
C1585,Niamh,Davies,niamh.davies99@icloud.com,07624 945886,2024-05-15,"December 10, 1961",Bristol,BS19 7ZE,United Kingdom,No
C5863,Cerys,Morgan,cerys.morgan68@hotmail.co.uk,,2024-07-13,1975-12-18,Bath,BA17 5DF,UK,y
C2072,Chloe,Nowak,chloe.nowak@btinternet.com,07199 543361,2024-10-13,1986-12-20,Leeds,LS10 1BH,GB,
C4737,Tomasz,Ali,,,2023-07-13,1993-04-27,Bristol,BS6 4SY,United Kingdom,1
C2051,Ivy,Evans,ivy.evans89@hotmail.co.uk,07484-343049,2024/12/22,1900-01-01,Nottingham,NG16 3BL,United Kingdom,No
C5284,Zainab,Robinson,"zainab.robinson91@btinternet,com",07798 402983,2025-10-29,08.02.74,,L20 9JR,United Kingdom,Yes
C2336,Fiona,Davies,fiona.davies95@yahoo.co.uk,07108 233527,2024-04-19,TBC,Edinburg,EH15 8JQ,United Kingdom,No
C1590,Isla,Griffiths,isla.griffiths7@icloud.com,07340 752036,2026-01-23,1953-07-08,Birmingham,b108eb,United Kingdom,no
C4881,Sean,Jones,sean.jones97@btinternet.com,+44 7116 736137,2024-11-22,03-11-1982,Sheffield,S2 7AH,United Kingdom,y
C4264,Dylan,Price,dylan.price80@yahoo.co.uk,07126 419543,08/08/2025,1951-07-03,Manchester,M1 2UZ,United Kingdom,N
C2777,Bethan,Wood,bethan.wood23@yahoo.co.uk,07531 209953,2025-09-28,1979-03-30,Bristol,BS8 7TJ,Great Britain,No
C3824,Chloe,Roberts,chloe.roberts@hotmail.co.uk,07347079252,2025-03-24,1953-05-07,Liverpool,L20 2WJ,United Kingdom,TRUE
C2257,Oliver,Hall,oliver.hall@yahoo.co.uk,07725 395961,"December 01, 2024",1974-08-11,Bath,BA14 3YY,United Kingdom,TRUE
C1530,Amelia,Nowak,amelia.nowak9@btinternet.com,07737 755632,,1974-06-09,Manchester,m47pa,United Kingdom,Y
C4127,Zainab,Nowak,zainab.nowak92@hotmail.co.uk,07315 638846,,1966-06-24,Port Talbot,SA9 5YL,Wales,No
C4491,Amelia,Price,amelia.price@outlook.com,07382 039204,2025/04/26,1980-05-11,,EH2 6EA,Great Britain,N
C2371,Oliver,Evans,oliver.evans89@icloud.com,07181 684544,2024-05-09,,Exeter,EX15 9XJ,United Kingdom,y
C5985,Gareth,Walker,gareth.walker42@icloud.com,07273 432330,12.01.25,1970-07-21,Exeter,,United Kingdom,No
C2660,Noah,Edwards,noah.edwards@btinternet.com,07569 891964,"March 26, 2025",1974-05-26,Port Talbot,SA2 6JE,GB,TRUE
C2769,Bethan,Jenkins,bethan.jenkins@gmail.com,07598788548,2023-07-27,1978-10-03,Newport,NP13 8YB,United Kingdom,0
C3965,Isla,Thomas,isla.thomas85@outlook.com,,2026-02-10,1992-10-23,Glasgow,G11 3WR,Great Britain,FALSE
C4515,Ivy,Walker,ivy.walker79@btinternet.com,07592 226028,30/04/2026,1900-01-01,Manchester,M3 2LD,United Kingdom,
C4698,Ethan,Hall,ethan.hall69@hotmail.co.uk,07149 418753,28.02.25,1953-05-23,Newport,NP19 5JU,UK,FALSE
C6115,FIONA,McDonald,fiona.mcdonald12@icloud.com,07936 255588,2026-04-17,1952-11-21,Wrexham,LL11 8BW,United Kingdom,TRUE
C1291,Ethan,Nowak,ethan.nowak71@yahoo.co.uk,+44 7941 090510,2025-01-13,"September 13, 1986",Swansea,SA10 8JR,england,0
C3655,George,Davies,george.davies82@btinternet.com,07566-367158,2024-01-16,1967/06/12,Nottingham,,United Kingdom,Y
C4768,George,Walker,"george.walker82@hotmail.co,uk",07846 816631,17.12.24,1961-05-09,Manchester,M3 7YR,United Kingdom,TRUE
C4048,Priya,Davies,priya.davies@btinternet.com,07716 715300,2025-03-18,19 Apr 1953,Wrexham,LL15 9HE,United Kingdom,yes
C6294,ISLA,Hall,ISLA.HALL@ICLOUD.COM,07253 668003,2024-01-17,1969-10-24,Exeter,EX17 8UE,United Kingdom,Yes
C3028,Isla,Taylor,isla.taylor86@outlook.com,07823 494990,09.08.24,09-23-1995,Aberystwyth,SY9 8HH,United Kingdom,y
C4544,Gareth,Smith,gareth.smith73@btinternet.com,07753224965,2024-07-24,1964-08-28,Sheffield,S14 3EG,United Kingdom,N
C2588,Chloe,Johnson,chloe.johnson81@yahoo.co.uk,07429 138474,2025-05-17,2002-12-10,Cardiff,CF5 3SX,GB,y
C1603,Ravi,Smith,ravi.smith73@hotmail.co.uk,07170 152165,2025-05-30,1954-05-17,Nottingham,NG7 2UD,United Kingdom,1
C3718,Leo,Hughes,leo.hughes71@gmail.com,07106 490661,2024-07-23,1977-08-25,Newport,np185jp,Great Britain,no
C2845,Amelia,Thomas,amelia.thomas@btinternet.com,07620 255838,08-29-2024,1965-11-14,Edinburgh,EH15 5GU,United Kingdom,yes
C4347,Callum,Evans,callum.evans73@btinternet.com,07294382049,2023-06-08,1980-05-14,,E6 6LP,United Kingdom,FALSE
C3294,Freya,O'Brien,freya.obrien@yahoo.co.uk,07211-292523,2024-08-29,1967-06-27,Bath,,United Kingdom,y
C3004,Katarzyna,Robinson,katarzyna.robinson80@gmail.com,07764 396450,"December 31, 2024",1962-04-11,Cardiff,CF19 3RD,United Kingdom,1
C4594,Niamh,Jenkins,niamh.jenkins82@gmail.com,+44 7190 434413,2026-01-23,2000-04-28,Birmingham,B19 6TW,United Kingdom,TRUE
C4287,Jack,Thompson,jack.thompson@hotmail.co.uk,07501821455,2025-07-23,1963-01-12,Londn,E17 3GD,United Kingdom,1
C3412,Isla,McDonald,isla.mcdonald97@gmail.com,07894 340966,2025-02-19,01 Jun 1966,Belfast,BT8 2AS,United Kingdom,0
C2107,Sophie,Nowak,sophie.nowak@icloud.com,07904983571,2023-11-13,1973-03-04,Glasgow,g93qw,United Kingdom,y
C3585,Ravi,Taylor,ravi.taylor@yahoo.co.uk,07568 208189,2025-12-08,1998-10-23,Manchester,M7 8GJ,United Kingdom,TRUE
C4469,Niamh,Davies,niamh.davies34@gmail.com,07488 855140,2023/11/19,1954-08-31,Aberystwyth,SY20 8HW,UK,Y
C3772,Ethan,O'Brien,ethan.obrien@gmail.com,,20.05.26,"February 07, 1977",Newport,NP14 4TB,United Kingdom,TRUE
C2860,George,Davies,george.davies@outlook.com,07539 464438,2023/07/14,1963-12-25,Liverpool,L19 3HB,Great Britain,0
C2822,George,McDonald,george.mcdonald@yahoo.co.uk,07597195894,2025-04-27,1993-12-21,Bath,BA5 9HZ,United Kingdom,
C1783,Amelia,Smith,amelia.smith37@hotmail.co.uk,+44 7111 190459,2025-06-20,1990-01-14,Bangor,LL7 4UR,U.K.,Yes
C1818,Connor,Price,connor.price@icloud.com,07847491224,2023-12-08,0000-00-00,Bath,BA16 4DG,United Kingdom,No
C5811,Fiona,Khan,fiona.khan56@gmail.com,,2024-04-26,1953-04-30,,NP12 6TQ,england,Yes
C2757,Arthur,Nowak,arthur.nowak92@hotmail.co.uk,+44 7271 132363,2025-02-26,1980-04-07,Sheffield,s67gq,United Kingdom,Y
C3747,Ava,McDonald,ava.mcdonald@outlook.com,07226686333,2024-12-11,1987-08-02,Birmingham,b101lh,U.K.,0
C1732,Ethan,Smith,ethan.smith98@hotmail.co.uk,07400852859,2024-01-13,1985/01/15,Leeds,LS19 3GA,UK,No
C1367,Callum,Taylor,callum.taylor69@btinternet.com,07793270594,2026-02-03,2001-08-17,Liverpool,L10 8JS,United Kingdom,Y
C2027,Liam,Lewis,liam.lewis76@yahoo.co.uk,07903 133537,"November 06, 2023",0000-00-00,Aberystwyth,SY12 2TR,United Kingdom,y
C5573,Zainab,Thomas,"zainab.thomas36@gmail,com",+44 7320 522487,2026-08-18,1959-08-09,Leeds,LS18 2PF,United Kingdom,0
C3860,Grace,Hall,grace.hall@btinternet.com,07199 310820,2025-04-09,05.12.50,Belfast,BT2 1XR,United Kingdom,0
C4375,Arthur,Williams,"arthur.williams43@icloud,com",+44 7914 999023,21 Apr 2025,13 Nov 1997,Port Talbot,SA20 8NN,United Kingdom,N
C4058,Noah,McDonald,noah.mcdonald79@outlook.com,07152 732076,2023-09-05,2001-02-09,Newport,NP20 2EU,GB,Y
C5368,Ivy,Smith,ivy.smith95@outlook.com,+44 7700 142084,2025-03-28,1995-09-08,Swansea,SA19 2AY,United Kingdom,1
C3674,Tomasz,Singh,tomasz.singh90@gmail.com,07128 085378,2026-02-08,1973-07-29,Newport,NP18 3XL,UK,Yes
C3749,Cerys,Thomas,cerys.thomas80@icloud.com,07577693533,2024/09/14,"May 26, 1959",Bangor,LL10 2AJ,U.K.,1
C2466,Katarzyna,Roberts,katarzyna.roberts@icloud.com,07254259724,2026-06-01,16/03/1966,London,E12 2QX,Great Britain,Y
C2526,Sophie,Taylor,sophie.taylor18@icloud.com,0737353,2026-03-01,1994-08-23,Nottingham,NG19 3ZQ,United Kingdom,no
C5966,Fiona,Patel,fiona.patel90@btinternet.com,0734034,2025-06-12,1997-03-13,BIRMINGHAM,B15 5GY,UK,FALSE
C2990,Chloe,Wood,chloe.wood56@yahoo.co.uk,07440 781309,04-01-2025,11-13-1984,Edinburgh,EH16 7UZ,United Kingdom,Yes
C5891,Chloe,Hall,chloe.hall90@yahoo.co.uk,07572 367246,2026-01-13,2001-12-24,Wrexham,LL11 6SB,United Kingdom,1
C5319,Ella,Smith,ella.smith@btinternet.com,074313,2026-09-26,2001-06-12,Bath,BA15 4LP,UK,Y
C1038,George,Singh,george.singh86@outlook.com,07773 881487,2025-04-28,1955-01-18,Glasgow,G20 4HG,United Kingdom,y
C3359,Ava,Edwards,ava.edwards@btinternet.com,07501 322157,2024-03-03,1958-10-21,Liverpool,L11 6JN,United Kingdom,y
C2972,Tomasz,O'Brien,tomasz.obrien68@hotmail.co.uk,07156208411,2025-11-11,14.12.94,Birmingham,B6 8HZ,United Kingdom,TRUE
C5655,Oliver,Davies,oliver.davies@hotmail.co.uk,07957 453978,2025-01-30,1986-08-29,Leeds,LS14 7UW,GB,FALSE
C3257,Amelia,Morgan,amelia.morgan72@gmail.com,07826 647274,2023-06-20,1995-05-20,Exeter,EX7 5FT,GB,N
C6112,george,Ali,GEORGE.ALI@ICLOUD.COM,+44 7549 197764,2025-10-20,1966-07-14,Liverpool,L6 2JJ,United Kingdom,no
C3721,Ava,Hughes,ava.hughes@outlook.com,07705 539027,07-17-2025,2001-09-18,Liverpool,L18 3TS,United Kingdom,TRUE
C4528,Tomasz,Thompson,tomasz.thompson@btinternet.com,07960 846308,2026-07-18,1975-09-22,Sheffield,S14 5GB,UK,No
C2014,Katarzyna,Lewis,katarzyna.lewis@hotmail.co.uk,,2024-11-10,,Manchester,m88hw,UK,FALSE
C3440,Harry,Williams,harry.williams@btinternet.com,,2025-12-13,2001-07-14,Birmingham,B19 4SE,,FALSE
C1225,Callum,Evans,callum.evans42@gmail.com,+44 7923 441994,2024-12-09,1996-09-21,Aberystwyth,SY9 7NE,UK,no
C4481,Ethan,Green,ethan.green88@outlook.com,07283 247382,2024-01-10,1967-08-24,Edinburg,EH5 7FT,U.K.,
C5245,Arthur,Roberts,arthur.roberts@gmail.com,+44 7377 505009,2024-06-13,1961-08-14,Bangor,LL6 2WN,United Kingdom,N
C1767,Chloe,Edwards,chloe.edwards93@icloud.com,+44 7969 297567,2023-11-29,1953-10-24,Manchester,M8 5AU,United Kingdom,TRUE
C4076,Ivy,McDonald,ivy.mcdonald93@outlook.com,0793219,25/11/2023,22/05/1951,,EH20 1PG,United Kingdom,Yes
C3020,Gareth,Ali,gareth.ali13@yahoo.co.uk,+44 7606 587437,2024-09-18,03-15-1963,Bangor,LL14 8DG,United Kingdom,yes
C2898,Sean,Hughes,sean.hughes19@yahoo.co.uk,07591 726423,2024-08-13,2004-03-19,Cardiff,cf17la,england,N
C1962,Ivy,Hall,ivy.hall@outlook.com,+44 7367 047066,2026-01-09,1956-04-09,Newport,NP7 5EZ,United Kingdom,0
C6100,rhys,Davies,RHYS.DAVIES85@YAHOO.CO.UK,07895 820926,2025-10-07,1961-03-02,Bath,ba101ng,United Kingdom,y
C1486,Oliver,Thompson,oliver.thompson70@hotmail.co.uk,07107538497,2024-10-20,1997-12-14,Sheffield,S19 1XB,United Kingdom,no
C4002,Connor,Lewis,connor.lewis96@btinternet.com,07602-290670,2024-01-03,1961-05-01,Newport,NP7 4XL,GB,1
C4414,Katarzyna,Wood,katarzyna.wood99@yahoo.co.uk,07386521566,2025-04-14,2001-09-25,Newport,NP1 9ZJ,United Kingdom,No
C4854,Amelia,Lewis,amelia.lewis92@hotmail.co.uk,07300-218073,2026-08-22,1978-12-19,Exeter,ex202dl,U.K.,yes
C5481,Arthur,Taylor,arthur.taylor@outlook.com,07664189513,2025-11-08,1964-10-28,Liverpool,L19 5QD,UK,FALSE
C2496,Zainab,Roberts,zainab.roberts56@icloud.com,07234037542,15.03.25,1989-07-24,Glasgow,G10 6ZF,U.K.,1
C6132,freya,Price,freya.price67@btinternet.com,07723 225279,2026/06/02,1959-07-18,Glasgow,g115qs,United Kingdom,1
C5531,Callum,Hughes,callum.hughes91@icloud.com,07159 126453,2023-11-09,1967-07-09,Nottingham,NG12 2SB,United Kingdom,1
C6039,Mohammed ,Edwards,MOHAMMED.EDWARDS17@YAHOO.CO.UK,07618 594525,2026-04-13,1974-12-23,Aberystwyth,SY4 4NT,United Kingdom,
C5819,Ava,Jenkins,ava.jenkins16@gmail.com,07457 293567,2024-03-25,1996-01-15,Nottingham,NG18 8RS,UK,
C2670,Liam,Ali,liam.ali75@icloud.com,+44 7728 477291,2023-12-11,1974-10-21,Birmingham,B13 6JD,United Kingdom,No
C3106,Katarzyna,Thomas,katarzyna.thomas95@btinternet.com,07814 167227,2025-07-14,10-01-1954,Birmingham,B2 4DX,United Kingdom,0
C1745,Mia,Lewis,mia.lewis83@outlook.com,07556 185509,2024-06-26,1981-01-23,Cardiff,CF12 3PX,UK,yes
C3688,Ella,Walker,ella.walker94@gmail.com,07763 408517,11.03.24,1962-11-07,Aberystwyth,SY14 1AS,UK,Yes
C3591,Oliver,Morgan, oliver.morgan57@hotmail.co.uk ,,2025-02-23,1996-06-15,Bath,BA13 6LX,Wales,1
C5332,Ivy,Hughes,ivy.hughes11@hotmail.co.uk,07987-807299,29 Jul 2026,1978-12-11,Nottingham,NG7 8YH,United Kingdom,TRUE
C3308,Mohammed,Jenkins,mohammed.jenkins63@btinternet.com,07862 406162,2023-09-03,19/05/1989,Liverpool,L3 5QH,United Kingdom,TRUE
C5660,Connor,Wood,connor.wood@icloud.com,07106 498065,2023-10-09,1955-06-15,Aberystwyth,SY10 8BU,United Kingdom,Y
C1865,Megan,Thompson,megan.thompson85@gmail.com,07839 296455,15.09.26,1959-02-15,Bangor,LL9 4FB,GB,FALSE
C3042,Isla,Thomas,isla.thomas82@icloud.com,07942 360595,14 Dec 2024,1978-09-21,London,E14 5ZB,United Kingdom,0
C5688,Zainab,Patel,zainab.patel70@icloud.com,07176 676522,0000-00-00,1967-09-15,Belfast,BT15 3FE,UK,0
C2205,Owen,Khan,owen.khan80@outlook.com,07208 818323,2024-03-26,11-25-1970,Manchester,M18 7NN,GB,No
C4660,Liam,Taylor,liam.taylor97@btinternet.com,07133-817107,2024/02/23,1954-11-01,Birmingham,B6 9LN,United Kingdom,Y
C1316,Callum,Johnson,callum.johnson91@yahoo.co.uk,07208 916042,2024-01-05,16/06/1966,Swansea,SA1 2DA,United Kingdom,yes
C1505,Ella,Taylor,ella.taylor78@outlook.com,07279 449793,01/11/2025,05-19-1991,Bristol,bs126pe,United Kingdom,1
C4379,Zainab,Price,zainab.price56@yahoo.co.uk,07639643967,2024-01-27,1983-11-29,Cardiff,CF8 9QB,GB,y
C3037,Ivy,Lewis,ivy.lewis74@hotmail.co.uk,07612315676,2024-01-21,1958-02-14,Manchester,M5 4HP,United Kingdom,Yes
C1411,Connor,Johnson,connor.johnson45@hotmail.co.uk,07456291353,unknown,1995-07-15,Bristol,BS7 1BN,United Kingdom,yes
C5868,Aisha,Edwards,aisha.edwards87@outlook.com,0798758,TBC,1968/11/19,Bristol,BS20 4DB,United Kingdom,FALSE
C2618,Callum,Nowak,,07903 415329,04 Feb 2025,05-16-1954,Wrexham,LL18 5JN,UK,Yes
C2487,Amelia,Jenkins,amelia.jenkins@gmail.com,07451919692,14 Mar 2025,1900-01-01,Bath,BA13 3FY,United Kingdom,TRUE
C5698,Noah,Smith,"noah.smith@gmail,com",07282 701529,2024/01/25,1987-09-12,Manchester,m63xd,,Yes
C4551,Ravi,Green,ravi.green@btinternet.com,07788039838,2024-08-28,1986-04-25,Newport,NP2 6AB,UK,yes
C1456,Priya,Jones,priya.jones@btinternet.com,0746499,"July 16, 2025",31 Oct 1993,Glasgow,G15 2WS,U.K.,Y
C4224,Amelia,Johnson,amelia.johnson81@hotmail.co.uk,07498516112,2024-12-17,1993-10-03,Glasgow,g147fu,United Kingdom,Y
C2036,Liam,Walker,liam.walker92@btinternet.com,07541801937,2023-10-28,1978-12-31,Bangor,LL3 6DZ,United Kingdom,
C3297,Ivy,Thompson,ivy.thompson@hotmail.co.uk,07266 325452,2026-06-26,12 Nov 1955,Sheffield,S12 3ZB,United Kingdom,N
C2243,Ava,Murphy,ava.murphy95@outlook.com,07976 169000,2024-02-14,1965-01-26,Port Talbot,SA8 5PQ,United Kingdom,0
C2586,Ravi,Davies,ravi.davies88@icloud.com,07942 219230,2023-08-04,1991-02-21,Sheffield,S18 6LP,United Kingdom,1
C2662,Tomasz,Green,tomasz.green87@hotmail.co.uk,+44 7145 422566,2026-05-05,07-01-1966,Cardiff,CF19 8YU,United Kingdom,No
C4817,Owen,Roberts,owen.roberts81@yahoo.co.uk,07368 299708,2023-12-29,1996-03-07,Bath,ba165dl,GB,
C3158,Lily,Khan,,07847 021522,2025-02-08,1980-12-23,Aberystwyth,SY3 6EW,U.K.,No
C1598,Lily,Thompson,lily.thompson70@gmail.com,+44 7536 250672,2024-09-07,1973-05-05,Aberystwyth,sy157zz,UK,TRUE
C3413,Ivy,McDonald,ivy.mcdonald3@yahoo.co.uk,+44 7997 672715,2023-10-03,2003-04-16,Edinburgh,EH13 5BD,United Kingdom,No
C3970,Bethan,Hall,bethan.hall10@yahoo.co.uk,07291 060807,2024-06-28,1954-07-27,Bristol,BS6 2ZB,United Kingdom,No
C1146,Isla,O'Brien,isla.obrien26@icloud.com,07452 836351,"June 13, 2025",1997-01-30,Liverpool,L17 4GP,U.K.,Yes
C2301,Noah,Morgan,noah.morgan83@btinternet.com,+44 7258 824467,2024-12-05,2005-02-11,Swansea,SA7 8BQ,United Kingdom,No
C4739,Arthur,Thompson,arthur.thompson78@gmail.com,07737874892,2025-01-05,1968-01-11,Bath,BA11 3TZ,United Kingdom,N
C1042,Chloe,Morgan,chloe.morgan@outlook.com,07659 766517,16/08/2023,1983-06-12,Bath,BA6 9JB,United Kingdom,No
C5228,Mohammed,McDonald,mohammed.mcdonald@gmail.com,07685 749382,2024-03-31,1970-10-30,Wrexham,LL15 2ST,United Kingdom,yes
C3748,Aisha,Price,aisha.price90@yahoo.co.uk,07328508837,10 Apr 2024,22/03/1958,Birmingham,B16 5DP,U.K.,Y
C2211,Priya,Nowak,priya.nowak31@hotmail.co.uk,07731788889,2023-06-06,1951-05-25,Bath,BA15 5GH,United Kingdom,1
C4895,Sophie,Jones,sophie.jones@icloud.com,+44 7923 882934,2026-03-17,1975-03-11,Swansea,SA4 9BB,UK,1
C5211,Cerys,Williams,cerys.williams@btinternet.com,07728 641372,09.07.25,1977-12-10,Bath,BA14 1GS,United Kingdom,FALSE
C1644,Dylan,Smith,dylan.smith@gmail.com,07811996266,"May 04, 2026",1970-04-24,Nottingham,NG14 7PT,UK,1
C4466,Aisha,Singh,aisha.singh@btinternet.com,07454732239,2024-01-26,1964-05-14,Port Talbot,SA2 2BX,U.K.,0
C4180,Arthur,Singh,arthur.singh91btinternet.com,07736 888837,2025-05-17,12-27-1973,Manchester,M18 3HB,United Kingdom,no
C2497,Mia,Morgan,mia.morgan@btinternet.com,,2025-09-25,1972-03-17,Nottingham,NG9 8XE,United Kingdom,no
C2244,Tomasz,Jenkins,tomasz.jenkins81@yahoo.co.uk,07577 374780,2023-09-09,1957-07-13,Exeter,EX17 4HW,United Kingdom,Y
C3255,Cerys,Thompson,cerys.thompson71@hotmail.co.uk,07897 998460,2025-07-17,1964-02-04,Manchester,M13 8JZ,Wales,Y
C4600,Niamh,O'Brien,niamh.obrien@gmail.com,07766953098,2023/09/19,1994-06-22,Newport,NP14 7FQ,United Kingdom,Yes
C1594,Ravi,Johnson,ravi.johnson94@gmail.com,07898018732,"January 04, 2026",1965-03-05,Aberystwyth,SY2 2GT,United Kingdom,N
C3139,Harry,McDonald,harry.mcdonald72@icloud.com,07647940378,2024-01-14,1988-05-27,Wrexham,LL18 9BZ,United Kingdom,
C1338,Ivy,Nowak,ivy.nowak68@yahoo.co.uk,07972 064108,2023-07-26,2005-10-22,Aberystwyth,SY2 6EG,United Kingdom,Yes
C3489,Ravi,Thompson,,,2025-06-25,2005-04-09,Newport,NP7 7GW,United Kingdom,0
C1453,Megan,Green,megan.green90@icloud.com,0783649,2025-02-05,1962-10-25,Bath,BA14 7HJ,United Kingdom,Yes
C3178,Seren,Jenkins,seren.jenkins@gmail.com,+44 7435 162003,2025-08-23,1979-02-23,Liverpool,L18 9SD,U.K.,TRUE
C5951,Cerys,Taylor,cerys.taylor91@yahoo.co.uk,07549 223472,05-13-2025,05.12.63,Manchester,m182yw,United Kingdom,TRUE
C2320,Ava,Hall,ava.hall98@hotmail.co.uk,07760 108805,2024-04-29,1987-12-21,Glasgow,G16 3BN,United Kingdom,TRUE
C4601,Harry,Davies,harry.davies81@btinternet.com,07599 614996,2025-03-04,04-11-1950,Wrexham,LL1 5RN,UK,N
C1478,Sophie,Murphy,sophie.murphy92@yahoo.co.uk,07225-407846,2023-07-26,1965-07-03,Liverpool,L7 8PG,United Kingdom,N
C2623,Arthur,Hughes,arthur.hughes83@btinternet.com,07908873260,2025-09-10,01-07-1980,Wrexham,LL7 2BZ,United Kingdom,Yes
C4418,Isla,Thompson,isla.thompson90@outlook.com,0745606,2023-09-20,1987-09-05,Wrexham,LL16 7YT,United Kingdom,N
C4449,Isla,Walker,isla.walker36@hotmail.co.uk,07104 785607,2026-04-29,1980/09/05,Exeter,EX6 5GB,United Kingdom,yes
C6121,Arthur ,Roberts,arthur.roberts@icloud.com,07657 030018,09/06/2026,1983-07-18,Aberystwyth,SY3 2ZJ,United Kingdom,N
C2145,Ethan,Khan,ethan.khan@gmail.com,07823 403214,2026-07-03,1989-09-05,Swansea,SA10 3XW,United Kingdom,Y
C5137,Ravi,Walker,ravi.walker62@gmail.com,07595 187967,2025-01-24,31.08.52,Swansea,SA16 1JU,Wales,
C3084,Mohammed,Price,mohammed.price92@icloud.com,+44 7726 073232,2023-10-01,1973-04-28,Bangor,LL4 2HP,United Kingdom,0
C5607,Fiona,McDonald,fiona.mcdonald@outlook.com,07952 230628,2025-06-08,1996-12-18,Manchester,M2 5SU,United Kingdom,1
C5121,Tomasz,Nowak, tomasz.nowak82@gmail.com ,+44 7677 717030,2024-05-22,2001-07-27,Belfast,bt81hp,Great Britain,No
C2439,Grace,Singh,grace.singh31@outlook.com,+44 7246 391351,2024-05-02,1986-08-03,Bristol,BS19 5DH,United Kingdom,1
C4789,Freya,Johnson,freya.johnson@outlook.com,07603577725,2025-09-06,1961-08-16,Newport,NP19 3YB,United Kingdom,No
C6074,amelia,O'Brien,,07884 633076,2023-11-23,1962-08-20,Wrexham,LL13 3RL,Wales,No
C5456,Ella,Hughes,ella.hughes78@yahoo.co.uk,+44 7637 471999,11 Oct 2025,2001-04-29,Manchester,M3 8YF,United Kingdom,no
C3102,Leo,Roberts,leo.roberts5@icloud.com,07740665505,"September 23, 2025",1996-10-25,Bath,BA13 1AT,UK,yes
C1434,Rhys,Thompson,rhys.thompson@hotmail.co.uk,,2024-05-15,1962/10/21,Bath,BA16 7HQ,United Kingdom,Y
C5990,Seren,Hughes,seren.hughes70@gmail.com,07793 754868,2026-05-01,1988-04-12,BIRMINGHAM,B3 2DJ,United Kingdom,no
C4122,Mohammed,Khan,mohammed.khan70@yahoo.co.uk,+44 7278 578650,2023/09/17,1979-09-03,Bangor,LL11 9HE,england,yes
C2345,Ivy,Evans,ivy.evans55@yahoo.co.uk,,2024-01-02,1962-10-22,London,E5 3RZ,United Kingdom,Y
C6030,tomasz,Thomas,TOMASZ.THOMAS13@ICLOUD.COM,07157-184175,2026-03-24,2002-12-12,Glasgow,G9 1JW,UK,1
C1116,Ivy,Patel,ivy.patel@icloud.com,07449 623321,21/12/2023,1993-07-29,Bath,BA19 8WW,United Kingdom,y
C1365,Harry,Khan,harry.khan48@outlook.com,07693-162957,25 Jun 2023,1997-09-06,Edinburgh,EH2 1UR,UK,0
C3755,Arthur,Walker,arthur.walker@hotmail.co.uk,+44 7729 880799,2025-12-10,2004-11-26,Birmingham,B2 5ZU,UK,FALSE
C5090,Jack,McDonald,jack.mcdonald@yahoo.co.uk,07284119154,28 Jun 2026,1951-09-22,Sheffield,S18 2SE,GB,
C3949,Liam,Nowak,liam.nowak@outlook.com,07471 604197,2026-04-21,1900-01-01,Edinburgh,EH8 8LF,United Kingdom,No
C6195,ella,Nowak,ella.nowak@gmail.com,07845 928536,2024-03-27,1966-01-01,Port Talbot,SA5 1HS,UK,Yes
C2181,Ava,Thomas,ava.thomas86@hotmail.co.uk,+44 7766 134001,2023-09-23,1990-05-06,Sheffield,S19 5YY,United Kingdom,
C1464,Leo,Singh,leo.singh97@icloud.com,+44 7924 780446,30 Sep 2023,1967-03-20,Sheffield,S19 6SD,United Kingdom,yes
C2838,Liam,Taylor,liam.taylor5@outlook.com,0722019,2024-08-27,14 Sep 1987,Bristol,BS19 8JX,United Kingdom,no
C4807,Oliver,Patel,oliver.patel37@yahoo.co.uk,07287 266793,2026-09-26,2001-10-01,Aberystwyth,SY13 8UX,United Kingdom,yes
C1984,Ava,Walker,ava.walker3@yahoo.co.uk,+44 7357 959239,06-01-2024,1955-06-20,Bristol,BS2 7UX,GB,Yes
C2044,Zainab,Price,zainab.price@hotmail.co.uk,0789606,2026-01-25,1996-09-24,Port Talbot,SA20 4PL,United Kingdom,no
C2073,Sean,Griffiths,sean.griffiths@btinternet.com,0745772,2024-04-04,1971-09-19,Sheffield,s127af,United Kingdom,TRUE
C4005,Ethan,Jenkins,ethan.jenkins98@yahoo.co.uk,07987 381424,2026-08-28,1963/06/20,Bath,BA1 7WD,,TRUE
C6252,Chloe ,Jones,chloe.jones64@yahoo.co.uk,07673 189034,2023-08-04,09/01/2001,Bangor,LL16 9UR,United Kingdom,FALSE
C4961,George,Green,george.green62@outlook.com,07489880617,07.08.23,09.11.98,Manchester,M19 4BY,United Kingdom,0
C5631,George,Robinson,george.robinson97@yahoo.co.uk,07417126985,2026-07-29,1952-05-09,Bangor,LL3 3DX,United Kingdom,
C1544,Seren,Robinson,seren.robinson@icloud.com,+44 7336 701946,01/02/2026,1992-12-08,Nottingham,NG1 1JZ,United Kingdom,No
C6146,aisha,Jones,aisha.jones12@hotmail.co.uk,0773760,,1993-08-15,Swansea,SA11 1YP,Wales,0
C2218,Tomasz,Patel,tomasz.patel41@icloud.com,07479 206590,22/03/2026,1998-10-20,Swansea,SA19 5FB,United Kingdom,FALSE
C3161,Owen,Hughes,owen.hughes22@icloud.com,07199 870469,04/08/2023,1966-03-21,Cardiff,CF9 1PP,United Kingdom,N
C5988,Noah,Wood,noah.wood2@gmail.com,07724 497743,29/10/2024,1993-11-14,Exeter,EX7 3HE,United Kingdom,y
C1298,George,Murphy,george.murphy@outlook.com,07215 058679,2025-11-08,1995-06-10,Bristol,BS5 6XJ,United Kingdom,0
C4583,Ava,Singh,ava.singh81@btinternet.com,07714 556559,2023-12-30,1973-07-18,Bath,BA19 5HR,Great Britain,1
C3803,Cerys,Hughes,cerys.hughes92@outlook.com,07901 075702,2025-02-21,1995-09-26,London,E13 8HL,UK,
C5034,Harry,Walker,harry.walker95@gmail.com,07843 872358,12-24-2025,1990-05-30,Nottingham,NG18 9GD,Great Britain,yes
C3002,Owen,Smith,owen.smith@btinternet.com,+44 7912 504652,2023/09/26,1952-09-14,Liverpool,L2 6RB,United Kingdom,Y
C5913,Noah,Jones,noah.jones91@yahoo.co.uk,07416 077218,2025/10/12,12.08.62,Nottingham,NG7 9EA,Wales,N
C5287,Chloe,Hughes,,07272 478986,2025-06-20,1987-08-11,Exeter,EX2 9HP,United Kingdom,y
C5177,Callum,O'Brien,callum.obrien@btinternet.com,07475154976,2026-08-01,1969-12-13,Port Talbot,SA19 7SY,United Kingdom,N
C3884,Ethan,Singh,ethan.singh86@btinternet.com,07297 209023,2024-08-26,1974-02-23,Newport,NP1 3BX,United Kingdom,Y
C5043,Harry,Murphy,harry.murphy98@icloud.com,07684 030409,09-20-2025,,Newport,NP13 3ZX,Wales,
C5421,Ella,Walker,ella.walker73@icloud.com,07590582870,2023-10-14,1983-05-12,London,E8 9HY,United Kingdom,no
C1452,Zainab,Hall,zainab.hall@btinternet.com,+44 7158 803444,29/01/2024,1991-06-28,Glasgow,G12 9TD,United Kingdom,
C3571,Sophie,Patel,sophie.patel71@outlook.com,+44 7715 632732,2024-05-01,30/04/1981,Exeter,EX20 9RA,UK,N
C5621,Cerys,Edwards,cerys.edwards66@outlook.com,0731691,2026-04-16,1951-01-07,Exeter,EX1 7SY,UK,FALSE
C3848,Mohammed,Ali,mohammed.ali@outlook.com,07508 493515,20/07/2025,1957-11-16,Exeter,EX15 1RU,United Kingdom,no
C1676,Isla,Walker,isla.walker@btinternet.com,+44 7290 468246,2024-02-02,2003-11-05,Sheffield,S19 6AZ,GB,
C1238,Chloe,Thomas,chloe.thomas87@btinternet.com,07614 355353,25.02.26,1994-04-25,Bath,BA6 6GA,United Kingdom,1
C1579,Gareth,Ali,gareth.ali@gmail.com,07131491104,04/12/2023,1977-05-08,Cardiff,CF6 4SG,UK,
C6297,Sophie ,Walker,sophie.walker99@yahoo.co.uk,+44 7791 368754,2025-10-03,2003-07-26,Birmingham,B13 8LH,Wales,no
C2719,Freya,Smith,,+44 7583 776291,2026-04-06,1975-06-24,Aberystwyth,SY7 6EG,UK,1
C3661,Callum,Morgan,callum.morgan62@hotmail.co.uk,07838 337678,2025-10-20,1971-02-21,Bristol,BS15 6UX,UK,FALSE
C1845,Cerys,Edwards,cerys.edwards99@hotmail.co.uk,07149 310647,2025-03-12,1985-02-25,Glasgow,G14 3YW,UK,yes
C5667,Ava,Nowak,ava.nowak29@hotmail.co.uk,07515 393247,2025-09-15,2001-06-19,Bath,BA12 5LF,United Kingdom,yes
C1553,Grace,Patel,grace.patel76@outlook.com,07271 668054,2024-05-24,10-24-1973,Leeds,LS7 9LW,United Kingdom,y
C4276,Noah,McDonald,noah.mcdonald85@btinternet.com,07152 723838,02.01.24,1959-11-04,Exeter,EX16 9ZR,United Kingdom,FALSE
C2537,Chloe,Jones,chloe.jones@gmail.com,+44 7352 744562,2025-06-14,1956-05-08,Nottingham,NG2 1SS,United Kingdom,N
C5050,Katarzyna,Smith,katarzyna.smith@yahoo.co.uk,+44 7416 887191,2025-04-26,1953-09-15,Swansea,SA20 6YS,United Kingdom,1
C2913,Zainab,Edwards,zainab.edwards@hotmail.co.uk,07987 211594,2025-06-03,1992-05-10,Leeds,LS17 9DY,United Kingdom,yes
C6131,Priya ,Murphy,PRIYA.MURPHY@OUTLOOK.COM,07793 017097,2025-08-12,20/01/1953,Nottingham,NG5 6FD,United Kingdom,FALSE
C4616,Owen,Davies,owen.davies92@hotmail.co.uk,07792 606870,2026-02-24,10.01.66,London,E6 9DH,United Kingdom,yes
C3109,Ethan,Jones, ethan.jones85@outlook.com ,07344-843212,2024-03-04,05-12-2001,Sheffield,S15 5FG,United Kingdom,yes
C4140,Dylan,Edwards,dylan.edwards85@gmail.com,07852786924,2023-11-20,25.05.83,Sheffield,,United Kingdom,
C4776,Gareth,Jenkins,gareth.jenkins74@icloud.com,+44 7754 944820,2024-08-27,1963-02-19,Glasgow,G19 3ES,United Kingdom,0
C5181,Leo,Hall,leo.hall99@gmail.com,,2023-09-11,1995/10/22,Belfast,BT8 6WD,United Kingdom,0
C2997,Tomasz,Jones,tomasz.jones@icloud.com,07214 584496,2024-02-17,1980-02-06,Bristol,BS8 5JQ,United Kingdom,TRUE
C1938,Ella,Jenkins,ella.jenkins76@icloud.com,07308 410757,2025-11-26,2001-05-13,Exeter,EX18 9AR,United Kingdom,1
C3228,Owen,Wood,owen.wood82@gmail.com,07347 653750,2024-06-30,"February 14, 1959",Belfast,BT8 5PQ,GB,TRUE
C2113,Zainab,Price,zainab.price60@yahoo.co.uk,07347-142588,2024-06-27,23 Jun 1987,Bristol,BS6 7ND,United Kingdom,0
C2802,Freya,Jones,freya.jones94@outlook.com,07943698021,2024-12-27,1954-01-22,Leeds,,United Kingdom,N
C3108,Mia,McDonald,mia.mcdonald98@btinternet.com,07965 842333,2024-09-22,1957-10-14,Liverpool,L2 5HT,United Kingdom,yes
C3164,George,O'Brien,george.obrien@hotmail.co.uk,07920-282101,2025-05-07,1961-07-28,Glasgow,G12 1DH,United Kingdom,Y
C4097,Priya,Ali,priya.ali75@gmail.com,07799 603380,2026-07-21,1955-07-09,Newport,NP6 5JB,UK,TRUE
C1319,Gareth,Griffiths,gareth.griffiths90@outlook.com,07165893982,02-08-2025,2005-12-03,Wrexham,LL6 7XQ,United Kingdom,no
C2625,Callum,Edwards,callum.edwards@gmail.com,07627 666050,2024-04-25,1988-06-22,Wrexham,LL8 2PB,United Kingdom,no
C3066,Ivy,Murphy,ivy.murphy73@hotmail.co.uk,07301147901,2023-10-21,14 Jul 1979,Swansea,SA10 1XL,United Kingdom,y
C5224,Mia,Singh,mia.singh@yahoo.co.uk,07566 449879,2024-11-05,N/A,London,E17 3TR,U.K.,1
C4925,Oliver,Taylor,oliver.taylor@yahoo.co.uk,07445739206,2025-09-14,1950-04-12,Glasgow,G17 7TH,United Kingdom,Yes
C4357,Arthur,Walker,arthur.walker@gmail.com,07876 724609,21/10/2025,01 Aug 2003,Manchester,M16 1NG,United Kingdom,y
C5865,Mohammed,Price,mohammed.price77@gmail.com,07466827149,"May 24, 2026",2005-11-27,Edinburgh,EH4 9EW,United Kingdom,no
C5589,Jack,Evans,jack.evans@outlook.com,07165251640,2026-01-06,1967-06-08,Nottingham,NG1 8TR,england,Yes
C4412,Freya,Robinson,freya.robinson79@gmail.com,07263 615994,2023-07-21,1966-10-02,Port Talbot,SA14 2NX,United Kingdom,y
C1941,Aisha,Jenkins,aisha.jenkins50@yahoo.co.uk,07570 820131,2026-01-17,1956-07-16,Manchester,M10 4UE,,FALSE
C4511,Lily,Smith,lily.smith87@yahoo.co.uk,07127 147403,2024-11-08,1993-05-22,Bangor,LL2 3NT,United Kingdom,No
C3638,Amelia,Griffiths,amelia.griffiths@btinternet.com,07246 177581,2024-05-26,1976-07-22,Exeter,EX4 9LG,United Kingdom,TRUE
C2782,Tomasz,Wood,tomasz.wood85@yahoo.co.uk,07504 105689,2025-03-30,,Leeds,LS13 5RT,UK,0
C5488,Zainab,Edwards,zainab.edwards93@icloud.com,+44 7538 575089,2026-02-16,"February 08, 1974",Port Talbot,SA9 2DJ,United Kingdom,1
C5170,Mia,Price,mia.price@icloud.com,07978 013509,17 Apr 2026,1989-09-26,Leeds,LS5 9QT,United Kingdom,1
C3390,Chloe,Roberts,"chloe.roberts45@gmail,com",+44 7646 505882,21.06.25,1951-12-15,Sheffield,S3 9AR,United Kingdom,TRUE
C4534,Harry,Edwards,harry.edwards86@icloud.com,07225626855,,1987-02-04,Glasgow,G6 6GH,United Kingdom,Yes
C4835,Ravi,Walker,ravi.walker78@gmail.com,+44 7628 863174,2026-06-21,1979-10-18,Glasgow,g126th,United Kingdom,TRUE
C3188,Amelia,Smith,amelia.smith@gmail.com,+44 7938 900520,2026-03-15,1998/07/22,Birmingham,B5 3ZZ,UK,y
C1426,Priya,O'Brien,priya.obrien78@gmail.com,07873-543954,29.10.24,1979-10-30,Aberystwyth,SY3 5RY,United Kingdom,No
C2781,Ava,Williams,ava.williams@hotmail.co.uk,+44 7894 165403,2024-01-26,1958-01-11,Belfast,BT1 8TB,UK,TRUE
C5400,Priya,Nowak,priya.nowak99@yahoo.co.uk,07881 883413,2026-07-24,1993-04-14,BIRMINGHAM,B3 1JE,United Kingdom,Yes
C3244,Isla,Evans,isla.evans@outlook.com,07399750728,2023-12-31,1981-06-27,Wrexham,LL18 2QW,United Kingdom,Y
C4849,Harry,Hughes,harry.hughes38@outlook.com,07411-118770,2024-10-13,1965-07-16,Leeds,LS15 8UR,United Kingdom,N
C2156,Fiona,Jenkins,fiona.jenkins67@hotmail.co.uk,07500348337,2026-01-20,1981-08-17,,G11 1RN,United Kingdom,No
C5083,Megan,Edwards,megan.edwards@btinternet.com,07615 015432,2024-10-23,,Birmingham,B9 4NH,Wales,y
C2706,Gareth,Davies,gareth.davies80@yahoo.co.uk,07545371710,2024-01-30,2001-03-16,Glasgow,G1 6YP,United Kingdom,no
C4819,Ella,Wood,ella.wood74@yahoo.co.uk,07784-965083,2023-06-23,1969-12-10,Bangor,LL11 5EY,United Kingdom,FALSE
C2416,Sean,Price,sean.price98@yahoo.co.uk,07430-889973,2024-08-03,1999-11-24,Swansea,SA20 8NQ,United Kingdom,TRUE
C4794,Oliver,Jenkins,oliver.jenkins@gmail.com,07867 396803,2024-01-25,03.06.96,Leeds,LS14 8PS,United Kingdom,1
C4019,Chloe,Jenkins,chloe.jenkins@hotmail.co.uk,,2026-02-24,1982-07-31,Wrexham,LL1 6TD,United Kingdom,Y
C6009,bethan,Jones,BETHAN.JONES@BTINTERNET.COM,07386 101854,2025-02-21,1994-08-04,Bangor,LL7 5XW,United Kingdom,FALSE
C2203,Lily,Wood,lily.wood62@yahoo.co.uk,07133356536,2024-04-11,07/05/1974,Bristol,BS15 2GX,UK,yes
C2177,Ella,O'Brien,ella.obrien99@gmail.com,07916 493892,2023-06-14,N/A,Sheffield,S15 2RB,,Yes
C3839,Ava,Lewis,ava.lewis8@outlook.com,+44 7365 772951,2025-09-21,1985-06-16,Sheffield,S12 4GH,United Kingdom,FALSE
C4661,Isla,Smith,isla.smith82@gmail.com,+44 7423 896432,2024-08-13,1990-06-20,Glasgow,G5 2LX,United Kingdom,yes
C2718,Oliver,Ali,oliver.ali@hotmail.co.uk,07240-078460,2025-08-05,1987-04-14,Birmingham,B16 5LE,Wales,y
C1497,Niamh,Thomas,niamh.thomas@icloud.com,07881 500276,2024-09-25,1983-12-29,Birmingham,B1 8FL,U.K.,yes
C5244,Fiona,Roberts,fiona.robertsgmail.com,+44 7921 955550,2023-12-18,1986-06-22,Glasgow,G4 2NN,United Kingdom,N
C5423,Callum,Jenkins,callum.jenkins83@yahoo.co.uk,07909 951836,2023-09-03,1988-06-29,Bristol,BS10 4UU,United Kingdom,Yes
C2538,Mia,Thomas,mia.thomas96@gmail.com,07364 022254,2023/11/03,1985-01-21,Exeter,ex23sx,United Kingdom,1
C4771,Aisha,Singh,aisha.singh@yahoo.co.uk,,2023-08-14,1962-04-24,Sheffield,S11 3GR,GB,TRUE
C1322,Gareth,Walker,gareth.walker73@yahoo.co.uk,07247 061581,2023-10-11,1978-04-20,Swansea,SA6 4NZ,United Kingdom,TRUE
C6258,liam,Walker,liam.walker92@btinternet.com,07541801937,2023/11/14,1978-12-31,Bangor,LL3 7NJ,UK,No
C1163,Arthur,Nowak,arthur.nowak52gmail.com,07105 194788,2025-02-15,1957-03-12,Bristol,BS14 7FB,UK,N
C1051,Gareth,Evans,gareth.evans65@outlook.com,07512 328919,02 Nov 2025,unknown,Liverpool,L9 8JW,United Kingdom,y
C1995,Ivy,Johnson,ivy.johnson71@gmail.com,,2025-02-02,2031-04-12,Belfast,BT18 2TF,United Kingdom,Yes
C3777,Aisha,Taylor,aisha.taylor77@yahoo.co.uk,+44 7532 300556,"August 16, 2024",,Exeter,EX20 1JJ,United Kingdom,Yes
C2747,Liam,Taylor,liam.taylor62@gmail.com,07103836777,2025-10-09,,Port Talbot,SA4 8BN,United Kingdom,yes
C5128,Noah,Morgan,noah.morgan93@icloud.com,07808132561,2026-09-13,1994-06-09,Bristol,bs117wg,,FALSE
C5329,Mohammed,Robinson,mohammed.robinson@outlook.com,07207 653685,30.09.26,1968-07-16,Sheffield,s38zz,United Kingdom,FALSE
C6016,priya,Singh,priya.singh90@outlook.com,07219084532,2024-11-13,1992-07-24,Belfast,BT1 9ZD,United Kingdom,0
C3033,Gareth,Davies,gareth.davies@btinternet.com,07427 265697,2024-02-22,1979-01-27,Bath,BA20 6TW,United Kingdom,y
C2313,Bethan,Edwards,bethan.edwards70@outlook.com,07223 382025,2024-10-07,"July 23, 2001",London,E16 7ZL,United Kingdom,TRUE
C5904,Ravi,Hall,ravi.hall70@yahoo.co.uk,07298 834566,2024-12-18,"September 30, 1963",Glasgow,G9 5UW,United Kingdom,
C3191,Fiona,Smith, fiona.smith48@yahoo.co.uk ,07247947062,2023-10-24,,Bangor,LL14 8TJ,Great Britain,Y
C4323,Chloe,Davies,chloe.davies@gmail.com,07172 528020,2024-09-10,1998-07-08,London,E4 4ER,england,TRUE
C4548,Megan,Hughes,megan.hughes@icloud.com,07118 765888,"May 21, 2024",,Nottingham,NG13 3GP,United Kingdom,
C2876,Sophie,Thompson,sophie.thompson@outlook.com,07964 666379,2025-01-04,30.08.63,Birmingham,B5 9JL,United Kingdom,no
C4524,Oliver,Ali,oliver.ali@icloud.com,07182 816947,20 Jul 2024,1969-09-16,Swansea,SA2 8WY,U.K.,Yes
C1606,Megan,Robinson,megan.robinson85@icloud.com,07847 591607,2025-07-26,25/08/1986,Newport,NP20 9SX,United Kingdom,Yes
C2105,Ravi,Walker,ravi.walker79@outlook.com,07745 048296,10-04-2024,1963-02-10,Bristol,BS12 4TS,United Kingdom,TRUE
C3176,Arthur,Patel,arthur.patel48@gmail.com,07419 364845,2025-06-30,2003-08-06,Edinburgh,EH12 8QL,United Kingdom,yes
C4896,Ethan,Khan,ethan.khan@gmail.com,07114 387490,"December 19, 2024",1983-08-11,Sheffield,S12 1WL,United Kingdom,FALSE
C1610,Cerys,Khan,cerys.khan86@hotmail.co.uk,+44 7889 771661,2023-08-13,2001-03-05,Birmingham,B8 2TU,United Kingdom,no
C1243,Priya,Green,priya.green76@btinternet.com,07295 147410,2024-06-01,1997-08-16,Wrexham,ll183hu,United Kingdom,no
C1916,George,Wood,george.wood99@yahoo.co.uk,,24.11.23,2001-11-09,Edinburgh,EH4 3DB,United Kingdom,no
C4044,Lily,Jones,lily.jones68@outlook.com,07902-607668,"June 18, 2023",1964-02-07,Cardiff,CF17 4FU,United Kingdom,Y
C2343,Megan,Patel,megan.patel45@icloud.com,07784083511,2023-09-03,1988-12-01,Bath,BA9 7TU,United Kingdom,TRUE
C1853,Megan,Jones,megan.jones93@outlook.com,07867 458258,2026-03-11,1988-12-18,Port Talbot,SA17 1GY,UK,TRUE
C2212,Ivy,Morgan,ivy.morgan78@hotmail.co.uk,07323 600124,2024-01-18,2003-05-22,Sheffield,S20 6BU,United Kingdom,0
C5651,Dylan,Jenkins,dylan.jenkins@icloud.com,07997000772,2023-06-08,1993-02-22,Belfast,BT10 5PP,United Kingdom,
C5804,Leo,Green,leo.green@btinternet.com,07669437205,08-18-2024,2001-03-14,Birmingham,B9 6WL,United Kingdom,Yes
C3031,Mohammed,Price,mohammed.price@gmail.com,+44 7197 329111,24.06.24,1980-02-06,Bangor,LL19 6HQ,United Kingdom,TRUE
C4909,Niamh,Thomas,niamh.thomas35@icloud.com,+44 7733 850931,2024-11-06,1992-01-27,Sheffield,S12 8RZ,United Kingdom,N
C1369,Tomasz,Nowak,,,2025-07-05,1952-05-16,Belfast,BT1 9RX,Wales,TRUE
C6106,grace,Singh,GRACE.SINGH83@ICLOUD.COM,07936 444438,01 Jun 2025,1955-12-05,Swansea,SA17 1HU,United Kingdom,Yes
C1528,Isla,Morgan,isla.morgan80@hotmail.co.uk,07663 542901,2023-11-28,06.12.76,Swansea,sa194th,United Kingdom,y
C1490,Mohammed,Green,mohammed.green85@yahoo.co.uk,07853 074931,2025-10-15,1974-03-19,Swansea,SA5 9HG,UK,No
C6177,Arthur ,Patel,ARTHUR.PATEL@YAHOO.CO.UK,,2026-08-15,1977-03-04,Newport,NP9 4ZL,UK,no
C3621,Priya,Thomas,priya.thomas87@outlook.com,+44 7869 288622,2026-04-17,"August 21, 1985",London,E2 3EA,United Kingdom,No
C4411,Connor,Jenkins,connor.jenkins@outlook.com,07387 899500,2024-11-10,1970-01-13,Bangor,LL10 5JU,Wales,No
C2918,Lily,Lewis,lily.lewis88@yahoo.co.uk,07759 701161,2025-01-14,,Manchester,M3 1XA,United Kingdom,Y
C4317,Zainab,Thompson,zainab.thompson38@gmail.com,07794011165,2026-05-08,1980-12-16,Nottingham,NG13 1BA,United Kingdom,no
C4251,Seren,Smith,seren.smith72@gmail.com,,14.08.23,1958-11-28,Nottingham,NG5 9WZ,United Kingdom,TRUE
C1729,Sean,Evans,sean.evans95@icloud.com,07393373762,2026-06-14,1981-03-25,Edinburgh,EH16 7XD,United Kingdom,Yes
C1467,Ava,Griffiths,ava.griffiths@btinternet.com,07576623099,2026-08-07,1966-02-06,Bristol,BS10 3TA,United Kingdom,Y
C3929,Amelia,Lewis,amelia.lewis52@yahoo.co.uk,07366 561885,2024/08/13,"August 14, 2000",Bristol,BS5 2BR,Great Britain,Y
C3901,Katarzyna,Walker,katarzyna.walker81@outlook.com,07985 032763,2023-07-05,1958-06-02,Manchester,m62xn,United Kingdom,1
C4983,Niamh,Patel,niamh.patel35@yahoo.co.uk,07196 687149,2024-10-25,1959-09-06,London,E11 3HT,United Kingdom,Y
C5415,Aisha,Ali,"aisha.ali83@gmail,com",,2024-06-22,1958-08-23,Sheffield,s139zl,United Kingdom,N
C5020,Aisha,Thompson,aisha.thompson74@yahoo.co.uk,07447 207686,2024-11-12,1989-06-07,London,E20 1WB,United Kingdom,TRUE
C6093,oliver,Lewis,oliver.lewis88@gmail.com,+44 7582 027307,2024/05/10,10-29-1968,Birmingam,,United Kingdom,No
C2409,Callum,Murphy,callum.murphy@yahoo.co.uk,07735804760,2025-01-22,1992-03-02,Bristol,BS18 8BL,United Kingdom,No
C2653,Rhys,Evans,rhys.evans@yahoo.co.uk,+44 7147 816927,2025-09-03,1953-10-21,Wrexham,LL7 9RD,United Kingdom,no
C1670,Jack,McDonald,jack.mcdonald21@hotmail.co.uk,07522165433,2025-09-27,1983-02-27,Edinburgh,EH9 4TB,United Kingdom,y
C2047,Megan,Morgan,megan.morgan92@btinternet.com,+44 7878 585109,2026-03-09,1960-11-29,,NG5 2SR,england,no
C4359,Aisha,Taylor,aisha.taylor@yahoo.co.uk,07639 209006,,2000-10-02,Wrexham,LL2 4SZ,United Kingdom,no
C5973,Owen,Price,owen.price21@yahoo.co.uk,07185789345,2024-03-31,1953-01-06,Edinburgh,EH6 6FS,england,No
C5694,Jack,Price,jack.price78@gmail.com,07380 180912,2023-11-28,1970-03-02,London,E20 7XS,United Kingdom,
C5872,Arthur,Patel,arthur.patel@yahoo.co.uk,,2026-08-03,1977-03-04,Newport,NP15 2JE,United Kingdom,y
C4490,Gareth,Edwards,gareth.edwards74@gmail.com,07158 025181,,2001-07-09,Leeds,LS3 4NA,United Kingdom,TRUE
C2731,Gareth,Murphy,gareth.murphy@gmail.com,07202048342,04/03/2025,1977-03-21,Exeter,EX16 2TP,United Kingdom,yes
C5546,Fiona,Singh,fiona.singh93@btinternet.com,07801 193653,2025-06-05,,Glasgow,G5 5YA,GB,no
C4406,Ivy,Nowak,ivy.nowak@gmail.com,07533 925683,2023-09-09,2003-04-20,Wrexham,LL4 1UN,United Kingdom,N
C4827,Katarzyna,Nowak,katarzyna.nowak29@hotmail.co.uk,07230738442,10-02-2025,1995-06-15,London,,United Kingdom,Yes
C1507,Connor,Roberts,connor.roberts94@hotmail.co.uk,07430787482,2025-03-11,20/07/1994,London,E19 7GZ,United Kingdom,
C4608,Fiona,Hall,fiona.hall82@hotmail.co.uk,+44 7130 673021,2024-01-08,1990/09/21,Exeter,ex206sw,UK,TRUE
C1061,Zainab,Jones,,07451 364288,2026-07-01,"August 13, 1980",Manchester,M7 7RX,UK,y
C5391,Grace,Patel,grace.patel81@hotmail.co.uk,07690-867410,2024-03-08,1975/07/27,Leeds,LS7 7HE,UK,TRUE
C4020,Mia,Thompson,mia.thompson98@btinternet.com,07603138509,2024-05-08,1973-03-06,Belfast,bt27hf,United Kingdom,
C1382,Owen,Singh, owen.singh83@yahoo.co.uk ,07303 124176,2023-12-30,1999-04-16,Nottingham,NG10 5GG,,N
C6233,CONNOR,Wood,CONNOR.WOOD@ICLOUD.COM,07106 498065,2023-11-05,1955-06-15,Aberystwyth,SY13 9WN,Wales,N
C3815,Amelia,Davies,amelia.davies@btinternet.com,07546 680234,2025-08-22,1980-11-29,Sheffield,S18 7DX,U.K.,1
C5340,Liam,Davies,liam.davies6@gmail.com,07483 292781,2025/10/02,,Bath,BA14 9PD,UK,0
C1358,Aisha,Davies,aisha.davies91@icloud.com,,2026-05-17,1957-06-27,Port Talbot,SA2 7FD,United Kingdom,1
C1573,George,Jones,george.jones@outlook.com,07860 991497,2025-04-11,1998/12/05,Aberystwyth,SY10 4NH,United Kingdom,1
C4182,Arthur,Johnson,arthur.johnson@icloud.com,07359-090329,2026-06-18,1980-03-29,Aberystwyth,SY17 2XX,United Kingdom,TRUE
C3732,Leo,Taylor,leo.taylor61@gmail.com,0727568,2026-02-12,1962-12-06,Sheffield,S15 1ER,UK,0
C5478,Connor,Singh,connor.singh@gmail.com,07497 480546,2026-07-23,27/12/1957,Nottingham,NG19 1QN,UK,FALSE
C3779,Bethan,Wood,bethan.wood79@hotmail.co.uk,+44 7400 716020,2025-09-21,2005-02-26,Exeter,EX18 4QN,United Kingdom,TRUE
C4572,Chloe,Griffiths,chloe.griffiths97@icloud.com,07374 920512,"October 31, 2024",1900-01-01,Glasgow,G17 1JF,United Kingdom,1
C3463,Oliver,Roberts,oliver.roberts79@yahoo.co.uk,07638 304391,2025-02-16,2001-10-22,Newport,NP6 1EG,United Kingdom,yes
C3537,Ella,Jenkins,ella.jenkins34@hotmail.co.uk,07970 925932,2026/09/24,2002-01-30,London,E2 5TH,United Kingdom,no
C5380,Callum,Evans,callum.evans71@yahoo.co.uk,+44 7236 369448,2024-09-18,,Sheffield,S14 9SJ,Great Britain,N
C1282,Ella,McDonald,ella.mcdonald45@btinternet.com,07433 116781,2025-07-05,1988-06-27,Manchester,M20 7YB,United Kingdom,no
C2291,Connor,Robinson,connor.robinson74@hotmail.co.uk,07655048399,13 Feb 2026,1955-10-27,Bath,BA15 5FN,UK,FALSE
C4422,Fiona,Jenkins,fiona.jenkins36@btinternet.com,07526-030267,2025-02-20,1954-12-02,Aberystwyth,SY4 5RH,United Kingdom,no
C5012,Seren,Jones,seren.jones@btinternet.com,07851-196776,2025-05-15,03-15-1992,Leeds,LS5 3BJ,United Kingdom,Yes
C2471,Aisha,Hall,aisha.hall@hotmail.co.uk,07981 901112,2023/08/17,"August 13, 1975",Newport,NP9 9JA,United Kingdom,y
C5683,Dylan,Ali,dylan.ali57@icloud.com,,2026-09-30,29 Jan 1993,Liverpool,l121jj,UK,Y
C2207,Amelia,Ali,amelia.ali68@yahoo.co.uk,+44 7607 410448,2024-08-22,1950-07-15,Port Talbot,SA12 2QH,United Kingdom,TRUE
C4245,Noah,Evans,noah.evans80@hotmail.co.uk,07455564815,2024-03-25,25/12/1995,Wrexham,LL12 2LE,United Kingdom,y
C4181,Rhys,Edwards,rhys.edwards@yahoo.co.uk,07406 308002,15 Jul 2026,1960-09-07,Glasgow,G11 1SB,england,Y
C4873,Owen,Edwards,owen.edwards@icloud.com,+44 7777 751108,2025-03-06,1970-01-16,Bath,ba171ew,United Kingdom,0
C1159,Grace,Robinson,grace.robinson70@icloud.com,0794864,2026-07-19,15.01.50,Port Talbot,SA13 9ZN,U.K.,y
C2427,Liam,Roberts,liam.roberts75@outlook.com,07855 170883,2023-09-11,1984-12-08,Bath,BA8 3GY,United Kingdom,Yes
C4708,Mia,Green,mia.green75@btinternet.com,+44 7623 240059,2025-10-23,1961-04-05,London,e124bp,UK,y
C4285,Chloe,Green,chloe.green@outlook.com,+44 7371 128287,2024-12-15,1956-12-06,Manchester,M14 3ZD,United Kingdom,
C6078,Priya ,Ali,PRIYA.ALI57@ICLOUD.COM,07590 675833,14 Jan 2026,2003-12-31,Wrexham,LL15 6QE,Wales,1
C3403,Cerys,Johnson,cerys.johnson77@btinternet.com,07520 943889,2024-03-04,1964-08-22,Nottingham,NG17 1QQ,england,No
C5491,Noah,Smith,noah.smith@hotmail.co.uk,07274625180,19/09/2023,1998-03-22,Manchester,M3 1AL,United Kingdom,No
C2842,Ravi,Singh,,+44 7107 435183,04/06/2026,1988-10-24,Bangor,LL9 1EY,United Kingdom,TRUE
C5968,Liam,Singh,liam.singh85@outlook.com,+44 7301 628692,24 Feb 2024,1967-09-28,Aberystwyth,SY6 6AQ,UK,TRUE
C1387,Harry,Evans,harry.evans48@icloud.com,07638089272,2024-04-19,26/03/1955,Manchester,M17 1UR,UK,0
C4531,Sean,Wood,sean.wood99@yahoo.co.uk,07617 910564,2024-08-14,1955-01-01,Bristol,BS6 2SS,Wales,
C5271,Fiona,Evans,fiona.evans@hotmail.co.uk,07227 100455,2023-09-21,10.05.66,Belfast,BT7 1JQ,UK,0
C1070,Freya,Davies,freya.davies@yahoo.co.uk,07291 726643,"June 11, 2026",1965-02-05,Glasgow,G17 3LG,United Kingdom,Y
C4003,Arthur,Ali,arthur.ali36@yahoo.co.uk,07453 856373,23.07.23,1954-09-14,Exeter,EX1 7GQ,Great Britain,FALSE
C3864,Jack,Morgan,jack.morgan94@btinternet.com,07474558221,2024-09-28,"May 22, 1980",Liverpool,L6 1ZA,United Kingdom,yes
C1885,Liam,McDonald,liam.mcdonald@gmail.com,07539125949,26/08/2024,1992-12-18,Exeter,EX8 9JZ,GB,yes
C4928,George,Morgan,george.morgan@gmail.com,07556 633624,2024-11-23,27/12/1953,Bath,BA7 9JT,UK,yes
C2779,Ravi,Taylor,ravi.taylor@gmail.com,+44 7187 633795,2024-03-05,1988-12-03,Aberystwyth,SY9 9WT,GB,FALSE
C2987,Cerys,Smith,cerys.smith74@btinternet.com,07264 570133,20/07/2024,1996/09/03,,S13 9BY,United Kingdom,No
C4976,Amelia,Walker,amelia.walker49@outlook.com,07145 361341,2025-02-11,1978-07-02,Bristol,bs11hu,United Kingdom,0
C1076,Cerys,Griffiths,cerys.griffiths97@btinternet.com,07804 165744,2024-01-24,2005/10/26,Birmingham,b103zj,UK,N
C2115,George,Walker,george.walker87@yahoo.co.uk,,2025-02-07,1989-07-14,London,E16 9YT,United Kingdom,y
C6079,niamh,Singh,niamh.singh79@hotmail.co.uk,07794 513089,2024-09-07,1997-06-23,Manchester,m147au,United Kingdom,TRUE
C6243,Katarzyna ,Price,KATARZYNA.PRICE83@BTINTERNET.COM,07921 057815,28.08.24,1999/06/24,Edinburgh,EH8 1AF,Great Britain,No
C4386,Seren,Singh,seren.singh@yahoo.co.uk,07220 825306,15/06/2024,1981-02-09,Bangor,LL13 7ES,Great Britain,No
C2031,Chloe,Thompson,chloe.thompson75@btinternet.com,07822134462,08-02-2023,1956/05/13,Cardiff,CF14 9AF,United Kingdom,no
C1623,Ava,Hall,ava.hall73@icloud.com,07131515507,2026-08-15,1983-09-16,Exeter,EX9 5AN,United Kingdom,TRUE
C2934,Gareth,Thompson,gareth.thompson@hotmail.co.uk,07481 388656,2023-09-09,1986-11-08,Wrexham,LL9 7QA,United Kingdom,TRUE
C1897,Ethan,Johnson,ethan.johnson@btinternet.com,07752-177259,2025-04-20,14.01.64,Cardiff,CF4 1ZE,United Kingdom,no
C2023,Ella,Singh,ella.singh85@outlook.com,+44 7433 819211,2025-05-26,1977-11-04,Nottingham,NG9 3FP,United Kingdom,No
C2235,Lily,Hall,lily.hall4@btinternet.com,07256 471015,2025/04/05,1961-02-14,Newport,NP6 7ZT,UK,FALSE
C3836,Connor,Singh,connor.singh@gmail.com,07633 922597,2025-04-27,07 Feb 1984,London,E13 6LT,U.K.,
C3435,Katarzyna,Ali,katarzyna.ali@yahoo.co.uk,07514 670318,2026-02-21,1964-07-07,Leeds,LS6 5EP,UK,Y
C3812,Cerys,Hughes,cerys.hughes@icloud.com,07364-447436,21/01/2025,1978-05-26,Newport,np117yy,United Kingdom,Yes
C4741,Grace,Price,grace.price85@gmail.com,07577 446509,2023-07-14,1955-01-04,Manchester,M13 1BT,United Kingdom,y
C5425,Arthur,Edwards,arthur.edwards98@yahoo.co.uk,,2025-11-21,02/06/1964,Edinburgh,EH4 2UZ,United Kingdom,1
C4360,Ivy,Morgan,ivy.morgan@btinternet.com,07877 607243,2025-11-07,1991-05-18,Swansea,sa57sz,Wales,FALSE
C1233,Ella,Davies,ella.davies@hotmail.co.uk,07113194495,2025-08-03,1963-02-26,Glasgow,G17 8SS,United Kingdom,
C2015,Mia,Taylor,"mia.taylor@btinternet,com",07867 264815,2026-07-23,1968-12-05,Wrexham,LL20 7TS,United Kingdom,Y
C4155,Grace,Smith,grace.smith@outlook.com,07496 453662,2023-06-05,1988-11-06,London,E7 7GF,United Kingdom,FALSE
C4877,Ravi,Murphy,ravi.murphy82@btinternet.com,07609142699,07-21-2023,1995-01-05,Aberystwyth,SY19 2GX,United Kingdom,no
C5098,Rhys,Patel,rhys.patel92@hotmail.co.uk,07807 519052,08 Dec 2023,1955-10-14,Leeds,ls56xb,United Kingdom,1
C2236,Gareth,Ali,gareth.ali12@yahoo.co.uk,07929 483550,2026-05-03,1957-05-22,Aberystwyth,SY18 3BQ,United Kingdom,yes
C5169,Sophie,Thomas,"sophie.thomas@icloud,com",07102798333,2026-06-30,1955/04/10,Newport,NP1 2JZ,United Kingdom,
C3132,Grace,Thompson,grace.thompson20@btinternet.com,+44 7131 987530,2024-03-01,1980-08-02,Leeds,LS9 4BA,Wales,Y
C3699,Katarzyna,Evans,katarzyna.evans52@btinternet.com,07310071127,2024-02-08,1957-09-27,Glasgow,G4 8TW,UK,No
C1071,Freya,McDonald,freya.mcdonald83@icloud.com,07407231668,2025-09-25,1952-08-08,London,E18 1GL,Great Britain,
C1416,Aisha,Murphy,aisha.murphy2@gmail.com,,23/04/2024,1952-07-11,Nottingham,NG8 7XP,United Kingdom,N
C1066,Freya,Price,freya.price67@btinternet.com,07723 225279,2026-05-17,1959-07-18,Glasgow,G19 1WY,U.K.,Yes
C1509,Priya,Patel,priya.patel81@hotmail.co.uk,+44 7147 765708,"July 22, 2025",unknown,Exeter,EX7 2RZ,United Kingdom,y
C2930,Leo,Khan,leo.khan@gmail.com,07663 975940,30.10.25,25 Dec 1998,Aberystwyth,SY7 3JH,GB,0
C4126,Gareth,Walker,"gareth.walker79@outlook,com",07980-639668,2025-01-13,"April 14, 2000",Wrexham,LL1 4ZS,GB,no
C4413,Mia,Roberts,mia.roberts21@outlook.com,07265 432178,2025/06/08,25.04.56,Wrexham,LL4 3FA,UK,N
C1073,Harry,Robinson,harry.robinson@hotmail.co.uk,07295-911304,11-08-2024,24.02.95,Wrexham,LL18 7BN,Great Britain,y
C4073,Priya,Ali,priya.ali70@hotmail.co.uk,07129 285585,2025-08-09,unknown,Birmingham,B11 3EJ,United Kingdom,
C2461,Rhys,Williams,rhys.williams36@yahoo.co.uk,07246 943082,18/03/2025,1962-01-06,Bath,BA9 2ZF,U.K.,Y
C5711,Isla,Roberts,isla.roberts30@yahoo.co.uk,07182-079688,17/12/2023,01.04.87,Liverpool,L14 1RP,UK,
C3314,Owen,McDonald,owen.mcdonald@icloud.com,07900175813,2023-06-02,1969-11-26,Exeter,EX19 7PB,United Kingdom,1
C2241,Niamh,Murphy,niamh.murphy76@yahoo.co.uk,0757756,2024-04-13,1982-07-31,Nottingham,NG16 3YY,United Kingdom,No
C6287,priya,Smith,priya.smith@outlook.com,07520 778387,2023-10-06,1995-11-30,Glasgow,G5 1QY,United Kingdom,TRUE
C3526,Seren,Johnson,seren.johnson45outlook.com,07815-569212,2024-07-14,2002-09-12,Nottingham,NG9 8FJ,United Kingdom,y
C3643,Noah,Smith,noah.smith77@hotmail.co.uk,,19.01.26,1992-04-01,Port Talbot,SA17 3PP,United Kingdom,Yes
C2200,Isla,Patel,isla.patel84@yahoo.co.uk,07511 255080,2025-05-20,1989-11-27,Port Talbot,SA1 7WQ,UK,yes
C3271,George,Jenkins,george.jenkins83@yahoo.co.uk,07898-149352,2024-07-04,1950-09-30,Wrexham,LL12 1WS,UK,0
C2176,Cerys,Singh,cerys.singh18@yahoo.co.uk,07910992582,2024-06-29,2004-03-09,,NP2 6UE,United Kingdom,Yes
C4013,Dylan,Taylor,dylan.taylor@btinternet.com,+44 7365 877879,2026/06/09,1996-08-14,Birmingham,b82pg,UK,y
C5745,Grace,Griffiths,grace.griffiths@hotmail.co.uk,07442070156,2024-01-21,1991-06-02,Swansea,SA19 4ES,United Kingdom,Yes
C4546,Sophie,Ali,sophie.ali93@icloud.com,,2026-04-20,06/12/1961,Port Talbot,SA19 2ZF,United Kingdom,no
C3903,Gareth,Walker,gareth.walker70@btinternet.com,0777994,2026-04-26,2003/01/18,Nottingham,NG13 7PX,United Kingdom,Yes
C4305,Zainab,O'Brien,zainab.obrien@hotmail.co.uk,,2024-10-12,1961-02-21,Liverpool,L8 5AB,United Kingdom,
C2462,Fiona,Roberts,fiona.roberts@hotmail.co.uk,07681792952,2024-11-22,1959-03-13,Nottingham,NG5 8XZ,United Kingdom,N
C4956,Fiona,Roberts,,07211 502224,2025-07-30,1955-08-26,Port Talbot,SA3 6PN,,Y
C3946,Oliver,Price,oliver.price74@yahoo.co.uk,07605 319259,2023-12-12,"October 28, 1993",Edinburgh,EH9 9EX,UK,no
C4779,Owen,Robinson,owen.robinson@btinternet.com,07384878368,16 Jun 2024,1972-06-10,,L19 6AY,United Kingdom,N
C2654,Leo,Jenkins,leo.jenkins24@gmail.com,+44 7808 981627,,12/04/1969,Birmingham,B9 8XH,United Kingdom,yes
C5999,Liam,Roberts,liam.roberts50@hotmail.co.uk,07611 622470,2023-12-18,1987-11-08,Glasgow,G11 2FY,UK,yes
C4233,Connor,Taylor,connor.taylor81@hotmail.co.uk,+44 7673 945903,2024-10-08,1985-06-18,Edinburgh,EH19 8HZ,UK,Yes
C2492,Seren,Morgan,seren.morgan78@icloud.com,07158 400381,2025-06-10,1981-07-29,London,E10 8RZ,United Kingdom,FALSE
C3288,Rhys,Smith,rhys.smith92@outlook.com,07540-610329,2023-08-29,1957-02-16,Leeds,LS7 2HB,Great Britain,FALSE
C5756,Owen,Ali,owen.ali@gmail.com,+44 7532 347408,2026-01-10,1998-08-17,Cardiff,CF7 7TG,United Kingdom,No
C4424,Megan,Johnson,megan.johnson83@btinternet.com,07679 741960,2026-02-01,"December 21, 1971",Bristol,BS12 1YW,United Kingdom,0
C3051,Oliver,Hughes,oliver.hughes52@icloud.com,07646 647738,2025-09-03,1950-04-19,London,E4 8EZ,UK,N
C3818,Rhys,Murphy,rhys.murphy74@yahoo.co.uk,0794932,2026-02-10,1962-02-01,Swansea,SA10 9RL,United Kingdom,y
C5659,Mia,Thomas,mia.thomas89@hotmail.co.uk,07790839573,2023-11-21,1900-01-01,Sheffield,S11 4UL,UK,y
C1681,Oliver,Griffiths,oliver.griffiths@hotmail.co.uk,07724483429,19 May 2025,1982-08-10,Glasgow,G7 2DH,UK,Yes
C1469,Sophie,Edwards,sophie.edwards93@yahoo.co.uk,,2025-06-22,1960-04-25,Bath,BA19 2TB,United Kingdom,Yes
C2615,Oliver,Murphy,oliver.murphy86@btinternet.com,07646 357358,2026-08-26,1979-05-21,Aberystwyth,SY10 2XU,United Kingdom,no
C5623,Owen,Johnson,owen.johnson71@gmail.com,07664 847036,2024-10-04,23/07/1975,Edinburgh,EH17 2YT,Great Britain,TRUE
C6126,arthur,Patel,arthur.patel48@gmail.com,07419 364845,28.07.25,2003-08-06,Edinburgh,eh88dw,United Kingdom,Yes
C4801,Oliver,Robinson,oliver.robinson37@btinternet.com,07533260960,2026-01-07,1968-05-19,Liverpool,L11 4PE,UK,1
C2882,Leo,Walker,leo.walker2@hotmail.co.uk,07923300223,2023-06-14,2031-04-12,Bristol,BS18 4TW,United Kingdom,
C4586,Gareth,Hughes,gareth.hughes77@btinternet.com,07939626562,2023/09/25,2001-05-02,Birmingham,B3 3PY,United Kingdom,Y
C5191,Freya,Davies,freya.davies73@btinternet.com,07729 482920,22 Sep 2024,1900-01-01,Leeds,LS6 7EF,UK,No
C2649,Mohammed,Lewis,mohammed.lewis73@outlook.com,07488 276048,06-18-2024,1983-09-06,Leeds,LS2 1XG,Wales,y
C5263,Sophie,Smith,sophie.smith@hotmail.co.uk,07870 615658,2026-08-15,1950-10-06,Bath,BA6 8QS,United Kingdom,TRUE
C6230,Grace ,Singh,grace.singh31@outlook.com,+44 7246 391351,2024-05-04,1986-08-03,Bristol,BS16 9RS,UK,y
C1175,Dylan,Davies,dylan.davies67@btinternet.com,+44 7903 921704,2024/04/30,1952-04-07,Port Talbot,sa75qe,Wales,Y
C2394,Seren,Davies,seren.davies8@yahoo.co.uk,07988 211433,2026-01-27,02-24-1992,Edinburgh,EH7 6WX,Wales,Yes
C4000,Rhys,Hughes,rhys.hughes@btinternet.com,+44 7308 710528,2023-06-23,1989-05-22,Port Talbot,SA11 1PE,United Kingdom,yes
C3762,Ava,Patel,ava.patel76@outlook.com,07797311619,2023-08-12,,Bath,BA14 3HT,GB,TRUE
C4968,Aisha,Nowak,aisha.nowak79@gmail.com,07259 378905,2026-02-24,2031-04-12,Liverpool,L13 9JL,United Kingdom,0
C5892,Seren,Ali,seren.ali89@outlook.com,07534649642,2026-03-02,08-16-1954,Glasgow,G13 6QN,U.K.,0
C4683,Oliver,Thompson,oliver.thompson52@outlook.com,+44 7196 691182,2025-10-02,1950-03-29,Wrexham,LL15 8UX,United Kingdom,N
C5796,Katarzyna,Lewis,katarzyna.lewis92@yahoo.co.uk,07434 779332,2025-03-21,2031-04-12,Swansea,SA9 4AE,United Kingdom,Y
C4692,Noah,Jenkins,noah.jenkins70@gmail.com,07611 456874,2025-08-31,2002-06-24,Manchester,M12 6TF,United Kingdom,
C5448,Katarzyna,Murphy,katarzyna.murphy48@yahoo.co.uk,+44 7179 942178,2025-11-29,1983-08-14,Manchester,M7 1PZ,GB,
C2037,Gareth,Williams,gareth.williams@icloud.com,+44 7191 740987,2024-02-05,,Sheffield,S19 7JE,GB,N
C4934,Bethan,Roberts,bethan.roberts@icloud.com,+44 7562 989046,01 Mar 2026,1958-07-10,Edinburgh,EH20 7WD,United Kingdom,y
C3146,Katarzyna,Price,katarzyna.price83@btinternet.com,07921 057815,2024-08-25,24.06.99,Edinburgh,EH9 4JN,United Kingdom,0
C1560,Priya,Thomas,priya.thomas62@gmail.com,07826 594029,2024-04-17,unknown,Bath,BA9 8UJ,United Kingdom,Yes
C3076,Noah,Williams,noah.williams85@gmail.com,07359-569716,09-21-2024,1961-11-16,Nottingham,NG9 4TU,GB,FALSE
C1345,Jack,Thomas,"jack.thomas92@yahoo.co,uk",07341108397,2024-04-06,1956-10-01,Nottingham,NG10 9PE,england,FALSE
C2030,Liam,Roberts,liam.roberts92@hotmail.co.uk,+44 7471 806057,2025-01-29,1953-07-04,Swansea,SA15 8RW,United Kingdom,FALSE
C3756,Owen,Thompson,owen.thompson14@icloud.com,07361 788013,2023-06-09,21/12/1963,Bath,BA9 7NJ,england,no
C2245,Lily,McDonald,lily.mcdonald@icloud.com,+44 7512 578773,2025-03-15,1956-09-28,Newport,NP1 9PE,UK,
C5670,Callum,Jenkins,callum.jenkins@hotmail.co.uk,,2025-04-06,1967-05-08,Liverpool,L12 7DP,Wales,N
C5290,Ivy,Thomas,ivy.thomas@gmail.com,07897 316447,2024-04-10,1972-07-21,Port Talbot,SA18 7QT,United Kingdom,TRUE
C2818,Isla,Robinson,isla.robinson30@outlook.com,07866 904870,"May 13, 2026",1960-12-28,CARDIFF,CF19 9DP,United Kingdom,Y
C1696,Jack,McDonald,jack.mcdonald@icloud.com,07955 662681,2024-12-11,1976-09-22,Port Talbot,SA11 2QQ,United Kingdom,yes
C4200,Sophie,Davies,sophie.davies73@icloud.com,07279 792721,2026-09-06,1990-10-28,Glasgow,G4 6FZ,UK,yes
C3561,Lily,Roberts,lily.roberts@gmail.com,07922 422669,2024-06-05,1980-04-24,Exeter,EX13 5RT,United Kingdom,yes
C4755,Harry,Thomas,harry.thomas5@outlook.com,07716 687075,02 Jul 2026,1979-02-13,Belfast,BT14 7GG,United Kingdom,TRUE
C4903,Mohammed,McDonald,mohammed.mcdonald35@hotmail.co.uk,07436 132928,2024-01-29,1994-06-28,Glasgow,G16 5UH,United Kingdom,TRUE
C3095,Sophie,Thomas,sophie.thomas88@outlook.com,+44 7749 704549,2025-09-19,1960-09-16,Cardiff,CF7 3PS,United Kingdom,No
C1072,Sean,Williams,sean.williams20@hotmail.co.uk,07141 493708,2025-09-11,1995-08-06,Exeter,EX20 5BU,UK,1
C5460,Tomasz,Patel,,07533-069193,2024/11/15,1988-10-05,Cardiff,CF9 8HZ,UK,Yes
C5901,Harry,Smith,harry.smith@icloud.com,07171 031137,2024/04/17,1964-06-13,Exeter,EX7 7PY,Wales,N
C6226,LEO,Robinson,leo.robinson82@gmail.com,+44 7790 614836,2024-09-10,1982/05/21,Nottingham,NG8 2DQ,United Kingdom,yes
C3289,George,Khan,george.khan67@outlook.com,,2023-12-12,1991-05-19,Cardiff,CF20 8GF,United Kingdom,
C3137,Owen,Wood,owen.wood52@icloud.com,07512 257646,2026-02-11,1968-11-15,Newport,NP9 4TH,GB,no
C2214,Sean,Jones,sean.jones98@outlook.com,07364981235,2026-09-09,16/08/1956,Birmingham,b35wl,United Kingdom,N
C4652,Leo,McDonald,leo.mcdonald89@icloud.com,07598 290941,2024/10/03,1954-09-17,Bristol,BS16 5WX,United Kingdom,no
C2808,Zainab,Thomas,zainab.thomas17@outlook.com,,2025-12-05,1963-11-29,Wrexham,LL20 5SX,United Kingdom,Y
C1626,Sean,Hall,sean.hall76@yahoo.co.uk,07466 997592,2025-10-02,,Cardiff,CF6 8EH,United Kingdom,1
C5536,Seren,Lewis,seren.lewis90@btinternet.com,07515 369224,2023-10-12,13.06.60,Bristol,BS20 3ZW,United Kingdom,No
C2725,Owen,Lewis, owen.lewis@hotmail.co.uk ,07397 846932,2024-12-12,1978/09/04,Exeter,EX2 5FP,United Kingdom,0
C1257,Owen,Hall,owen.hall@hotmail.co.uk,07614 842022,2026-04-29,1971-03-01,Swansea,SA13 1QL,,yes
C4229,Mia,Green,mia.green@btinternet.com,07692 310887,2024-03-11,,Exeter,EX2 7ZA,UK,TRUE
C5343,Rhys,Robinson,rhys.robinson84@gmail.com,07603717199,2025-05-26,1966-06-18,Cardiff,cf78bq,england,
C3500,Connor,Johnson,connor.johnson88@btinternet.com,07394-848817,2024-11-02,"November 23, 1953",Birmingham,B20 4JL,United Kingdom,N
C2102,Liam,Patel,liam.patel74@yahoo.co.uk,07704450338,2025-02-10,1969-10-10,Bangor,LL18 7RF,,N
C1120,Aisha,Evans,aisha.evans78@outlook.com,+44 7904 107305,2024-03-17,1988-12-29,Cardiff,CF6 9DR,United Kingdom,0
C5118,Gareth,Edwards,gareth.edwards32@hotmail.co.uk,,2024-07-22,1962-07-05,Belfast,BT4 5XW,U.K.,1
C4732,Ivy,Davies,ivy.davies89@yahoo.co.uk,07739 538261,2026-01-22,09/11/1970,Manchester,M5 2ES,United Kingdom,TRUE
C4578,Fiona,Ali,fiona.ali80@btinternet.com,07797051001,2025-01-15,1968-01-17,Newport,NP3 7GW,United Kingdom,y
C2773,Ella,Lewis,ella.lewis@gmail.com,07457 890175,2024-03-18,1999-03-09,Bath,ba35se,england,1
C4472,Owen,Lewis,owen.lewis43@btinternet.com,0721344,2023-06-09,1975-10-28,Edinburgh,eh82lf,UK,Y
C4093,Lily,Lewis,lily.lewis24@hotmail.co.uk,+44 7639 689278,2023-06-09,1954-06-15,Edinburgh,EH12 3TE,United Kingdom,no
C3163,Cerys,Jenkins,cerys.jenkins1@btinternet.com,07490 805778,2026-02-18,2031-04-12,BIRMINGHAM,B14 2LR,UK,0
C3660,Noah,Thompson,noah.thompson84@btinternet.com,07146-270149,06/09/2026,N/A,Belfast,BT6 4SQ,UK,No
C2794,Bethan,Price,bethan.price@btinternet.com,0711721,2023-08-02,2003-04-21,Bangor,LL16 3LN,United Kingdom,N
C3057,Dylan,Evans,dylan.evans@btinternet.com,07152196060,2024-11-24,2004-06-28,Liverpool,L9 7QT,U.K.,No
C4160,Ethan,Jenkins,ethan.jenkins4@yahoo.co.uk,07917-965249,2025-09-01,05/07/1967,Liverpool,l151ut,United Kingdom,
C1136,Dylan,Smith,dylan.smith@outlook.com,,2024-06-30,1985-01-26,Bristol,BS15 9XB,UK,1
C1213,Arthur,Williams,arthur.williams79@yahoo.co.uk,07947948200,2025-07-07,1952-12-07,Edinburgh,EH15 7HL,United Kingdom,no
C1863,Bethan,Patel,bethan.patel75@yahoo.co.uk,07522-067568,2023/12/24,06-07-1955,Nottingham,NG13 2JE,United Kingdom,
C4898,Harry,Khan,harry.khan15@outlook.com,07824627910,2024-08-21,1973-06-24,Nottingham,ng196en,Great Britain,N
C4676,Katarzyna,Price,katarzyna.price@gmail.com,07820 799671,2025-08-31,2000-03-24,Glasgow,G13 3ZX,,Yes
C4253,Chloe,Singh,chloe.singh@btinternet.com,07479 574985,2025-09-10,1985-02-27,Port Talbot,SA10 6PH,UK,Y
C6210,priya,Griffiths,priya.griffiths75@hotmail.co.uk,07130 025166,2026-02-19,1975-02-27,Liverpool,L12 1RG,U.K.,y
C6272,IVY,Patel,ivy.patel84@icloud.com,07724 832328,2024-01-10,1957-06-14,Cardiff,cf181eh,UK,N
C5414,Grace,Green,grace.green81@yahoo.co.uk,07391 876430,2026/01/24,22.02.89,Newport,NP13 8YW,United Kingdom,N
C4579,Ella,Jones,ella.jones@btinternet.com,,2026-04-10,24.05.82,Exeter,EX19 8RB,United Kingdom,Y
C5429,Ethan,Walker,"ethan.walker88@btinternet,com",07630459395,2026-03-01,08-04-1972,Newport,NP10 9GZ,UK,Y
C2726,Fiona,Edwards,fiona.edwards70@btinternet.com,07191-787542,2023-07-01,1953-10-15,Wrexham,LL5 8TU,United Kingdom,No
C2575,Arthur,Smith,arthur.smith82@outlook.com,07882 400730,2024-03-25,1998-03-04,Cardiff,CF8 6WQ,United Kingdom,no
C5693,Cerys,Johnson,cerys.johnson84@icloud.com,07543-644973,2024-12-21,"March 14, 1974",Nottingham,NG5 5WN,United Kingdom,y
C2630,Zainab,Taylor,zainab.taylor77@icloud.com,07901 850641,2025-04-05,1950-08-04,Wrexham,ll29sy,United Kingdom,Y
C5405,Megan,Thomas,megan.thomas24@btinternet.com,07912 849277,2023-12-04,1951-11-07,London,E4 2LU,United Kingdom,Yes
C2540,Priya,Davies,,+44 7323 230603,2023-10-14,1976-02-11,Nottingham,NG8 9RX,United Kingdom,1
C5925,Connor,Green,connor.green@yahoo.co.uk,,16.08.23,16 Mar 2000,Liverpool,L5 3ST,United Kingdom,1
C4875,Priya,Murphy,priya.murphy@hotmail.co.uk,07145 468999,2023-06-20,1953-06-28,Sheffield,S15 4AU,United Kingdom,yes
C3754,Rhys,Williams,rhys.williams19@hotmail.co.uk,07732 622499,13.10.24,23/02/1973,Birmingham,B18 9LY,United Kingdom,No
C3370,Priya,Patel,priya.patel46@yahoo.co.uk,07350497112,2026-09-16,1984-07-24,Edinburgh,EH18 8PA,GB,0
C3263,Niamh,Lewis,niamh.lewis72@icloud.com,07143 593403,2025/10/02,1974-04-09,Exeter,EX18 7JW,United Kingdom,y
C3064,Arthur,Hall,arthur.hall71@hotmail.co.uk,07150337947,"May 29, 2025",1956/02/28,Birmingham,B10 2UJ,UK,1
C4022,Leo,Patel,leo.patel42@outlook.com,+44 7400 786504,"April 13, 2025",1979-01-25,Glasgow,G8 7HE,United Kingdom,0
C2665,Noah,McDonald,noah.mcdonald68@icloud.com,07207 561303,2025-01-05,14.10.56,Belfast,BT18 6TA,U.K.,y
C2331,Katarzyna,Thomas,katarzyna.thomas70@yahoo.co.uk,07398748007,20 Jan 2025,1966-02-27,Wrexham,LL5 8YZ,United Kingdom,Yes
C5432,Ivy,Price,ivy.price76@gmail.com,07669 629209,2024-01-15,26 Dec 1988,Manchester,M7 6QY,United Kingdom,FALSE
C1337,Seren,Morgan,seren.morgan25@btinternet.com,07582 351289,2023-08-12,12/03/1953,,NP8 4GA,Great Britain,no
C5346,Isla,O'Brien,isla.obrien74@gmail.com,07698313894,20/05/2026,1992-06-27,Edinburgh,EH7 3NA,United Kingdom,TRUE
C1546,Niamh,Jones,niamh.jones@yahoo.co.uk,+44 7405 889797,2024-03-19,1960-11-29,Swansea,SA9 4EY,UK,1
C4830,Mia,Khan,mia.khan92@icloud.com,07775732520,2025-03-17,1983-06-07,Port Talbot,SA3 6EQ,Wales,
C6191,FREYA,Edwards,FREYA.EDWARDS80@YAHOO.CO.UK,07722-414147,04/03/2024,1961-08-22,Swanzea,SA1 4DX,United Kingdom,Y
C5450,Fiona,Green,fiona.green91@yahoo.co.uk,07388 367778,25.06.24,1955-06-05,Newport,NP1 3DY,United Kingdom,Y
C4174,Ravi,Thomas,ravi.thomas24@gmail.com,07760 777841,2025-12-25,1998-07-17,Bath,BA16 1JR,UK,yes
C1405,Arthur,Thompson,arthur.thompson@icloud.com,07726 920659,"November 29, 2025",1985-08-11,Edinburgh,EH9 9ET,england,0
C4733,Sophie,Taylor,sophie.taylor69@outlook.com,07978750372,2026-01-25,19/03/2005,Bath,BA5 7HZ,UK,TRUE
C5032,Ethan,Robinson,ethan.robinson97@gmail.com,07520-883586,2026-06-21,1968-04-10,Leeds,ls176nu,Great Britain,0
C5626,Liam,Hughes,liam.hughes76@outlook.com,07493705937,2023-07-09,1968-09-10,Sheffield,S12 8AE,United Kingdom,FALSE
C5724,Ravi,Nowak,ravi.nowak@outlook.com,07568 161419,2025-03-26,1995-09-09,Port Talbot,SA11 4FG,United Kingdom,0
C1094,Lily,Edwards,lily.edwards7@hotmail.co.uk,07502 486563,2026-03-11,1998-02-26,Leeds,LS8 2YP,United Kingdom,no
C5582,Harry,Hall,harry.hall@hotmail.co.uk,07652651793,2025-05-29,07.03.91,Bristol,BS11 9QA,United Kingdom,0
C3540,Niamh,Walker,niamh.walker@btinternet.com,07678893565,2024/10/07,1961-02-10,Bath,BA19 9QQ,england,FALSE
C4640,Ravi,Murphy,ravi.murphy76@yahoo.co.uk,07805 560967,2025-12-20,2003-05-20,Bath,BA14 6RE,United Kingdom,TRUE
C5516,Ivy,Hughes,ivy.hughes26@icloud.com,07906 093561,07/04/2025,1975/10/29,Exeter,EX20 1FF,Great Britain,yes
C1325,Priya,Davies,priya.davies@icloud.com,07431 236493,2023-10-01,1989-09-04,Swansea,SA1 8EW,United Kingdom,1
C3086,Gareth,Jones,gareth.jones92@icloud.com,+44 7938 641081,"April 13, 2026",2000-10-10,Belfast,BT5 3RW,UK,yes
C2340,Grace,Taylor,grace.taylor@outlook.com,07772 335398,2023-12-22,1968-11-30,Manchester,M11 9WA,england,Yes
C2952,Seren,Walker,seren.walker81@hotmail.co.uk,,2024-03-22,1976-05-19,Bath,ba78ye,United Kingdom,y
C5733,Harry,Price,harry.price@gmail.com,07127 493504,2023-09-11,04-09-1965,Birmingham,B8 7HW,United Kingdom,0
C2161,Katarzyna,Singh,katarzyna.singh89@gmail.com,07845 584760,2026-03-23,1965-03-28,Newport,NP14 7DS,United Kingdom,N
C5037,Ella,Thompson,ella.thompson88@outlook.com,07728155756,2026-09-07,1969-11-20,Liverpool,L7 4EE,United Kingdom,yes
C6104,george,Lewis,george.lewis@btinternet.com,07291-171023,2024-11-03,15 Jul 1987,Bristol,BS20 5XW,United Kingdom,
C3340,Cerys,Price,cerys.price86@icloud.com,07803943000,2024-12-20,1990-03-27,Wrexham,LL6 3ZX,United Kingdom,0
C3995,Chloe,Hall,chloe.hall86@yahoo.co.uk,07775 518123,"May 29, 2026",1977-06-07,Nottingham,NG4 3QB,Great Britain,Y
C5240,Megan,Morgan,megan.morgan95@icloud.com,07597 896438,2025-06-04,1972-06-02,Cardiff,CF13 4HG,U.K.,No
C5461,Sean,Robinson,sean.robinson37@icloud.com,07995 579162,2026-01-09,1956-08-29,Wrexham,ll34pn,GB,TRUE
C3427,Fiona,Wood,fiona.wood@outlook.com,0794819,2025-08-24,1953-05-09,Aberystwyth,SY1 8HR,United Kingdom,N
C3069,Amelia,Walker,amelia.walker65@hotmail.co.uk,07938366307,04 Jul 2023,"March 12, 1975",Port Talbot,SA11 4RN,United Kingdom,N
C3174,Grace,Griffiths,grace.griffiths@outlook.com,07271 519843,2023-10-30,1980-01-24,Bristol,BS12 4TE,United Kingdom,N
C1485,Leo,Smith,leo.smith@btinternet.com,07478 921163,2023-06-27,1962-11-17,Aberystwyth,,UK,Y
C4967,Noah,Davies,noah.davies@outlook.com,07434156583,2023-10-12,1950-07-20,Liverpool,L14 7TR,UK,0
C5345,Mohammed,Johnson,mohammed.johnson@yahoo.co.uk,07351 488519,2023-11-18,2000-11-19,Manchester,M10 4ND,United Kingdom,No
C5495,Rhys,Patel,rhys.patel90@gmail.com,,2024-12-16,1989-01-07,Leeds,LS11 3XB,U.K.,N
C1372,Connor,Robinson,connor.robinson@hotmail.co.uk,,2024-07-11,1962-09-11,Nottingham,NG10 4HH,UK,FALSE
C2612,Mia,Evans,mia.evans@outlook.com,07402511213,2024-06-07,1964-02-15,Manchester,M13 2LS,United Kingdom,FALSE
C5633,Isla,Robinson,isla.robinson86@gmail.com,07377114770,2026-03-16,1982-02-03,Cardiff,CF1 5LE,United Kingdom,TRUE
C1096,Niamh,Thomas,niamh.thomas78@btinternet.com,07579 096904,2025-04-21,1965-02-26,Belfast,BT5 5HJ,United Kingdom,N
C1247,Leo,Price,leo.price@hotmail.co.uk,07377-264067,2026-02-24,1990-03-01,Aberystwyth,SY18 4BP,United Kingdom,y
C1004,Connor,Lewis,connor.lewis47@gmail.com,07699581381,2025-06-25,10-11-1985,Cardiff,CF14 5NF,england,yes
C5547,Mia,Wood, mia.wood12@icloud.com ,+44 7915 504329,"April 20, 2024",1980-09-13,Liverpool,L4 3QD,UK,
C3708,Zainab,Evans, zainab.evans@hotmail.co.uk ,07152 984126,26/01/2025,1985-09-09,Bangor,LL7 7ZL,GB,Y
C2884,Freya,Ali,freya.ali56@btinternet.com,07778 307544,2023-11-23,2001-08-07,Bath,BA13 3AY,United Kingdom,yes
C3256,Mohammed,Thomas,mohammed.thomas1@yahoo.co.uk,07865701208,31/12/2024,26.10.67,swansea,SA8 1AH,United Kingdom,N
C1223,Ivy,Johnson,ivy.johnson98@icloud.com,07441 610502,2025-02-11,1951-01-14,Exeter,EX8 5LJ,United Kingdom,FALSE
C3266,Ella,O'Brien,,07153 231012,2024-08-12,1981-10-12,Birmingham,B9 3RH,United Kingdom,TRUE
C1619,Jack,Smith,jack.smith28@hotmail.co.uk,07657 207516,2025-06-05,1950-12-14,Edinburgh,EH12 8PU,United Kingdom,Y
C2377,Ella,Griffiths,ella.griffiths@btinternet.com,07217641198,2023-11-07,1989-04-14,Bangor,LL16 9RH,GB,TRUE
C1390,Jack,Thomas,jack.thomas41@outlook.com,07422 272012,05.12.24,14/04/1950,Manchester,M5 6XR,United Kingdom,y
C3828,Callum,Murphy,callum.murphy56@icloud.com,,2023-08-27,1950-04-04,Glasgow,G9 5EB,United Kingdom,No
C4919,Fiona,Khan,fiona.khan6@yahoo.co.uk,07685-839439,2025-06-28,1972-03-05,Sheffield,S9 7RW,United Kingdom,y
C3045,Callum,Green,callum.green50@gmail.com,07761 744878,2025/08/02,1961-05-07,Bristol,BS15 6ZH,United Kingdom,N
C1929,Owen,Khan,"owen.khan74@hotmail.co,uk",07601318079,04-20-2025,1955-04-01,Swansea,SA13 5QG,U.K.,TRUE
C2674,Mia,Edwards,mia.edwards96@gmail.com,+44 7330 302720,2025/05/16,1993-12-03,Nottingham,NG18 2LX,england,Yes
C1103,Katarzyna,Hall,katarzyna.hall90@gmail.com,07701 127388,2024-04-04,1989-11-03,Edinburgh,EH7 9LB,United Kingdom,
C3832,Jack,Singh,jack.singh95@icloud.com,07993 929368,2025/09/30,1992-06-28,Bristol,BS13 3FL,United Kingdom,No
C1850,Amelia,Davies,amelia.davies10@gmail.com,07739 776334,2025-08-21,2002-01-07,London,E15 9NQ,United Kingdom,
C4867,Lily,Davies,lily.davies76@yahoo.co.uk,07491948332,,1998-05-13,Nottingham,NG18 9EX,United Kingdom,0
C5067,Niamh,Thompson,niamh.thompson75@btinternet.com,07159578442,2024-06-20,1959-01-09,Cardiff,CF14 7DU,United Kingdom,0
C5790,Grace,Thomas,grace.thomas78@gmail.com,+44 7396 197868,2024-03-26,"August 30, 1957",Manchester,M12 9EA,United Kingdom,FALSE
C4728,Ava,Johnson,ava.johnson98@outlook.com,07647 246954,2025-03-17,1959-05-09,Leeds,LS20 9WF,england,0
C4996,Rhys,Robinson,rhys.robinson@yahoo.co.uk,07524-080650,2025-11-30,1954-07-12,Aberystwyth,SY1 1HD,United Kingdom,y
C4619,Leo,Johnson,leo.johnson@outlook.com,07964-493979,2025-04-12,1991-04-10,Birmingham,B15 2QH,United Kingdom,y
C5787,Harry,Murphy,harry.murphy55@btinternet.com,07635015630,2026/02/18,1970-09-26,London,E9 8WU,United Kingdom,0
C3707,Sean,Williams,sean.williams79@outlook.com,07232 830975,2025-09-13,1996-04-01,Sheffield,S5 1BS,Wales,FALSE
C2864,Rhys,Murphy,rhys.murphy69@btinternet.com,+44 7315 835250,"April 18, 2025",1957-03-16,Leeds,LS18 5ZQ,UK,y
C3932,Ava,O'Brien,ava.obrien@hotmail.co.uk,07134-847004,2024-09-10,1957-08-26,Cardiff,CF16 1SP,U.K.,TRUE
C5124,Mohammed,O'Brien,mohammed.obrien79@btinternet.com,07849124222,12.09.25,25.08.79,Liverpool,L18 8ZA,GB,
C6026,mohammed,Williams,mohammed.williams88@outlook.com,+44 7902 994849,2026-08-10,1975-03-06,Liverpool,L16 9TW,United Kingdom,0
C1789,Mia,Roberts,mia.roberts97@outlook.com,07174993426,2024-08-19,"July 18, 1976",Leeds,LS3 1AA,United Kingdom,No
C6149,SEAN,Johnson,sean.johnson79@btinternet.com,07815-502155,19/09/2025,1995-01-11,Aberystwyth,SY20 4LF,UK,0
C5058,Harry,Lewis,harry.lewis24@hotmail.co.uk,,2026-06-03,1974-02-22,Belfast,BT15 2RS,United Kingdom,FALSE
C3809,Mia,Robinson,mia.robinson17@hotmail.co.uk,07122 746997,2025-03-23,1952-03-31,Aberystwyth,SY15 3UL,United Kingdom,N
C2119,Sophie,Morgan,sophie.morgan@gmail.com,07338785061,2023-07-05,1994-11-08,london,e52pg,,no
C5256,Arthur,Smith,arthur.smith36@yahoo.co.uk,+44 7668 164193,05.05.26,,Aberystwyth,SY3 2ER,United Kingdom,FALSE
C1036,Sean,McDonald,,07116290278,2025/08/21,05 Feb 1952,Aberystwyth,,United Kingdom,FALSE
C5351,Harry,Nowak,harry.nowak85@gmail.com,+44 7731 477511,2025/06/07,1958-05-01,Swansea,SA17 4JN,GB,Y
C5136,Lily,Taylor,lily.taylor73@yahoo.co.uk,07686 275325,2025-09-12,1988-01-30,Cardiff,CF2 7YN,United Kingdom,no
C5335,Ava,Evans,ava.evans@outlook.com,07750506062,2025-03-08,"July 30, 1987",Cardiff,CF4 3SN,United Kingdom,y
C4107,Aisha,Walker,aisha.walker52@yahoo.co.uk,07838749734,2023-09-29,06/08/1973,Aberystwyth,SY9 5QZ,United Kingdom,no
C3468,Ella,Edwards,ella.edwards91@hotmail.co.uk,07274953187,2024-05-10,1963-07-11,Bristol,BS8 1BF,Great Britain,Yes
C2357,Lily,Hall,lily.hall74@yahoo.co.uk,07653733247,2024-09-22,1976-07-25,Swansea,SA3 4GW,UK,y
C5758,Ravi,Wood,ravi.wood76@outlook.com,07338466452,2026-08-16,1971-05-01,London,e37py,UK,Y
C4890,Noah,Johnson,noah.johnson@icloud.com,07731 826979,2025-09-16,1978-04-13,Swansea,SA20 7UJ,United Kingdom,0
C6274,mia,Griffiths,mia.griffiths30@gmail.com,07386 658204,10/12/2023,1956-12-08,Bristol,BS6 1US,United Kingdom,Yes
C5146,Ethan,Morgan,ethan.morgan45@yahoo.co.uk,07680-569673,2023-06-05,,Swansea,sa189tp,GB,FALSE
C4710,Rhys,Green,rhys.green88@gmail.com,,2023-09-24,1971-09-19,Newport,NP3 1HJ,United Kingdom,1
C3482,Jack,Roberts,jack.roberts83@btinternet.com,07634 826071,2025-10-18,1970-06-04,Glasgow,G4 2TR,United Kingdom,Yes
C5504,Oliver,Edwards,oliver.edwards93@icloud.com,07317 494244,2025-07-14,1989-02-03,Edinburg,EH19 2QY,england,1
C6228,LEO,Robinson,leo.robinson@gmail.com,07455-671247,2024-06-29,1985-02-22,Glasgow,g142lr,UK,y
C1404,Aisha,Johnson,aisha.johnson80@icloud.com,07790 508187,2025/02/13,"November 20, 2003",Bangor,LL11 9UF,Great Britain,N
C2505,Mia,Wood,mia.wood@outlook.com,,2024-12-28,1958-11-17,Belfast,BT15 4AR,United Kingdom,Yes
C6050,Isla ,Morgan,ISLA.MORGAN82@BTINTERNET.COM,07921 083186,2026-06-05,07 Oct 1962,,E9 4HW,United Kingdom,Y
C3776,Bethan,Khan,bethan.khan81@yahoo.co.uk,+44 7302 682501,2024-09-23,1989-04-04,Glasgow,G4 1UX,UK,FALSE
C2858,Ella,Lewis,ella.lewis99@icloud.com,+44 7719 531427,2023-06-11,1951-06-29,Cardiff,CF12 3TW,U.K.,No
C1753,Niamh,Morgan,niamh.morgan31@outlook.com,07129 096280,2025-11-25,1991-06-11,Cardiff,CF5 6RE,UK,1
C3073,Arthur,Jones,arthur.jones49@hotmail.co.uk,+44 7434 781981,2026-08-25,1958-01-28,Sheffield,S1 8HW,Great Britain,Yes
C3348,Ava,Davies,ava.davies@yahoo.co.uk,07265 838362,2024-06-09,1976-09-20,Leeds,LS5 5AD,GB,No
C4639,Harry,Johnson,harry.johnson@yahoo.co.uk,07904 386147,2026-08-29,04.05.02,Liverpool,L18 6TR,UK,y
C2185,Bethan,Walker,bethan.walker@icloud.com,+44 7665 267297,2026-02-06,1967-10-30,Edinburgh,EH7 6YH,GB,Y
C4706,Jack,Green,"jack.green45@icloud,com",+44 7564 758602,2024-05-25,1988-07-13,Bath,BA2 7GL,United Kingdom,Yes
C4018,Seren,Smith,seren.smith@icloud.com,+44 7426 825476,0000-00-00,1991-03-21,Sheffield,S17 7HT,GB,
C2277,George,Griffiths,george.griffiths22@yahoo.co.uk,07128 435355,2023-06-20,1996-05-04,Leeds,LS1 3LW,United Kingdom,Yes
C2330,Seren,Walker,seren.walker9@gmail.com,07868 926791,23.06.24,1979-06-29,Edinburgh,EH8 2SQ,United Kingdom,0
C3605,Seren,Morgan,seren.morgan@hotmail.co.uk,07484474651,2024-05-16,1980-06-13,Port Talbot,sa101hg,england,0
C2323,Leo,Ali,leo.ali91@icloud.com,07761161382,2023-10-01,08-31-1957,Bristol,BS12 1AT,United Kingdom,No
C1741,Bethan,Lewis,bethan.lewis@yahoo.co.uk,07295792361,2026-09-10,2003-03-20,Sheffield,S7 1FA,UK,
C4891,Freya,Roberts,freya.roberts78@icloud.com,07282 998649,2026-08-15,1987-11-17,Newport,NP16 5RF,UK,1
C1436,Dylan,Evans,dylan.evans98@yahoo.co.uk,07472-615020,06-29-2023,1994-11-20,Newport,NP17 6YL,UK,FALSE
C4259,Arthur,Johnson,arthur.johnson64@yahoo.co.uk,07662 803697,2025-09-22,17/05/1963,Belfast,BT15 1BU,United Kingdom,N
C3587,George,O'Brien,george.obrien9@yahoo.co.uk,+44 7991 876823,2023-06-18,08.05.93,Newport,NP8 3RR,UK,0
C3319,Liam,O'Brien,liam.obrien71@yahoo.co.uk,07326 394482,2026-04-07,05/04/1957,Nottingham,NG4 5JZ,United Kingdom,no
C1121,Mohammed,Murphy,mohammed.murphy72@icloud.com,07426-447662,2025-09-18,1973-09-14,Newport,NP9 7LT,United Kingdom,y
C1823,Mohammed,McDonald,mohammed.mcdonald5@btinternet.com,07560513379,2026-02-11,03.04.93,Exeter,EX16 7WW,United Kingdom,
C2046,Arthur,Hall,arthur.hall@icloud.com,07121 307595,2024-12-08,1978-03-08,Birmingham,B11 8GD,england,1
C5270,Zainab,Thomas,zainab.thomas70@yahoo.co.uk,07319 881663,2026-03-31,1968-06-16,Bristol,BS4 8DD,United Kingdom,N
C1114,Rhys,Robinson,rhys.robinson@hotmail.co.uk,07226479581,"June 21, 2026",1985-08-31,Cardiff,CF10 2ZJ,Wales,no
C3075,Ivy,Patel,ivy.patel41@hotmail.co.uk,+44 7398 280778,2026-01-22,17/10/1991,Swansea,sa163bb,United Kingdom,yes
C3663,Sophie,Jenkins,sophie.jenkins36@hotmail.co.uk,07754802229,30.01.26,1900-01-01,Belfast,BT3 4FF,United Kingdom,yes
C5764,Chloe,Ali,chloe.ali88@hotmail.co.uk,,2025-05-08,1975-05-05,Sheffield,S16 2LS,UK,yes
C5278,George,Khan,george.khan88@yahoo.co.uk,07525-142529,2024-09-03,1951-08-09,Bath,BA1 9AF,United Kingdom,Y
C2605,Oliver,Jones,oliver.jones@outlook.com,074971,08-24-2023,13/03/1961,London,E8 8NH,United Kingdom,TRUE
C2742,Rhys,Edwards,rhys.edwards82@hotmail.co.uk,07742 258516,2026-01-08,1999-10-20,Aberystwyth,SY7 7EA,United Kingdom,no
C4300,Harry,Lewis,harry.lewis87@gmail.com,07781 746345,2025-04-20,1954-06-13,Bangor,LL14 9HE,UK,y
C5860,Arthur,McDonald,arthur.mcdonald61@yahoo.co.uk,07924 304783,2024-10-19,1951-12-01,Nottingham,NG18 4ZP,U.K.,no
C6134,AISHA,Thompson,AISHA.THOMPSON@GMAIL.COM,07431 970680,09.05.25,1967-03-25,Belfast,BT11 3DT,UK,yes
C2306,Ella,Thompson,ella.thompson62@yahoo.co.uk,07485 677502,2025-10-14,1977-07-07,London,E6 4ZT,United Kingdom,no
C5066,Harry,Murphy,harry.murphy@gmail.com,07572 884584,2026-03-31,1999-03-12,Liverpool,L17 6JP,United Kingdom,N
C1009,Ravi,Thompson,ravi.thompson@hotmail.co.uk,07569842580,TBC,2003-08-02,Birmingham,B14 5FS,United Kingdom,Y
C3656,Megan,Morgan,megan.morgan77@icloud.com,07103-079363,2024-09-17,2001-03-05,Liverpool,L6 1HN,UK,N
C4316,Sean,Evans,sean.evans76@yahoo.co.uk,0789386,2026-07-27,2003-09-13,Glasgow,G18 6QF,United Kingdom,No
C2366,Niamh,Walker,niamh.walker@icloud.com,07945 088773,2023/07/15,1972-09-24,Liverpool,L16 4HF,United Kingdom,Y
C1461,Grace,Murphy,grace.murphy@icloud.com,0777114,2024-05-27,1994-08-01,Swansea,SA8 7ZT,United Kingdom,No
C1307,Gareth,Morgan,gareth.morgan@yahoo.co.uk,07191 263523,2026-06-25,1954-04-17,London,E1 7TE,United Kingdom,0
C1539,Leo,Walker,leo.walker71@outlook.com,+44 7366 488641,2025-03-11,1978-08-15,Port Talbot,SA18 9YG,United Kingdom,y
C5977,Dylan,O'Brien,dylan.obrien52@hotmail.co.uk,07123 199285,2025-06-19,08.01.65,Wrexham,LL10 9AD,United Kingdom,No
C6136,RAVI,Nowak,ravi.nowak98@yahoo.co.uk,07600 474738,2024-12-01,1956-01-22,Manchester,M10 7TU,United Kingdom,no
C1905,Priya,Johnson,priya.johnson@icloud.com,07658789366,2023-12-05,1966-11-21,Leeds,LS14 3AG,United Kingdom,Yes
C6276,Tomasz ,Walker,tomasz.walker@hotmail.co.uk,07555 453771,14.10.25,1955-01-18,Swansea,SA16 1LA,United Kingdom,Y
C2151,Sean,Hall,sean.hall71@outlook.com,07990 689444,2024-11-07,08-16-1972,Birmingham,B20 7FD,,yes
C5572,Cerys,Roberts,cerys.roberts@yahoo.co.uk,,11.09.25,1950-08-06,Bangor,LL13 6PE,United Kingdom,y
C5677,Tomasz,Wood,tomasz.wood94@hotmail.co.uk,07977563367,22/02/2024,06/06/1980,Bath,BA4 5AF,United Kingdom,yes
C5920,Ravi,Thompson,ravi.thompson@btinternet.com,07403 652250,2025-12-30,31/03/2000,Bath,BA9 1WH,england,yes
C4713,Leo,Price,leo.price46btinternet.com,+44 7797 964945,2024-11-03,1985-01-13,Nottingham,NG7 3RS,UK,yes
C4990,Sophie,Smith,sophie.smith44@btinternet.com,07197-270645,2026-02-25,10/10/1998,Bath,,United Kingdom,no
C1997,Fiona,Jenkins,fiona.jenkins@outlook.com,07925-673110,2024-10-29,1959-01-12,Newport,NP12 5XN,UK,Yes
C4398,Ivy,Patel,ivy.patel93@yahoo.co.uk,07681621717,23/01/2025,1968-01-29,,LS4 5YU,United Kingdom,No
C3307,Lily,Griffiths,lily.griffiths@hotmail.co.uk,0728154,2026-07-10,1963-01-29,Belfast,BT19 2FP,UK,yes
C3116,Fiona,Evans,fiona.evans87@hotmail.co.uk,07141-649263,2026-05-26,1977-10-26,Leeds,LS8 3AG,UK,y
C1595,Bethan,Nowak,bethan.nowak@btinternet.com,07980111129,2026-05-04,1979-02-26,Leeds,LS16 8PR,Great Britain,y
C4610,George,Nowak,george.nowak@btinternet.com,07695 861392,24.09.25,1993-05-01,Swansea,SA16 7QX,United Kingdom,Y
C4709,Mohammed,Murphy,mohammed.murphy93@outlook.com,+44 7466 602558,2024-01-30,,Cardiff,CF17 5NZ,GB,FALSE
C2746,Bethan,Green,bethan.green77@gmail.com,+44 7925 922949,01/07/2025,,Bangor,LL14 6EH,GB,Yes
C3027,Arthur,Khan,arthur.khan90@hotmail.co.uk,07829 200406,2023/10/04,1968-12-29,Bangor,LL10 2GL,United Kingdom,yes
C2525,Chloe,Evans,chloe.evans50@gmail.com,,2023-07-06,1952-07-11,Cardiff,CF6 9DJ,United Kingdom,yes
C2682,Bethan,Patel,bethan.patel@outlook.com,07262898215,2025-03-06,01-05-1971,Nottingham,NG11 6FY,United Kingdom,FALSE
C6250,FREYA,Johnson,freya.johnson40@hotmail.co.uk,07535607574,25/05/2025,1993-04-10,London,e93fl,U.K.,y
C5494,Bethan,Nowak,bethan.nowak21@outlook.com,07836-066657,2023-12-07,1980-04-27,Leeds,LS13 1ZP,GB,No
C2909,Aisha,Nowak,aisha.nowak@icloud.com,+44 7887 417724,24 Jul 2024,1999-09-30,Bristol,BS9 9BB,U.K.,1
C5173,Noah,Robinson,noah.robinson25@hotmail.co.uk,+44 7410 438389,"December 31, 2025",1969-12-10,Newport,NP6 2YD,UK,no
C1140,Rhys,Thomas,rhys.thomas72@icloud.com,+44 7738 300926,06 Jun 2025,1962-02-20,Manchester,M18 4NR,UK,no
C3231,Priya,Price, priya.price23@btinternet.com ,,"December 19, 2025",1992-07-10,Manchester,M9 8FJ,United Kingdom,Y
C5960,Arthur,Price,arthur.price@icloud.com,07101 794639,2026-04-27,1983-02-24,Wrexham,LL6 3UG,UK,FALSE
C5857,Mohammed,Murphy,mohammed.murphy80@gmail.com,07396 701245,17 Jun 2023,2002-07-06,Birmingham,b81ze,United Kingdom,1
C5458,Noah,Roberts,noah.roberts18@outlook.com,07854902949,2024-12-25,1951-08-08,Bath,BA13 2SG,GB,no
C6025,fiona,Price,fiona.price@yahoo.co.uk,+44 7484 829195,06-11-2026,10-12-1958,Belfast,BT5 9RF,U.K.,1
C3840,Megan,Williams,megan.williams97@yahoo.co.uk,+44 7124 165954,24.08.24,1977-01-23,Bath,BA12 1DA,United Kingdom,y
C1946,Ivy,Roberts,ivy.roberts@outlook.com,,19/07/2026,2031-04-12,Newport,NP2 2FL,U.K.,N
C1532,Isla,Evans,isla.evans95@yahoo.co.uk,07234 736330,03-14-2025,2001-04-21,Liverpool,l182sz,GB,Yes
C5897,Leo,Jenkins,leo.jenkins79@btinternet.com,+44 7483 491247,2025-05-31,1979-10-16,Birmingham,B5 4BE,Wales,Y
C2764,Katarzyna,Evans,katarzyna.evans@gmail.com,07627 520515,2025-12-13,1981-11-10,Sheffield,S10 4SG,UK,
C1794,Priya,Hall,priya.hall63@btinternet.com,0733777,25.12.24,1959-08-21,Belfast,BT2 1ED,United Kingdom,yes
C3801,Megan,Edwards,megan.edwards@yahoo.co.uk,,23.08.25,1953-12-19,Nottingham,ng116ph,United Kingdom,0
C4543,Amelia,Johnson,amelia.johnson49@gmail.com,07816522796,2024-07-17,1964-11-06,Port Talbot,SA9 1NU,UK,No
C2440,Isla,Hughes,isla.hughes@btinternet.com,07342 565591,2025-06-23,1992-09-02,Glasgow,G16 7TD,United Kingdom,FALSE
C5283,Fiona,Singh,fiona.singh86@yahoo.co.uk,07170 385883,2026-06-15,"July 10, 1956",Liverpool,L1 4ZJ,United Kingdom,TRUE
C3293,George,Murphy,george.murphy79@btinternet.com,07774631969,2023-07-06,04-12-1975,Bath,BA6 1AT,United Kingdom,No
C3024,Seren,Patel,seren.patel@icloud.com,07644209231,2023-10-24,2003-02-28,Bangor,LL6 1GJ,,yes
C4666,Grace,Davies,grace.davies@btinternet.com,07884 763433,2024-12-17,1959-06-25,Bath,BA14 2GZ,GB,1
C3338,Noah,Hall,noah.hall@outlook.com,07236 985442,2024-02-15,1993-07-01,Glasgow,G10 1SP,england,y
C4994,Liam,Smith,liam.smith74@gmail.com,07828 088090,2026-04-11,1992-07-04,Aberystwyth,SY20 7AF,United Kingdom,1
C3306,Seren,Singh,seren.singh62@outlook.com,07241 798277,2024-09-01,1991-05-03,Bristol,BS4 4PL,U.K.,0
C2785,Grace,Morgan,,07785 944708,2024-07-08,1979-03-08,Swansea,SA1 2GL,UK,TRUE
C3619,Ivy,O'Brien,ivy.obrien69@hotmail.co.uk,07378202342,2025-01-23,1957-10-15,Bristol,BS3 9YL,United Kingdom,yes
C5280,Sophie,Davies,sophie.davies95@gmail.com,0716722,TBC,2002-02-20,Bristol,BS12 7PF,United Kingdom,Y
C4756,Amelia,Khan,amelia.khan@yahoo.co.uk,07241 412437,2025-12-01,30/06/2004,Leeds,LS15 8DF,United Kingdom,0
C6137,IVY,Patel,ivy.patel93@yahoo.co.uk,07681621717,2025-02-25,1968-01-29,Leeds,LS14 6QR,england,Yes
C1394,Ella,Khan,ella.khan@hotmail.co.uk,07614 153586,2026-03-24,1966-01-23,Edinburgh,EH11 7SD,United Kingdom,
C5881,Zainab,Roberts,zainab.roberts89@hotmail.co.uk,07340 149990,10-20-2025,1989-09-02,Belfast,BT16 9ES,United Kingdom,0
C4211,Bethan,Robinson,bethan.robinson81@yahoo.co.uk,07375 204605,2024-04-20,1957-08-25,Cardiff,cf101ut,United Kingdom,
C1583,Leo,Williams,leo.williams71@gmail.com,+44 7231 545668,2025-07-08,1987-08-08,London,E7 1ZW,United Kingdom,No
C4459,Seren,Nowak,seren.nowak89@outlook.com,07470 134810,2026-08-03,24/03/1976,Edinburgh,EH10 4EZ,GB,yes
C4220,Lily,Murphy,lily.murphy49@icloud.com,,2024/01/17,1974-05-02,Sheffield,S11 2LS,United Kingdom,
C6082,jack,Green,JACK.GREEN34@OUTLOOK.COM,07596 005074,2025-02-23,1971-03-26,Belfast,BT16 3HB,United Kingdom,0
C3503,Priya,Hall,,07437 587248,2026-02-16,2001-12-07,Leeds,LS13 9YA,england,Yes
C5551,Chloe,Ali,chloe.ali93@yahoo.co.uk,07511159213,10 May 2025,1966-10-16,Aberystwyth,SY20 6ZJ,UK,y
C4760,Arthur,Hall,arthur.hall21@hotmail.co.uk,07952020264,2026-03-13,24.07.05,Edinburgh,eh144gs,United Kingdom,0
C2418,Niamh,Wood,niamh.wood16@outlook.com,07215-807108,2025-08-07,1951-01-20,Nottingham,NG9 5XF,United Kingdom,no
C1523,Ivy,Patel,ivy.patel62@outlook.com,07614 935045,31 Dec 2024,1993-11-22,Wrexham,LL11 5HX,United Kingdom,Yes
C3842,Tomasz,Edwards,tomasz.edwards98@icloud.com,,30/08/2023,31.07.96,Belfast,BT1 6PG,Great Britain,Y
C4496,Amelia,Murphy,amelia.murphy95@btinternet.com,07438 056597,2026-03-04,21/07/1995,Liverpool,l192ar,United Kingdom,y
C4193,Jack,Lewis,,07696 676043,2026-08-11,1988-08-29,Leeds,LS20 9RQ,United Kingdom,FALSE
C1847,Harry,Thompson,harry.thompson90@icloud.com,07334 633750,2023/11/11,1994/01/21,London,e24az,Great Britain,0
C4638,Liam,Murphy,liam.murphy@gmail.com,,11 Jul 2024,1900-01-01,London,E1 2AD,U.K.,TRUE
C3702,Ivy,Williams,ivy.williams99@outlook.com,0771020,2025-06-23,19.05.62,Exeter,EX17 5FA,United Kingdom,Y
C4648,Dylan,Price,dylan.price@hotmail.co.uk,07159 747174,12.07.25,1961-02-04,Port Talbot,SA10 8EP,UK,No
C2958,Ella,Griffiths,ella.griffiths34@icloud.com,,2024-08-30,"January 08, 1988",Belfast,BT17 1JH,UK,TRUE
C1778,Niamh,Ali,niamh.ali78@outlook.com,0713923,2026-08-21,,Sheffield,S13 1XT,United Kingdom,FALSE
C1110,Ethan,Hughes,ethan.hughes39@hotmail.co.uk,,2026-07-25,1997-12-26,,L8 7HH,United Kingdom,1
C4111,Katarzyna,Murphy,katarzyna.murphy@yahoo.co.uk,07141 682630,2025-10-29,2031-04-12,Edinburgh,EH8 7UR,United Kingdom,Yes
C3310,Grace,Ali,grace.ali96@outlook.com,0757652,"September 11, 2026",1987-02-04,Aberystwyth,SY3 8FA,United Kingdom,
C5292,Priya,Patel,priya.patel@hotmail.co.uk,07251 671124,2023-06-29,1992-08-31,Leeds,LS13 8TD,United Kingdom,TRUE
C1875,Dylan,Wood,dylan.wood86@yahoo.co.uk,07524427115,2026-05-07,1971-05-23,Bangor,LL13 9XX,United Kingdom,Yes
C1809,Lily,Edwards,lily.edwards60@yahoo.co.uk,07230 753157,03 Mar 2026,1952-12-19,Nottingham,NG7 7WY,United Kingdom,TRUE
C4538,Liam,Williams,liam.williams52@btinternet.com,07960 534926,"May 22, 2024",1973-11-29,Swansea,SA3 9FU,U.K.,0
C4102,Grace,Roberts,grace.roberts42@yahoo.co.uk,07137 722134,2023-12-06,1961-02-09,BIRMINGHAM,b62uj,,No
C1167,Katarzyna,Khan,katarzyna.khan89@hotmail.co.uk,07827 649067,2025-04-25,2002-06-12,Cardiff,CF4 3UZ,United Kingdom,no
C3377,Liam,Ali,liam.ali@hotmail.co.uk,+44 7694 704961,2026-03-24,1951-06-16,Exeter,EX6 8GL,Great Britain,y
C3453,Leo,Davies,leo.davies83@btinternet.com,07440 015513,2024-05-26,1954/06/22,Belfast,BT15 3ZA,,N
C1817,Tomasz,Edwards,tomasz.edwards36@btinternet.com,07748 067269,2024-11-02,2000-10-30,Port Talbot,SA17 1TQ,United Kingdom,yes
C3900,Tomasz,Thompson,tomasz.thompson7@yahoo.co.uk,0750919,06-06-2023,11-18-1950,Birmingham,B2 1DE,United Kingdom,Y
C4454,Oliver,Jenkins,oliver.jenkins@hotmail.co.uk,07875 656099,"October 31, 2023",25 May 1951,Belfast,BT10 1JN,GB,FALSE
C4030,Harry,Nowak,"harry.nowak@icloud,com",07812 958580,2024-06-28,03-20-1957,Swansea,SA7 6JG,United Kingdom,N
C5512,Ella,Williams,ella.williams55@outlook.com,07128 706919,21.11.25,1980-06-19,Nottingham,NG16 6BD,United Kingdom,yes
C1100,Megan,Lewis,,07110 029939,2026/08/24,1997-08-30,Bangor,LL5 2EB,,TRUE
C3060,George,Thompson,george.thompson95@outlook.com,07475869500,22/02/2026,2000-11-22,Bristol,BS19 5QX,,
C2563,Bethan,Hughes,bethan.hughes@hotmail.co.uk,,2025-10-21,1957-04-09,Glasgow,g129tp,Wales,no
C6197,seren,Evans,seren.evans@btinternet.com,07682 526057,2024-01-12,1989-11-14,Edinburgh,EH8 9GB,UK,No
C3947,Arthur,Jones,arthur.jones92@btinternet.com,,2024-03-19,02-02-1969,Glasgow,G14 1AD,UK,yes
C3567,Freya,Williams,freya.williams83@icloud.com,+44 7853 986187,2024-04-30,1997-12-01,Newport,NP16 1FU,United Kingdom,no
C1730,Liam,Patel,liam.patel@btinternet.com,07271 869997,2023-06-27,1993-01-05,Manchester,M7 7EA,UK,No
C3558,Leo,Price,leo.price88@icloud.com,07103593299,2025-04-02,2003-08-01,Nottingham,NG8 4NT,United Kingdom,no
C2080,Zainab,Price,zainab.price72@hotmail.co.uk,0720914,2023-11-27,1982-07-24,Birmingham,B18 3JH,United Kingdom,yes
C4040,Leo,McDonald,leo.mcdonald47@gmail.com,07607 686364,2024-11-03,1962-11-30,Cardiff,CF20 8BY,United Kingdom,No
C6281,SEREN,Johnson,seren.johnson21@btinternet.com,07420 712471,2024-08-10,"April 26, 2003",Nottingham,NG2 5LE,United Kingdom,No
C4001,Ravi,Thompson,ravi.thompson32@btinternet.com,0720056,01-23-2024,1951-08-01,,LS15 5ZD,United Kingdom,
C1890,Fiona,Singh,fiona.singh@hotmail.co.uk,07152 875732,29 Nov 2025,1993-06-04,Swansea,SA1 1YG,United Kingdom,TRUE
C4273,Niamh,Jenkins,niamh.jenkins31@icloud.com,07816 996646,2025-09-30,1960-05-06,Nottingham,ng143zj,UK,N
C3764,Mohammed,Taylor,mohammed.taylor15@icloud.com,07715-724908,2023-11-28,1956-04-08,Edinburgh,EH8 3LS,United Kingdom,no
C4146,Chloe,Robinson,chloe.robinson@icloud.com,07869 111938,02 Dec 2024,1995-10-28,London,E8 4GZ,Great Britain,1
C2620,Jack,Williams,jack.williams88@gmail.com,07749632939,2026-08-09,1962-08-09,Birmingham,B20 1EN,United Kingdom,yes
C4563,Cerys,O'Brien,cerys.obrien72@hotmail.co.uk,+44 7895 944632,02-08-2024,2031-04-12,Nottingham,NG17 7FX,United Kingdom,Y
C4177,Bethan,Thompson,bethan.thompson83@icloud.com,07807 601364,2026-07-02,1987-06-28,Exeter,EX2 6QH,United Kingdom,Y
C2810,Chloe,Williams,chloe.williams16@icloud.com,07939 923755,2024-05-03,1971-08-28,Leeds,LS3 1PW,United Kingdom,1
C3438,Ella,Smith,ella.smith42hotmail.co.uk,07878-849271,2026-09-09,1988-10-06,,EX8 4WD,United Kingdom,1
C3876,Dylan,Williams,dylan.williams78@yahoo.co.uk,07847752870,05.11.24,1982-04-21,Swansea,SA13 3HW,United Kingdom,1
C1643,Megan,Hughes,megan.hughes@outlook.com,07331 501000,2023-12-25,1982-07-04,Liverpool,L19 9QU,United Kingdom,yes
C5490,Callum,Murphy,callum.murphy24@yahoo.co.uk,+44 7857 759060,08-10-2023,31/12/2005,Exeter,EX18 3WD,United Kingdom,yes
C5598,Grace,Singh,grace.singh95@icloud.com,+44 7576 497826,2023-07-11,1976-07-12,Port Talbot,SA10 6GH,U.K.,y
C4267,Ivy,Hughes,ivy.hughes@yahoo.co.uk,07780 150945,03 Jan 2024,1993-11-20,Bangor,LL1 4EQ,United Kingdom,TRUE
C5702,Oliver,Edwards,oliver.edwards4@icloud.com,07263588912,29/06/2024,03/11/2004,Leeds,LS13 9HT,GB,
C2857,Cerys,Hughes,cerys.hughes@outlook.com,+44 7174 224746,2026-05-01,"November 18, 1961",Birmingham,B12 2PL,United Kingdom,N
C3411,Dylan,Evans,dylan.evans@gmail.com,07993 598457,08/06/2025,1958-05-13,Sheffield,S4 8JX,United Kingdom,Y
C5543,Noah,Ali,noah.ali@icloud.com,07302349448,2024-01-14,,,L6 6LT,Wales,yes
C5678,Ravi,Lewis,ravi.lewis93@hotmail.co.uk,07197-170725,2025-03-31,2000-02-07,Newport,np115ud,UK,y
C4705,Sophie,Morgan,sophie.morgan71@btinternet.com,07134112401,26.04.25,2031-04-12,Aberystwyth,SY19 5PA,Great Britain,0
C5898,Niamh,Griffiths,niamh.griffiths95@icloud.com,07496 378245,2025-08-26,29.11.75,London,E9 9WP,U.K.,
C3577,Ravi,Morgan,ravi.morgan95@gmail.com,,2025-06-02,1968-12-29,Cardiff,CF14 2BZ,UK,Y
C1768,Harry,Smith,harry.smith@icloud.com,+44 7848 498503,12-19-2024,1988-08-18,Nottingham,NG5 9JA,United Kingdom,No
C5465,Freya,Green,freya.green@outlook.com,07135 310266,2025-09-02,1964-10-08,Belfast,BT2 8QQ,Wales,
C2667,Jack,Thomas,jack.thomas73@yahoo.co.uk,07694 345969,2026-01-20,04 Aug 1954,CARDIFF,CF19 7LZ,United Kingdom,1
C4532,George,Hughes,george.hughes58@outlook.com,0737056,2023-07-05,1974-04-22,Swanzea,SA10 9ST,United Kingdom,Yes
C1457,Mia,Robinson,mia.robinson81@btinternet.com,07582185555,2026-08-14,1974-04-07,Newport,NP16 2HR,United Kingdom,Y
C2097,Zainab,Murphy,zainab.murphy@icloud.com,07162 797224,2023-08-22,1994-02-28,Nottingham,NG15 5YR,United Kingdom,yes
C3210,Rhys,Price,rhys.price93@yahoo.co.uk,,2023-06-23,1959-05-15,Manchester,M15 6BW,england,1
C3096,Owen,Jones,owen.jones71@outlook.com,07720489784,2024-02-18,1968-03-25,Exeter,EX11 6XL,United Kingdom,No
C2967,Liam,Hall,liam.hall92@btinternet.com,07311100155,2025-10-02,2002-03-26,Edinburgh,EH13 8HB,U.K.,no
C3258,Liam,Edwards,liam.edwards17@hotmail.co.uk,,2026-09-05,1952-12-29,Manchestor,M2 9HQ,United Kingdom,no
C3245,Chloe,Green,chloe.green76@hotmail.co.uk,07535526241,2025-10-04,1999-10-30,Port Talbot,SA12 4EN,Great Britain,y
C3343,Harry,Lewis,harry.lewisbtinternet.com,,27 Jul 2023,1967-02-13,Manchestor,,United Kingdom,FALSE
C1700,Freya,O'Brien,freya.obrien74@icloud.com,,2025-09-09,1952-10-27,Cardiff,CF18 4RZ,United Kingdom,FALSE
C1044,Priya,Edwards,priya.edwards@hotmail.co.uk,07441 574085,2024-04-19,1984-12-01,Belfast,BT12 6TJ,Great Britain,N
C1508,Owen,Khan,owen.khan97@outlook.com,07893-366246,2024-09-20,1962-10-13,Belfast,BT7 8EL,United Kingdom,No
C1284,Katarzyna,Hall,katarzyna.hall84@yahoo.co.uk,07537640559,2024-07-31,1985-03-07,Exeter,ex132tw,United Kingdom,yes
C1566,Owen,O'Brien,owen.obrien96@gmail.com,07682475796,2025-04-07,26.02.82,Londn,E3 9XQ,UK,Yes
C3871,Connor,Walker, connor.walker70@icloud.com ,07652 938968,2026-05-16,2000-01-29,Sheffield,S14 3SH,United Kingdom,1
C6105,fiona,Morgan,FIONA.MORGAN@OUTLOOK.COM,07463982857,2024-12-04,"February 24, 1959",Edinburg,EH5 9DE,UK,y
C3767,Ava,Roberts,ava.roberts81@icloud.com,0743652,2025-08-15,1998-09-23,Exeter,EX11 5PS,UK,
C3140,Sophie,Thomas,sophie.thomas83@yahoo.co.uk,07514 287851,2026-06-29,1975-10-01,Bristol,bs17hd,United Kingdom,Y
C4977,Cerys,Taylor,cerys.taylor31@gmail.com,07936 387136,2023-11-03,07.02.88,Cardiff,CF14 7RL,United Kingdom,
C5618,Megan,Price,megan.price84@outlook.com,07643018527,2025-06-27,1991-06-14,Birmingham,,United Kingdom,
C1306,Isla,Morgan,isla.morgan@gmail.com,07443961380,2025-07-25,1979/03/30,Port Talbot,SA9 4FY,U.K.,FALSE
C1502,Amelia,Jones,amelia.jones42@yahoo.co.uk,07613 386934,2024-03-19,05-31-1951,Sheffield,S2 1PR,United Kingdom,0
C3582,Aisha,Griffiths,aisha.griffiths@icloud.com,07929-418270,2023-08-13,1956-02-19,Wrexham,,United Kingdom,Y
C4402,Dylan,Griffiths,dylan.griffiths4@gmail.com,07720 173302,2025-06-21,1987-04-22,Aberystwyth,SY11 9EF,UK,N
C1107,Fiona,O'Brien,fiona.obrien89@outlook.com,+44 7651 396400,,1998-09-16,Aberystwyth,SY9 6AR,United Kingdom,Y
C1135,Leo,Thompson,leo.thompson84@icloud.com,07310 336981,2024-12-04,11/07/1963,Birmingham,B4 5ZE,United Kingdom,y
C4423,Callum,Hall,callum.hall75@yahoo.co.uk,+44 7719 419758,2026-09-05,1971-04-04,Nottingham,NG10 6YL,UK,yes
C6006,liam,Ali,LIAM.ALI52@YAHOO.CO.UK,07246 060611,2025-01-07,1998-07-21,Wrexham,LL15 2JW,United Kingdom,Y
C3945,Harry,Murphy,harry.murphy@hotmail.co.uk,+44 7589 319331,2024-12-17,1963/11/09,Manchester,M6 5BF,United Kingdom,y
C3883,Priya,Thomas,priya.thomas@btinternet.com,0734257,2023-12-19,1955-10-07,Port Talbot,SA17 7RB,UK,TRUE
C5078,Tomasz,Hughes,tomasz.hughes76@gmail.com,07702514613,2023-11-20,2005-10-25,Londn,e69yz,United Kingdom,no
C1237,Aisha,Walker,aisha.walker@btinternet.com,07468 799333,2025-04-25,1983-05-20,Nottingham,NG13 6RF,United Kingdom,1
C4239,Arthur,Walker,arthur.walker88@icloud.com,07162842649,2025-03-09,2000-03-10,Swansea,SA15 6HQ,england,TRUE
C3635,Fiona,Thomas,fiona.thomas2@icloud.com,+44 7485 359463,2024-04-23,2002-03-08,London,E18 2WQ,United Kingdom,Yes
C1746,Ella,Wood,ella.wood35@btinternet.com,07890 067404,"September 09, 2025",1954-02-02,Sheffield,S13 7GE,United Kingdom,0
C3639,Chloe,Morgan,chloe.morgan76@btinternet.com,07140 671511,2025-10-05,1966-07-06,Manchester,M18 4SW,UK,1
C2147,Liam,Johnson,liam.johnson95@outlook.com,07559 243204,11-03-2023,,London,e158su,United Kingdom,Y
C5786,Jack,Green,jack.green71@yahoo.co.uk,,01-12-2026,1978-02-11,Swansea,SA1 2GE,United Kingdom,
C3615,Arthur,Morgan,arthur.morgan@gmail.com,07901572786,2024-01-27,1988-12-03,Leeds,LS3 9GL,UK,FALSE
C2710,Megan,Smith,megan.smith@gmail.com,+44 7686 809195,2025-08-24,21.05.55,Edinburgh,EH15 8SQ,UK,FALSE
C3614,Ravi,Patel,ravi.patel42@hotmail.co.uk,07295 336158,2025-05-29,1900-01-01,Aberystwyth,SY18 9LG,United Kingdom,yes
C3067,Ivy,Taylor,ivy.taylor@btinternet.com,07118394869,2023-06-19,1991-01-24,Cardiff,CF4 4SN,United Kingdom,Y
C3184,Fiona,Thompson,fiona.thompson64@outlook.com,07235150420,"August 05, 2023",05.05.82,Cardiff,CF15 3XA,U.K.,
C2013,Owen,Smith,owen.smith91@icloud.com,07532 096006,2025-09-17,1988-01-11,Bristol,BS18 3EE,United Kingdom,Yes
C4444,Freya,Thomas,freya.thomas70@yahoo.co.uk,07521 906880,2026-06-17,22.05.01,Port Talbot,SA14 4UR,United Kingdom,yes
C4872,Sean,Evans,sean.evans@outlook.com,,2026-06-21,1968-01-03,Belfast,BT13 6JQ,United Kingdom,1
C4016,Mohammed,Singh,mohammed.singh@icloud.com,07865 026093,2026-01-25,1981/10/23,Bath,BA3 4AE,Great Britain,N
C4124,Sophie,Taylor,sophie.taylor@icloud.com,0763390,2025-02-13,1962-03-03,Bangor,LL3 7RY,Great Britain,FALSE
C3515,Tomasz,Edwards,tomasz.edwards@outlook.com,+44 7109 844020,2026-06-15,2002-01-17,swansea,SA7 5EU,Wales,
C6242,dylan,Singh,DYLAN.SINGH88@OUTLOOK.COM,07715 838075,2025-02-11,02/08/1970,Bristol,BS17 1YD,United Kingdom,0
C2364,Tomasz,Griffiths,tomasz.griffiths98@btinternet.com,07460-032878,2026-07-19,1977-09-19,Leeds,LS14 8DQ,,0
C4519,Dylan,Wood,dylan.wood73@outlook.com,07945 170057,2024-11-09,1969-12-01,Manchester,M4 8QH,United Kingdom,0
C3909,Connor,Singh,connor.singh83@btinternet.com,07158 241520,04-23-2024,1987-11-30,Birmingham,B4 8NY,United Kingdom,y
C3015,Ava,Evans,ava.evans@outlook.com,07448 885691,2026-06-29,1973-02-27,Liverpool,L19 4SD,United Kingdom,no
C5018,Liam,McDonald,liam.mcdonald13@btinternet.com,+44 7929 909341,"June 23, 2023",1958-03-17,Newport,,United Kingdom,Y
C2112,Jack,Patel,jack.patel19@icloud.com,07480-361742,2024-07-20,1994-12-01,Aberystwyth,SY1 3UU,UK,FALSE
C1149,Cerys,Patel,cerys.patel93@yahoo.co.uk,0785233,04/02/2024,1981-07-02,CARDIFF,CF8 4JD,Great Britain,Y
C2551,Sean,Singh,sean.singh@hotmail.co.uk,07273 882401,14.08.23,1965-06-26,Port Talbot,SA9 9LG,United Kingdom,no
C5884,Fiona,Thomas,fiona.thomas9@outlook.com,+44 7351 439969,2024-01-07,1963-09-18,Glasgow,G12 8DT,UK,no
C5471,Callum,Taylor,callum.taylor70@gmail.com,+44 7656 782136,0000-00-00,2005-12-13,Cardiff,CF16 1BJ,UK,No
C3975,Owen,Hall,owen.hall@btinternet.com,07494 231991,2026-04-16,1985-11-21,Bristol,BS2 4FW,United Kingdom,No
C5055,Lily,Jones,lily.jones@btinternet.com,07279561808,29 Feb 2024,2004-05-01,Wrexham,LL6 5BH,United Kingdom,
C5712,Isla,Walker,isla.walker@gmail.com,+44 7187 950288,2025-08-25,1966-05-12,London,e64de,england,
C4417,Connor,Thompson,connor.thompson46@icloud.com,07391 333399,2025-10-28,,Exeter,EX11 2QX,UK,1
C4722,Fiona,Walker, fiona.walker92@outlook.com ,07710020299,"April 30, 2025",1978-01-04,Aberystwyth,SY14 2UX,UK,N
C4923,Ivy,McDonald,ivy.mcdonald78@outlook.com,07367869841,2026/03/11,2002-12-28,Bath,BA20 7FE,UK,N
C3520,Ivy,Singh,ivy.singh@gmail.com,07487 730237,2024-04-18,1952-10-31,Glasgow,G15 6US,United Kingdom,no
C4560,Chloe,Smith,chloe.smith95@icloud.com,+44 7168 942264,2025-04-20,1998-03-31,Bath,BA7 8BT,United Kingdom,y
C2064,Fiona,Evans,fiona.evans@outlook.com,07405530347,2026-03-07,19.08.00,BIRMINGHAM,B14 6UD,United Kingdom,N
C5312,Arthur,Smith,arthur.smith@yahoo.co.uk,+44 7172 437494,2023-09-19,1985-07-23,Cardiff,CF7 8DJ,United Kingdom,
C6095,chloe,Robinson,chloe.robinson74@yahoo.co.uk,+44 7457 122779,2024-09-21,2003-10-02,Wrexham,LL8 8FJ,United Kingdom,Yes
C4036,Arthur,Walker,arthur.walker74@btinternet.com,07652962752,2023-08-27,20/01/2001,Belfast,BT14 5SU,United Kingdom,0
C5061,Noah,Morgan,noah.morgan@outlook.com,07182 825175,2025-09-23,1957-06-13,Belfast,BT3 7GG,UK,FALSE
C6268,Seren ,Williams,SEREN.WILLIAMS@BTINTERNET.COM,07146-956488,2025-11-29,1972-09-07,Belfast,bt179fg,United Kingdom,Y
C5359,Gareth,Jenkins, gareth.jenkins77@hotmail.co.uk ,07415779756,2024-02-19,1967-05-15,swansea,SA20 6UW,GB,N
C5771,Lily,Roberts,lily.roberts56@btinternet.com,07585 567541,2024-12-31,"November 12, 1954",Bangor,LL2 5AD,U.K.,y
C4373,Niamh,Singh,niamh.singh90@outlook.com,07925 070102,06-11-2023,unknown,Sheffield,,GB,0
C5119,Tomasz,Johnson,tomasz.johnson87@outlook.com,07618 777879,2023-11-27,02 Feb 1979,Bath,BA13 5UX,U.K.,
C2683,Chloe,Murphy,chloe.murphy17@btinternet.com,+44 7605 135522,2023-09-19,1967-01-11,Bangor,LL9 1XY,United Kingdom,N
C1601,Noah,Murphy,noah.murphy15@icloud.com,07440 258641,03-30-2026,1979-02-25,Bath,BA3 7QD,United Kingdom,No
C3050,Katarzyna,Thomas,katarzyna.thomas23@gmail.com,,2026-09-14,1990-08-18,Aberystwyth,SY17 9TQ,United Kingdom,FALSE
C6010,IVY,Robinson,IVY.ROBINSON@GMAIL.COM,07663 920035,2025-04-24,2003-08-30,Aberystwyth,SY6 6UE,U.K.,
C4775,Priya,Thomas,priya.thomas70@hotmail.co.uk,07657503932,2026-04-22,1961-10-21,Port Talbot,SA3 4UD,United Kingdom,yes
C5268,Leo,Nowak,"leo.nowak71@yahoo.co,uk",07213 062249,"April 02, 2024",07/01/1957,Wrexham,LL14 3SE,United Kingdom,no
C1106,Dylan,Morgan,dylan.morgan89@hotmail.co.uk,07335 403871,"September 03, 2024",1959-02-09,Port Talbot,SA2 3GP,United Kingdom,Yes
C2547,Ella,McDonald,ella.mcdonald@yahoo.co.uk,07609 531682,2025-03-02,1979-11-09,Bristol,BS16 7FS,United Kingdom,No
C5092,Mohammed,Walker,mohammed.walker42@btinternet.com,07525 219500,09-14-2023,1986-07-25,Swansea,SA9 3TE,United Kingdom,no
C1078,Oliver,Khan,oliver.khan35@yahoo.co.uk,07210 831868,2025-12-29,1962-05-18,Belfast,BT17 1TJ,United Kingdom,
C1810,Zainab,Morgan,zainab.morgan72@btinternet.com,+44 7204 178228,04.08.24,1978-10-25,london,E14 1XS,U.K.,Y
C3640,Arthur,Singh,arthur.singh16@yahoo.co.uk,07924483042,"August 08, 2025",07-04-1970,Cardiff,CF14 5US,United Kingdom,yes
C4547,Oliver,Lewis,oliver.lewis88@gmail.com,+44 7582 027307,2024-04-14,1968-10-29,Birmingham,B19 5PQ,United Kingdom,TRUE
C5825,Ava,Williams,ava.williams57@yahoo.co.uk,07101446374,29 Jul 2023,2031-04-12,Cardif,CF12 7UL,GB,yes
C2263,Liam,Thomas,liam.thomas@icloud.com,07373 969471,2026-04-12,1997-03-08,Nottingham,NG11 5WZ,United Kingdom,yes
C3009,Noah,Edwards,noah.edwards@gmail.com,07977 461588,2024-10-27,1960-05-06,Swansea,SA2 2LA,United Kingdom,Yes
C3349,Sophie,Patel,sophie.patel76@btinternet.com,07232 395371,"January 15, 2024",1961-12-17,Edinburgh,EH7 4WZ,United Kingdom,1
C4297,Arthur,O'Brien,arthur.obrien@btinternet.com,07445 332776,2023-12-08,1992-10-24,Newport,NP12 2TJ,United Kingdom,FALSE
C1258,Oliver,Jenkins,oliver.jenkins@btinternet.com,07217954082,,1988/02/07,Liverpool,L9 3LN,UK,no
C5707,Zainab,Taylor,zainab.taylor77@yahoo.co.uk,,2026-01-05,1980-01-08,Swansea,SA4 6QA,United Kingdom,No
C2311,Megan,O'Brien,megan.obrien96@hotmail.co.uk,07402 679502,2025-11-06,1974-02-15,Glasgow,g46zn,United Kingdom,FALSE
C4512,Owen,Davies,owen.davies@icloud.com,07220 664309,2023-07-07,1979-06-25,Birmingham,B19 2ZU,UK,N
C6237,rhys,McDonald,rhys.mcdonald@gmail.com,07970 292139,2024-06-16,1957-03-15,Sheffield,,U.K.,Y
C4900,Liam,Jenkins,liam.jenkins@btinternet.com,074015,01-13-2024,1983-01-30,Bangor,LL17 6DQ,UK,No
C4023,Ethan,Green,ethan.green@icloud.com,07592361841,2024/05/18,1982-12-07,Newport,NP18 3NB,U.K.,yes
C4523,Ivy,Walker, ivy.walker@yahoo.co.uk ,07236 144344,2025-08-06,1996-04-15,Bristol,bs205lx,UK,Y
C4404,Chloe,Evans,chloe.evans@yahoo.co.uk,07983 817659,05/04/2024,1950-04-13,Bangor,LL5 4AR,,1
C1613,Chloe,Roberts,chloe.roberts73@icloud.com,07751912125,2023-07-19,1993-09-29,Sheffield,S18 3YT,Great Britain,1
C4408,Harry,Lewis,harry.lewis@outlook.com,07221514409,2025-03-22,09.11.85,Belfast,BT14 5YD,United Kingdom,N
C2611,Noah,Singh,noah.singh@btinternet.com,07204 570922,2024-07-02,2003-09-20,Bristol,bs129dl,GB,FALSE
C1368,Owen,Jones,owen.jones73@btinternet.com,,27 Aug 2025,02 May 1987,Manchester,m77fz,United Kingdom,1
C1377,Megan,Griffiths,megan.griffiths@yahoo.co.uk,+44 7965 273805,2026-03-18,1964-09-18,manchester,M14 9RS,Wales,Y
C5047,Chloe,Smith,chloe.smith@yahoo.co.uk,+44 7464 210005,2025-07-05,1971-07-14,Aberystwyth,SY16 8QF,United Kingdom,
C2076,Leo,Thompson,leo.thompson@yahoo.co.uk,07450786409,2025-02-09,1990-01-15,Nottingham,NG6 5SJ,United Kingdom,0
C3022,Grace,Nowak,grace.nowak87@btinternet.com,0766539,2024-03-05,1951-02-19,Liverpool,L8 6WB,GB,0
C2632,Sean,Davies,sean.davies94@gmail.com,07648192869,2025-06-07,22.07.75,,CF13 9AR,UK,Yes
C3283,Arthur,Robinson,arthur.robinson80@gmail.com,07275387272,2024-08-20,1900-01-01,Birmingham,B18 6SY,UK,1
C1280,Bethan,Green,bethan.green@yahoo.co.uk,07592022495,2025-07-02,1995-03-18,Bristol,BS17 3BS,United Kingdom,no
C1190,Cerys,Morgan,cerys.morgan85@yahoo.co.uk,07505 048333,2025-07-13,1993-07-23,Belfast,BT4 9GW,UK,Yes
C2755,Freya,McDonald,freya.mcdonald92@yahoo.co.uk,07102814545,2026-04-25,1976-12-03,Leeds,LS20 3EL,england,0
C4275,Liam,Morgan, liam.morgan32@gmail.com ,07298299460,2023-06-13,1968-12-26,Exeter,EX3 9LJ,United Kingdom,yes
C3405,Ravi,Nowak,ravi.nowak@btinternet.com,+44 7582 661111,2025-02-09,1990-04-20,Bath,BA4 1PT,United Kingdom,Yes
C2631,Freya,Hughes,freya.hughes88@gmail.com,07239655834,2024-01-16,1964/09/20,London,E5 8EZ,U.K.,Y
C1728,Owen,O'Brien,owen.obrien83@outlook.com,07449 783947,2024-09-27,1976-09-22,Bath,BA20 2TS,United Kingdom,y
C1705,Cerys,Jones,cerys.jones@yahoo.co.uk,07805 085576,2024-02-02,1962-12-11,Port Talbot,SA3 9PF,Wales,FALSE
C2607,Liam,Roberts,liam.roberts92@outlook.com,07139-272815,01-21-2025,1976-12-27,,EX7 1DG,United Kingdom,
C4911,Seren,Walker,seren.walker@gmail.com,07929 055292,2023-08-24,1998-07-08,Cardiff,CF14 7UB,england,N
C4120,Sean,Thompson,sean.thompson99@btinternet.com,+44 7144 883512,17/01/2024,"December 03, 1964",Nottingham,NG20 7HD,United Kingdom,0
C1381,Connor,Taylor,connor.taylor@icloud.com,07969 756819,2024-07-21,1954-04-30,Bristol,BS10 6PS,Great Britain,No
C5497,Harry,Patel,"harry.patel@hotmail.co,uk",07110 139081,2023-06-01,1961-12-19,Swansea,SA4 1JW,United Kingdom,0
C5599,Cerys,Nowak,cerys.nowak@gmail.com,07703 605619,2025-12-25,1991-01-09,Swansea,SA8 6TD,,yes
C2684,Isla,Murphy,isla.murphy86@outlook.com,07413 881636,28.11.23,1971-04-02,Edinburgh,EH15 8UF,United Kingdom,no
C3825,Noah,Price,noah.price@gmail.com,07381 138155,09-08-2024,1975-07-20,Sheffield,S8 5LQ,Wales,1
C4403,Chloe,Green,chloe.green@gmail.com,,2025-11-24,"January 07, 1964",Leeds,LS4 1WD,United Kingdom,
C1531,Gareth,Griffiths,gareth.griffiths48@icloud.com,07931 402453,25.05.25,2031-04-12,Liverpool,L2 9NN,United Kingdom,Y
C4183,Ella,Smith,ella.smith72@gmail.com,07580-641922,2026-02-19,2005-07-22,Birmingham,b207dw,United Kingdom,y
C5581,Dylan,Taylor,dylan.taylor@hotmail.co.uk,07335-447765,2026-06-14,08.05.79,Exeter,EX8 8HU,United Kingdom,N
C2658,Arthur,Morgan,arthur.morgan68@icloud.com,07520-292610,2024-09-15,1953-10-02,Exeter,ex52wj,United Kingdom,Y
C4654,Seren,Lewis,seren.lewis61@outlook.com,07114 326749,2026-06-20,1900-01-01,Exeter,EX11 4GS,United Kingdom,1
C3236,Arthur,Singh,arthur.singh@yahoo.co.uk,07723 864352,04-27-2024,25.09.81,Port Talbot,SA17 3TU,Great Britain,no
C3671,Aisha,Hall,aisha.hall72@hotmail.co.uk,07713 115731,2026-04-23,1973-01-13,Bristol,BS12 1HQ,United Kingdom,0
C4050,Ella,Green,ella.green@hotmail.co.uk,07688 264112,2024-07-07,23/05/2002,Edinburgh,EH17 6GL,United Kingdom,Y
C3709,Liam,Lewis,liam.lewis88@yahoo.co.uk,07792 105324,"May 27, 2026",1968-08-22,Nottingham,NG20 1PR,United Kingdom,No
C1871,Ella,Evans,ella.evans70@yahoo.co.uk,07811638298,2024-11-10,1993-11-03,Aberystwyth,sy177hj,United Kingdom,Y
C3578,Amelia,Hughes,amelia.hughes68@yahoo.co.uk,+44 7622 620999,2023-06-02,1965-02-22,Wrexham,LL5 1WZ,United Kingdom,No
C5470,Dylan,Edwards,dylan.edwards99@gmail.com,07564196873,2025-11-24,1982-11-06,Nottingham,NG18 6AJ,United Kingdom,N
C2160,Fiona,Morgan,fiona.morgan78@icloud.com,07611-621057,2025-10-31,1983-01-02,Sheffield,S13 9WT,United Kingdom,
C3165,Gareth,Patel,gareth.patel81@yahoo.co.uk,,2026/06/19,1981-06-21,Aberystwyth,SY1 7RR,UK,no
C1113,Amelia,Taylor,amelia.taylor85@yahoo.co.uk,07933 164936,2024-08-14,1992-06-04,Leeds,LS4 2YA,,TRUE
C3782,Gareth,Murphy,gareth.murphy89@gmail.com,,2024-04-28,1954-06-09,Bath,BA20 8PF,U.K.,TRUE
C2962,Harry,Thompson,harry.thompson98@hotmail.co.uk,07690 700789,2024-04-28,1960-08-15,Manchester,M12 7JD,United Kingdom,No
C4243,Jack,Johnson,jack.johnson@icloud.com,07175400062,2026-05-16,1966-05-11,Aberystwyth,SY13 9TZ,United Kingdom,Yes
C3843,Sean,Lewis,sean.lewis50@outlook.com,07105 150530,01.09.25,1958-11-09,Wrexham,LL7 2AZ,United Kingdom,TRUE
C2502,George,Singh, george.singh80@yahoo.co.uk ,07133 127631,2026-09-07,1995-07-25,Manchester,M15 2BJ,United Kingdom,N
C5413,Tomasz,Jenkins,tomasz.jenkins70@gmail.com,0785956,2024-02-25,1964-01-23,Bristol,BS8 8HB,Great Britain,N
C1898,Gareth,Hughes,gareth.hughes96@yahoo.co.uk,07223351104,2024-11-30,2005-09-08,Bangor,LL11 8DG,UK,No
C5298,Ella,Singh,ella.singh34@gmail.com,+44 7555 200865,"August 26, 2026",1987-02-08,Port Talbot,SA12 7QB,england,Y
C2597,Amelia,O'Brien,"amelia.obrien@yahoo.co,uk",07478498891,2026-09-08,25.04.55,Nottingham,NG11 6JH,UK,y
C4632,Harry,Evans,harry.evans@yahoo.co.uk,07369-382162,2025-10-21,1979-06-14,Sheffield,S14 1YB,United Kingdom,No
C2473,George,Ali,george.ali80@icloud.com,0711762,2025-04-30,1999-11-27,Birmingham,B13 8PR,UK,FALSE
C5433,Lily,Robinson,lily.robinson73@hotmail.co.uk,07941 005437,2026/06/14,11 Mar 1957,,EH18 5FF,UK,No
C4598,Leo,Murphy,leo.murphy@gmail.com,07958 369905,2024-04-30,1983-11-25,Nottingham,NG11 9SG,United Kingdom,No
C2729,Ava,Price,ava.price9@icloud.com,+44 7732 485816,2023-08-01,2002-06-20,Glasgow,G14 7XU,,0
C2009,Oliver,Murphy,oliver.murphy81@yahoo.co.uk,07979 580841,12 Mar 2024,1995-12-22,Manchestor,M4 2HB,United Kingdom,N
C6143,Connor ,Evans,connor.evans@icloud.com,07641367144,2023-12-18,1955-04-24,Nottingham,NG1 1PN,United Kingdom,No
C2953,Chloe,Hughes,chloe.hughes82@outlook.com,07561 167094,2025-08-25,1959-03-29,Cardiff,CF4 2DP,UK,No
C4986,Ivy,Singh,ivy.singh9@btinternet.com,,2025-06-02,1954-03-09,Aberystwyth,SY11 6XT,GB,Yes
C4426,Owen,Griffiths,owen.griffiths@gmail.com,+44 7987 923411,2026-04-04,1971-10-05,Aberystwyth,SY5 2DY,United Kingdom,No
C1831,Niamh,McDonald,niamh.mcdonald90@btinternet.com,07424 732239,2025-06-07,29/10/1973,Bangor,LL12 1TJ,United Kingdom,TRUE
C1647,Liam,Hall,liam.hall20@gmail.com,0720709,2024-03-16,2003-05-29,Exeter,,United Kingdom,1
C1620,Dylan,Ali, dylan.ali@gmail.com ,07294 834068,2024-03-25,1990-04-25,Bristol,BS17 6TZ,United Kingdom,1
C2812,Seren,Green,seren.green@gmail.com,+44 7290 818944,11-03-2025,"January 29, 2004",Sheffield,s19he,United Kingdom,No
C1055,Amelia,Edwards,amelia.edwards73@yahoo.co.uk,07629 220109,2025-09-16,1999-01-08,Liverpool,L7 7YX,UK,TRUE
C2349,Mohammed,Griffiths,mohammed.griffiths@icloud.com,+44 7942 877288,2024-04-14,1980-10-14,Manchester,M14 4UN,United Kingdom,N
C6037,Seren ,Hughes,SEREN.HUGHES@OUTLOOK.COM,07562634607,2024-02-28,1970-09-29,Sheffield,S5 8UP,United Kingdom,No
C2815,Arthur,Jones,arthur.jones80@gmail.com,+44 7276 797066,"August 26, 2025",1994-05-22,Belfast,BT5 7TN,Wales,
C1824,Liam,Lewis,,07285 011725,2024/09/24,03 Jul 1991,Swansea,SA12 8NU,england,FALSE
C3792,Seren,Patel,seren.patel13@icloud.com,07421-794709,2024-06-12,2004-04-12,Cardif,CF11 3ZJ,United Kingdom,No
C1012,Tomasz,Singh,tomasz.singh84@outlook.com,07299-783864,2023-10-10,1958-09-03,,NG4 8UJ,UK,1
C4119,Noah,Nowak,noah.nowak88@yahoo.co.uk,07548109735,21/06/2025,1958-07-26,Sheffield,S14 5YA,United Kingdom,
C3169,Rhys,Taylor,rhys.taylor78@hotmail.co.uk,,13.10.25,2002-03-11,Newport,NP12 6XD,United Kingdom,no
C5813,Niamh,Nowak,niamh.nowak96@outlook.com,07645 568926,2025-12-06,1969-12-16,Bath,BA9 8PH,United Kingdom,TRUE
C5699,Katarzyna,Taylor,katarzyna.taylor@btinternet.com,07328 585059,2024-05-05,2005-08-25,Glasgow,G5 7RY,,Yes
C2303,Harry,Jones,harry.jones95@icloud.com,,01-13-2025,1997-08-08,Aberystwyth,SY18 9NW,GB,yes
C1471,Noah,Thomas,noah.thomas32@yahoo.co.uk,,2024-02-25,1954-04-05,Cardiff,CF2 8HG,UK,0
C2077,Sean,Davies,sean.davies87@icloud.com,07218 123670,2025-07-07,1977-10-31,Manchester,M4 7AJ,United Kingdom,No
C2532,Ravi,Wood,ravi.wood4@hotmail.co.uk,+44 7863 035346,2025-01-09,2000-03-30,Exeter,EX16 5ET,United Kingdom,Yes
C2730,Ravi,Nowak,ravi.nowak94@yahoo.co.uk,07839488981,17/05/2025,04 Apr 1987,Liverpool,L18 4TR,United Kingdom,
C2228,Sean,Jones,sean.jones@gmail.com,07251 926252,2024/04/19,1983-01-11,Leeds,LS18 2PX,UK,No
C2546,Katarzyna,Price,katarzyna.price@gmail.com,07361420157,2023-11-23,1950-11-17,Leeds,LS5 9RP,United Kingdom,No
C4108,Harry,Robinson,harry.robinson@yahoo.co.uk,07993 051338,2025/03/06,1975-11-12,Glasgow,G7 4AU,GB,Yes
C4878,Grace,Hughes,grace.hughes84@yahoo.co.uk,07842 983199,2026-08-19,02-09-2002,Exeter,EX1 5GN,United Kingdom,TRUE
C3897,Ivy,Murphy,ivy.murphy@icloud.com,+44 7731 496806,2023-10-19,1970-04-29,Leeds,LS16 2TG,United Kingdom,
C1736,Connor,Jones,connor.jones@hotmail.co.uk,07413075720,09-12-2024,1960-09-28,Edinburgh,EH3 6WF,england,No
C3996,Dylan,Wood,dylan.wood@btinternet.com,,2025-04-28,,Nottingham,NG19 2XS,United Kingdom,Y
C1361,Connor,Evans,connor.evans@outlook.com,+44 7432 512557,2023-11-29,1954/05/19,Edinburgh,EH20 1PG,UK,no
C3894,Fiona,Lewis,fiona.lewis35@outlook.com,+44 7656 461083,2025-08-12,1993-05-05,Nottingham,NG10 3GD,UK,TRUE
C1857,Gareth,Evans,gareth.evans@icloud.com,07546 334782,2026-01-22,1984-03-02,Glasgow,G14 7XQ,United Kingdom,Y
C3817,Dylan,Singh,dylan.singh67@hotmail.co.uk,07830 862135,"September 06, 2026",1986-09-05,Aberystwyth,SY1 7WB,United Kingdom,No
C3117,Amelia,Hall,amelia.hall@gmail.com,07389793391,2023-08-20,"March 21, 2005",Bangor,LL16 4JW,Wales,TRUE
C4298,George,Griffiths,george.griffiths23@yahoo.co.uk,07572 001623,09-03-2024,1968-04-14,Aberystwyth,SY15 8GX,UK,
C5620,Leo,Walker,leo.walker81@hotmail.co.uk,07982 528916,17/03/2024,2000-07-04,Edinburgh,EH7 1QW,UK,1
C2956,Liam,Price,liam.price76@outlook.com,07179844844,2024/07/10,1981-12-19,Swansea,SA5 1DR,United Kingdom,1
C3214,Seren,Patel,seren.patel88@icloud.com,07407-666704,2025-07-15,1957-07-31,Leeds,LS17 4TZ,Great Britain,1
C1269,Leo,Evans,leo.evans@yahoo.co.uk,07595 418289,2023/12/27,1980-05-13,Liverpool,L18 7RU,United Kingdom,TRUE
C5134,Sophie,Jones,sophie.jones64@yahoo.co.uk,07931077540,2024-04-12,1993-08-28,Bristol,BS16 8TX,UK,Yes
C3311,Katarzyna,Jones,"katarzyna.jones51@btinternet,com",+44 7996 411964,15 Sep 2026,1994-10-29,Cardiff,CF4 1AA,Great Britain,no
C2914,Mia,Nowak,mia.nowak87@outlook.com,07469 375968,"June 25, 2026",1980-09-15,London,E3 3DB,england,No
C5133,Leo,Morgan,leo.morgan70@btinternet.com,+44 7228 521379,2025-05-06,1977-11-29,Leeds,LS5 1UX,United Kingdom,no
C6211,zainab,Griffiths,zainab.griffiths@yahoo.co.uk,07619 522302,2024-01-12,22.11.59,Cardiff,CF13 9BS,United Kingdom,no
C4051,Niamh,Johnson,niamh.johnson@gmail.com,07673-474562,2024-10-25,2003-03-27,Manchester,M9 7XZ,,Yes
C1111,Dylan,Jenkins,dylan.jenkins45@yahoo.co.uk,07325 014155,2026-04-02,1997-03-02,Bangor,LL9 8XW,GB,0
C3768,Owen,Hall,owen.hall1@gmail.com,07632 031828,2023-07-23,1988-08-02,Aberystwyth,sy101tu,United Kingdom,N
C2739,George,Murphy,george.murphy70@yahoo.co.uk,+44 7927 239555,2024-11-17,31.12.88,Bangor,LL9 4HY,United Kingdom,no
C4677,Dylan,Singh,dylan.singh88@outlook.com,07871 129281,2026-07-04,1978-11-24,Bangor,LL14 4WR,United Kingdom,FALSE
C2529,Seren,Jones,seren.jones@icloud.com,07959-817662,2023-08-08,"May 31, 1972",Bristol,bs132zz,U.K.,no
C2685,Ivy,Robinson,ivy.robinson@gmail.com,07663 920035,2025-04-20,2003-08-30,Aberystwyth,SY13 7BD,UK,Yes
C5434,Arthur,Griffiths,arthur.griffiths92@gmail.com,07767 012511,2026/09/10,1963-04-27,Newport,NP10 2PL,Wales,TRUE
C1364,Harry,Johnson,harry.johnson1@outlook.com,07183 658959,2024/09/08,1976-11-13,Liverpool,L6 3US,United Kingdom,TRUE
C5354,Niamh,Ali,niamh.ali7@hotmail.co.uk,+44 7264 814150,2025-02-09,1988-09-06,Belfast,bt22aw,United Kingdom,N
C1621,Sophie,Singh,sophie.singh49@hotmail.co.uk,0729367,28/04/2025,14 Jun 1972,Bristol,BS17 6TB,United Kingdom,Yes
C4295,Arthur,Thompson,arthur.thompson74@gmail.com,07650807781,2026-05-06,1966-10-16,Nottingham,NG20 2QS,UK,Yes
C5948,Tomasz,Singh,tomasz.singh83@outlook.com,+44 7779 295882,2025-09-17,1965/08/17,Port Talbot,SA19 9UB,United Kingdom,N
C4972,Aisha,Price,aisha.price94@hotmail.co.uk,07856 323120,2023-09-20,1954-12-27,London,E19 5PS,GB,yes
C2223,Leo,O'Brien,leo.obrien@icloud.com,07162 472412,2025-05-15,1964-10-01,,G4 2QR,United Kingdom,Y
C5715,Zainab,O'Brien,zainab.obrien@outlook.com,07857812196,14/04/2024,1900-01-01,Belfast,BT19 8YD,United Kingdom,FALSE
C2087,Mia,Hall,mia.hall@hotmail.co.uk,07298532414,03 Mar 2026,1991-03-09,Birmingham,B11 9DS,england,y
C5339,Oliver,Wood,oliver.wood45@btinternet.com,07150 933150,2025-07-25,1997-11-01,Port Talbot,SA12 3HS,United Kingdom,Y
C2333,Bethan,McDonald,bethan.mcdonald45@yahoo.co.uk,+44 7791 964461,2026-01-03,1996-04-09,Newport,NP5 7WH,United Kingdom,No
C1702,Tomasz,Hughes,tomasz.hughesgmail.com,,2025-02-18,1982-04-11,Cardiff,CF6 6LH,UK,No
C1713,Ethan,O'Brien,ethan.obrien58@yahoo.co.uk,07100 173659,31 Oct 2023,07-20-1965,Swanzea,SA8 1HT,United Kingdom,No
C6284,ZAINAB,Nowak,zainab.nowak19@btinternet.com,07861491415,2026-08-05,1988-12-17,Bath,BA5 3WQ,United Kingdom,no
C6117,harry,Evans,HARRY.EVANS@YAHOO.CO.UK,07186 826471,2023-07-15,1988-12-12,Bangor,LL18 2WF,United Kingdom,yes
C6244,TOMASZ,Khan,tomasz.khan45@btinternet.com,07840 523404,04-02-2024,1981-07-25,Bangor,LL3 3QP,GB,
C6176,DYLAN,Ali,dylan.ali57@icloud.com,,2026-10-20,1993-01-29,Liverpool,L13 6SZ,U.K.,0
C3981,Lily,Hughes,lily.hughes@gmail.com,07655160514,2024-10-19,1958-07-01,Birmingham,,GB,Y
C6309,SEREN,Morgan,SEREN.MORGAN90@HOTMAIL.CO.UK,07712703395,27/11/2024,1962-09-11,,LS10 8AS,United Kingdom,no
C2096,Bethan,Thomas,bethan.thomas65@btinternet.com,+44 7556 521573,30.09.25,1957-07-27,Wrexham,LL17 1QA,,N
C5209,Arthur,Griffiths,arthur.griffiths@outlook.com,07469334843,2024-07-13,1990-05-15,Bangor,LL13 4EF,United Kingdom,Y
C3564,Seren,Wood,seren.wood67yahoo.co.uk,07615 220638,2026-03-17,1991-11-11,Liverpool,L12 8RQ,United Kingdom,Y
C4837,Ava,Price,ava.price49@gmail.com,+44 7248 065452,2025-04-29,1990-10-05,Liverpool,L16 1BD,england,Y
C1605,Grace,Jenkins,grace.jenkins23@gmail.com,07592 715399,2023-10-14,1956-07-14,Bangor,ll106de,United Kingdom,0
C6022,aisha,Morgan,aisha.morgan91@outlook.com,07546658802,2026-02-12,"January 22, 1974",Swansea,SA12 7GG,United Kingdom,y
C5358,Gareth,Thompson,gareth.thompson@yahoo.co.uk,07857 237058,2026-02-17,30.06.96,Sheffield,S2 7YQ,,y
C1893,Cerys,Jenkins,cerys.jenkins99@hotmail.co.uk,+44 7825 786224,08/03/2025,1960-08-01,Leeds,LS20 5EN,United Kingdom,yes
C2574,Lily,Price,lily.price74@btinternet.com,0752238,2023-07-03,1980-05-15,Birmingham,B9 2LS,Wales,No
C3583,Rhys,Patel,rhys.patel61@btinternet.com,07596 701772,09-20-2024,1974-10-22,Exeter,EX20 7GX,U.K.,No
C3697,Connor,Robinson,connor.robinson75@gmail.com,07258 561372,2025-10-31,01-12-2004,London,E4 1NZ,Great Britain,Y
C4327,Jack,Johnson,jack.johnson47@hotmail.co.uk,07944 352233,"August 22, 2023",1981-03-18,Leeds,LS14 2SZ,Wales,Y
C5716,Niamh,Lewis,niamh.lewis89@icloud.com,07594187335,2023-06-24,1994-11-30,Swansea,sa162xq,UK,No
C2536,Ethan,Griffiths,ethan.griffiths73@hotmail.co.uk,0726737,2023-06-28,10-11-1953,Port Talbot,SA10 8TJ,United Kingdom,yes
C3229,Owen,Evans,owen.evans89@yahoo.co.uk,07819 887739,18.03.26,1963-12-08,,E4 7ZE,UK,No
C4242,Ethan,Evans,ethan.evans77@btinternet.com,07957 881767,2024/01/21,1963-12-17,Newport,,United Kingdom,y
C3439,Connor,Taylor,connor.taylor@yahoo.co.uk,07830 767468,"July 11, 2023",1966-02-14,Sheffield,,United Kingdom,no
C5259,Gareth,Patel,gareth.patel48@btinternet.com,07331 237745,2025-03-26,1955-12-09,Newport,NP19 7RN,U.K.,Yes
C1430,Oliver,Price,oliver.price26@outlook.com,07239 974270,2024-07-23,2004/11/27,Exeter,EX13 7NQ,U.K.,No
C1299,Callum,Singh,callum.singh62@outlook.com,07138 034629,2025-01-03,1968-02-18,Manchester,M13 1JA,UK,No
C5927,Amelia,Taylor,amelia.taylor50@gmail.com,07652 823871,"June 13, 2026",1953-07-08,Cardiff,CF5 8WT,United Kingdom,FALSE
C4815,Sophie,Patel,sophie.patel@btinternet.com,,06.04.26,2031-04-12,Bath,BA12 9PQ,england,FALSE
C2894,Callum,Smith,callum.smith@gmail.com,07267 050861,"August 14, 2025",1988-05-17,Belfast,BT14 6WS,United Kingdom,no
C3846,Callum,Wood,callum.wood@hotmail.co.uk,07362-496473,2025-11-16,1985-06-15,Bath,BA13 8XL,UK,no
C4405,Priya,Khan,priya.khan96@gmail.com,07167917979,2024-07-29,2000-10-14,Cardiff,CF19 2UZ,United Kingdom,No
C6246,Mohammed ,Murphy,MOHAMMED.MURPHY@YAHOO.CO.UK,0728831,2024-07-07,"October 25, 1952",Leeds,LS1 3JJ,United Kingdom,FALSE
C2459,Gareth,Ali,gareth.ali70@hotmail.co.uk,+44 7393 816667,2024-03-06,1989-02-24,Liverpool,L2 3QQ,GB,yes
C2787,Sophie,O'Brien,sophie.obrien@hotmail.co.uk,+44 7791 366913,21/03/2024,1975-03-31,Birmingam,B6 6PQ,GB,TRUE
C1826,Lily,McDonald,lily.mcdonald99@icloud.com,+44 7992 245430,2025-11-23,1974-09-28,Sheffield,S18 2LF,Great Britain,No
C6058,ARTHUR,McDonald,ARTHUR.MCDONALD61@YAHOO.CO.UK,07924 304783,2024-11-12,1951-12-01,Nottingham,ng85bu,U.K.,1
C2221,Ella,Hughes,ella.hughes80@btinternet.com,07113 943405,2023-07-18,1994-04-16,Nottingham,NG11 2EZ,United Kingdom,No
C5019,George,Evans,george.evans@hotmail.co.uk,07971704608,2023-12-14,19 May 1992,Port Talbot,sa141dd,United Kingdom,Y
C4521,Oliver,Khan,oliver.khan70@gmail.com,07197 480570,2023-10-22,02-01-1964,Aberystwyth,sy137gz,United Kingdom,N
C6251,Megan ,Smith,MEGAN.SMITH@GMAIL.COM,+44 7686 809195,2025-09-30,1955-05-21,Edinburgh,EH19 3RB,United Kingdom,0
C5183,Liam,Robinson,liam.robinson27@hotmail.co.uk,0788979,2025-10-21,1979-07-05,Cardiff,CF15 3TD,United Kingdom,N
C5022,Cerys,Singh,cerys.singh@gmail.com,07955161355,2024/12/02,1978-11-04,Sheffield,S5 8LZ,United Kingdom,TRUE
C2451,Megan,Evans,megan.evans92@icloud.com,07194088534,2023-08-24,1900-01-01,Leeds,LS3 2EX,United Kingdom,No
C4848,Oliver,O'Brien,oliver.obrien90@icloud.com,07355-424857,2025-05-28,1955-09-16,Bristol,BS6 6QT,UK,1
C3750,Cerys,Smith,cerys.smith76@gmail.com,+44 7315 293263,2025-06-10,"March 04, 1987",Bangor,LL13 9QH,United Kingdom,
C1332,Ella,Green,ella.green81icloud.com,07533 309057,2025-06-06,1974-08-19,Wrexham,LL9 6NQ,UK,Y
C1008,Sean,Johnson,sean.johnson79@btinternet.com,07815-502155,2025/09/01,1995-01-11,Aberystwyth,SY3 3RH,United Kingdom,yes
C2754,Harry,Green,harry.green@btinternet.com,07623 149871,2023-11-25,1972-05-28,Bristol,BS7 7UY,Great Britain,no
C1687,Mia,McDonald,mia.mcdonald20@gmail.com,+44 7796 242470,2024-04-21,"October 07, 1983",Edinburg,EH16 7SE,United Kingdom,Y
C2767,Jack,Jones,jack.jones81@yahoo.co.uk,07184 306378,2025-10-21,1954-06-15,Exeter,,United Kingdom,FALSE
C4334,Ivy,Hall,ivy.hall30@btinternet.com,07155895228,2024-12-20,1995-05-12,Exeter,EX5 9GJ,england,no
C5890,Sophie,Hall,sophie.hall@gmail.com,07821142331,20 Nov 2023,"May 08, 2001",Glasgow,G6 6LW,U.K.,Y
C1504,Niamh,McDonald,niamh.mcdonald@hotmail.co.uk,07341 192154,01-26-2026,2004-09-25,Leeds,LS17 2NA,UK,yes
C1781,Gareth,Robinson,gareth.robinson@yahoo.co.uk,+44 7118 854885,2024-01-21,2005-01-24,Wrexham,ll122nn,Great Britain,y
C3565,Liam,Davies,liam.davies@gmail.com,07771 241350,2023-07-03,2001/05/06,Liverpool,L6 6HB,United Kingdom,no
C4539,Ravi,Robinson,ravi.robinson43@outlook.com,07236 484847,2023-10-27,2005-12-03,,EH13 9NN,United Kingdom,
C3586,Noah,Johnson,noah.johnson74@btinternet.com,07701613543,2026-07-09,1993-07-07,Leeds,LS4 3RB,United Kingdom,N
C5669,Freya,Price,freya.pricegmail.com,07870098704,2024/12/08,1950-01-18,London,E14 8GX,UK,no
C2372,Tomasz,Khan,tomasz.khan@yahoo.co.uk,07715 368027,"January 18, 2025",1979-07-05,Leeds,LS16 4DR,GB,Yes
C1250,George,Taylor,george.taylor61@gmail.com,07649 400826,2025/04/14,1979-04-10,Edinburgh,EH16 4ZX,UK,
C3059,Noah,Singh,noah.singh@hotmail.co.uk,07779 297306,01-20-2024,1969/08/09,Liverpool,L12 5UR,UK,N
C3484,Megan,Walker,megan.walker79gmail.com,,10/02/2025,"March 24, 1973",Sheffield,S14 4FB,United Kingdom,Y
C1950,Freya,Griffiths,freya.griffiths24@hotmail.co.uk,,2025-08-25,1998-09-04,Sheffield,S20 6YU,United Kingdom,FALSE
C6089,Ava ,Jenkins,"ava.jenkins@hotmail.co,uk",07153 921614,2026-04-27,1900-01-01,Belfast,BT12 9BQ,United Kingdom,
C1212,Ravi,Thomas,ravi.thomas@btinternet.com,07836 271276,2025-03-30,1988-04-29,Edinburgh,EH1 8JJ,,FALSE
C4611,Oliver,Smith,oliver.smith88@yahoo.co.uk,07741161255,15.09.24,2003-07-23,Bristol,BS2 2NU,GB,no
C2297,Cerys,Green,cerys.green15@gmail.com,07244 027934,2024-03-20,06-30-1978,Glasgow,G15 9UR,,No
C4792,Ethan,Evans,ethan.evans81@btinternet.com,07405 075613,2024-04-04,1950-05-22,Bristol,BS16 8SH,United Kingdom,Y
C5293,Leo,Griffiths,leo.griffiths48@hotmail.co.uk,07698115927,2025-06-13,1981-11-11,Edinburgh,EH10 1HA,United Kingdom,Yes
C5288,Noah,O'Brien,noah.obrien81@outlook.com,07361-887176,2024-04-05,2003-04-21,Bath,BA20 8NZ,United Kingdom,No
C1354,Niamh,Wood,niamh.wood@outlook.com,+44 7686 398435,09-22-2025,1996-12-20,Bristol,BS19 3BQ,GB,No
C3696,Connor,Patel,"connor.patel28@yahoo.co,uk",07165 032909,2024-01-29,2002-10-23,Leeds,LS12 5RL,United Kingdom,N
C1487,Dylan,Davies,dylan.davies47@hotmail.co.uk,+44 7946 178675,2023-12-17,1978-02-09,Bristol,bs163hh,UK,N
C5473,Freya,Edwards,freya.edwards@outlook.com,,2026-04-13,1986-11-08,Newport,NP3 2UN,GB,N
C2946,Gareth,Griffiths,gareth.griffiths76@btinternet.com,07829 948618,2024-10-07,1959-12-01,London,E7 7PE,GB,FALSE
C5014,Aisha,Hall,aisha.hall98@yahoo.co.uk,,08-16-2023,,Cardiff,CF7 5DY,Wales,yes
C3321,Grace,McDonald,grace.mcdonald@yahoo.co.uk,07828 762463,2024-10-19,2031-04-12,Port Talbot,SA11 7TW,United Kingdom,FALSE
C2668,Oliver,Ali,oliver.ali71@hotmail.co.uk,+44 7743 731381,2023-11-21,1965-09-21,Sheffield,S7 8PX,United Kingdom,1
C2646,Jack,Price,jack.price@gmail.com,07340275044,2024-11-29,1968-03-05,Edinburgh,EH9 7DA,United Kingdom,y
C4795,Ava,Price,ava.price44@icloud.com,07442484622,2024-11-04,1955-10-18,Glasgow,G2 9UN,United Kingdom,Yes
C4014,Ethan,Jones,ethan.jones88@yahoo.co.uk,+44 7508 176106,2024-05-17,1962-11-10,Cardiff,cf18pn,GB,FALSE
C4750,Megan,O'Brien,megan.obrien@btinternet.com,+44 7313 934309,2024/12/25,1967-04-15,Sheffield,S14 8QH,Great Britain,Y
C1209,Ava,Roberts,ava.roberts@icloud.com,07861974107,21 Jun 2024,1974-07-03,Belfast,BT11 2NG,GB,Y
C3951,Niamh,O'Brien,niamh.obrien99@gmail.com,07463 538923,2025-01-01,02.02.76,Swansea,SA11 6UA,england,Y
C1324,Harry,Robinson,harry.robinson75@gmail.com,07336 242279,2025-02-02,1980-02-01,London,E3 3SX,,N
C3682,Gareth,Evans,gareth.evans73@gmail.com,,2024-09-06,2003-01-27,Liverpool,L6 2LZ,United Kingdom,1
C1720,Gareth,Davies,gareth.davies87@btinternet.com,07871 057266,2023-10-15,1976-02-02,Port Talbot,SA5 3BH,UK,
C4597,Freya,Ali,,07357 793333,09.04.25,1971-06-10,Cardiff,CF20 1XG,United Kingdom,Y
C2622,Owen,Khan,owen.khan80@hotmail.co.uk,+44 7674 181582,2026-01-23,1980-10-13,Newport,NP12 3TX,United Kingdom,y
C4618,Tomasz,Hughes,tomasz.hughes@yahoo.co.uk,07534384551,2025-05-20,1956-09-25,Manchester,M19 4QF,United Kingdom,
C4985,George,Jenkins, george.jenkins@btinternet.com ,07686 867164,2026-04-29,1999-12-31,Sheffield,S9 1LE,United Kingdom,Y
C3394,Freya,Taylor,freya.taylor79@btinternet.com,07871 488470,2024-04-28,1971-05-25,Exeter,EX15 6NT,United Kingdom,No
C2555,Callum,Price,callum.price@outlook.com,0778810,2026-07-03,,Belfast,BT6 8LW,United Kingdom,1
C6249,lily,Jenkins,LILY.JENKINS36@YAHOO.CO.UK,07294644865,2025/08/21,1986-01-13,Port Talbot,SA7 4ZA,United Kingdom,Yes
C2202,Ivy,Johnson,ivy.johnson80@gmail.com,07860 211993,2023-12-21,1965-07-07,Aberystwyth,SY11 4PW,england,
C4965,Jack,Johnson,jack.johnson50@hotmail.co.uk,07805635659,30.07.26,1983-03-29,Exeter,EX17 9XZ,United Kingdom,yes
C4165,Zainab,Ali,zainab.ali@outlook.com,07759-086576,2025-05-29,1961-05-28,London,E17 7FZ,UK,0
C5371,Sophie,Thomas,sophie.thomas96@yahoo.co.uk,+44 7303 289025,2023-06-11,1951-11-22,Aberystwyth,SY4 2FJ,UK,1
C5442,Priya,Green,priya.green83@outlook.com,07610 596143,2026-01-17,1994-12-09,Port Talbot,SA14 5BX,Great Britain,Y
C1144,Oliver,Smith,oliver.smith4@gmail.com,07610-546139,2024-07-18,1972-09-12,Liverpool,L14 1UA,United Kingdom,y
C1636,Mohammed,Singh,mohammed.singh29@outlook.com,07100-950786,07-09-2024,2001-11-07,Port Talbot,SA7 5YN,United Kingdom,
C1006,George,Hughes,george.hughes@gmail.com,+44 7786 107559,2026/08/22,1996-12-09,Cardiff,,United Kingdom,0
C4933,Niamh,Singh,niamh.singh79@hotmail.co.uk,07794 513089,2024-08-13,1997-06-23,Manchester,m13wy,UK,
C4338,Fiona,Lewis,fiona.lewis23@gmail.com,07981618126,2023-06-16,"September 02, 1999",Edinburgh,EH17 6JG,United Kingdom,0
C5530,Amelia,Hughes,amelia.hughes71@yahoo.co.uk,07552 528682,2024-02-03,1951-12-26,Exeter,EX10 2BS,UK,No
C1719,Mia,Jones,mia.jones1@icloud.com,07176 357332,"June 08, 2024",1978-09-09,Exeter,EX18 9EW,United Kingdom,FALSE
C4701,Leo,McDonald,leo.mcdonald85@yahoo.co.uk,07868 213154,2024-06-05,1981-08-10,Liverpool,L13 8DE,United Kingdom,no
C5590,Ella,Taylor,ella.taylor61@gmail.com,07940 506163,2024-12-09,1964-09-18,Manchester,M20 1XW,U.K.,0
C4910,Oliver,Nowak,oliver.nowak97@icloud.com,07549 951952,2025/05/24,1993-05-28,Edinburgh,EH19 4UQ,United Kingdom,FALSE
C1529,Oliver,Hughes,oliver.hughes89@outlook.com,,2025-08-12,1994-05-24,Liverpool,L9 1GT,UK,Y
C4730,Ella,McDonald,ella.mcdonald75@btinternet.com,0735714,2025-03-15,09 Feb 1965,Manchester,M17 1AS,United Kingdom,1
C5123,Arthur,Williams,arthur.williams@btinternet.com,07187 603949,14.04.24,1982-03-31,Swansea,,United Kingdom,1
C1935,Cerys,Davies,cerys.davies@yahoo.co.uk,07305-849787,2023-09-18,1963-04-11,Bath,BA19 3NH,United Kingdom,TRUE
C5326,Sean,Khan,sean.khan85@hotmail.co.uk,07920 606357,2026-09-01,1997-10-23,Aberystwyth,SY13 8RP,UK,0
C2859,Dylan,Singh,dylan.singh11@outlook.com,07810 895282,2024-11-21,1998-07-30,Newport,NP13 3ST,United Kingdom,0
C3770,Rhys,Khan,rhys.khan57@btinternet.com,07851526712,2024-08-07,1955-07-17,Birmingham,B11 5EA,United Kingdom,
C5738,George,Williams,george.williams71@gmail.com,07162 077083,2023-09-12,1999-10-11,Edinburgh,EH5 2JB,GB,y
C1584,Callum,Lewis,callum.lewis@outlook.com,07954 935560,2026-03-05,01 Feb 2001,Birmingham,B17 8AJ,United Kingdom,0
C6053,chloe,Murphy,CHLOE.MURPHY24@GMAIL.COM,07995-068553,2026-08-12,1989-06-13,Port Talbot,SA16 6FA,,FALSE
C4617,Lily,Singh,lily.singh@gmail.com,07727 941144,2024-01-26,1991-08-28,Glasgow,G16 3GF,United Kingdom,0
C4672,Harry,Smith,harry.smith73@icloud.com,+44 7971 133673,14 Apr 2025,1985-03-03,Bath,BA16 3FL,U.K.,No
C2543,Chloe,Smith,chloe.smith@gmail.com,07910576564,2025-04-29,1961-08-16,Bath,BA20 8YR,Great Britain,N
C3879,Owen,Green,owen.green84@btinternet.com,07997947152,2026-03-14,1962-01-18,London,E4 6TR,UK,yes
C2577,Ava,Lewis,ava.lewis@hotmail.co.uk,07852 493763,2025-03-15,1962-05-19,Aberystwyth,SY10 9SR,U.K.,No
C1312,Grace,Evans,grace.evans21@hotmail.co.uk,07910 240479,2025-02-06,1960-10-31,Edinburgh,EH4 3EJ,United Kingdom,FALSE
C3790,Harry,Evans,harry.evans@yahoo.co.uk,07303 557183,"June 30, 2023",03 Dec 1955,London,E10 3XH,UK,no
C2195,Cerys,Williams,cerys.williams@btinternet.com,0729752,2026-02-22,1954-11-08,Edinburgh,,United Kingdom,1
C5132,Isla,Wood,isla.wood97@gmail.com,07340 575702,23 Apr 2026,15 Mar 1999,Bristol,BS13 7YB,U.K.,y
C5469,Ravi,O'Brien,ravi.obrien@icloud.com,+44 7280 313659,2024-10-19,1984/06/23,Swansea,SA13 6FX,United Kingdom,Yes
C3497,Megan,Smith,,07693553090,2026-01-12,1950-02-20,Liverpool,L19 4FE,United Kingdom,1
C3880,Noah,Davies,noah.davies63@yahoo.co.uk,07197 875591,2024-01-31,1978-12-16,Bath,BA17 4AN,england,N
C5663,George,Thompson,george.thompson@icloud.com,0794351,2025-01-14,1955-12-19,Exeter,EX3 8RF,United Kingdom,N
C2448,Bethan,McDonald,bethan.mcdonald91@icloud.com,,2024-08-29,unknown,Exeter,EX3 1YH,Wales,y
C5074,George,Hughes,george.hughes67@btinternet.com,07693 644510,2026-01-22,2001-10-26,Manchester,M3 2GA,United Kingdom,Y
C5333,Sean,Morgan,sean.morgan70@btinternet.com,07681 275705,16/11/2025,1970-11-08,Manchester,M5 4QR,Wales,yes
C5480,Katarzyna,Jones,katarzyna.jones51@yahoo.co.uk,07688 117717,"August 01, 2026",1975-12-04,Bath,BA16 3PD,United Kingdom,
C2174,Sophie,Robinson,sophie.robinson20@hotmail.co.uk,07803-782385,10-17-2024,1997-09-21,Liverpool,L15 1RT,U.K.,yes
C2531,Cerys,Robinson,cerys.robinson77@hotmail.co.uk,+44 7202 349270,0000-00-00,1955-04-17,Sheffield,,United Kingdom,yes
C3793,Noah,Taylor,noah.taylor56@icloud.com,+44 7867 501403,2025-09-08,1963-09-09,Swansea,SA19 4QG,United Kingdom,Y
C4749,Liam,Evans,liam.evans97@icloud.com,07980 053154,30.06.25,1991-05-17,Bangor,LL16 5WY,United Kingdom,N
C1957,Priya,Jenkins,priya.jenkins51@icloud.com,+44 7832 775019,N/A,15 Feb 1952,Aberystwyth,SY18 8GA,United Kingdom,Y
C3290,Rhys,Davies,rhys.davies85@yahoo.co.uk,07895 820926,2025-09-07,1961-03-02,Bath,BA6 7WQ,U.K.,TRUE
C5765,Ava,Patel,ava.patel51@outlook.com,07509 514602,09/05/2024,1977-10-14,Swansea,sa193ft,United Kingdom,no
C4320,Chloe,Ali,chloe.ali@icloud.com,07797 375294,2025-12-22,04/04/1965,Swansea,SA7 9TD,United Kingdom,y
C4696,Niamh,Lewis,niamh.lewis@icloud.com,07387 442042,2026-06-15,1982-07-14,Cardiff,cf129wx,UK,Y
C4326,Ava,Jenkins,ava.jenkins81@icloud.com,07612 843357,18.05.25,1900-01-01,Bath,BA7 2HR,UK,yes
C3628,Liam,Khan,liam.khan@hotmail.co.uk,07311 201102,2025-04-03,1961-05-11,Port Talbot,SA15 6SJ,United Kingdom,no
C2982,Harry,Khan,harry.khan22@icloud.com,07743 032872,2025-08-03,1974-05-30,Liverpool,L18 1JG,Wales,
C6114,ivy,Singh,IVY.SINGH@YAHOO.CO.UK,07106 240494,10.09.25,1978-08-22,Edinburgh,EH7 6QW,UK,no
C2457,Chloe,Robinson,chloe.robinson@yahoo.co.uk,07776 689524,2024-03-05,1973-12-02,Manchester,M15 8NR,UK,Yes
C3714,Leo,Davies,leo.davies93@gmail.com,07505 416343,2025-01-02,25 Aug 1983,Bristol,BS9 7XZ,UK,1
C2940,Zainab,Morgan,zainab.morgan39@outlook.com,07637-022584,2024-01-30,1967-01-04,Belfast,BT1 9LD,england,yes
C4718,Isla,Griffiths,isla.griffiths88@outlook.com,07286-733273,2024-02-21,1983-01-29,Port Talbot,SA4 7NR,United Kingdom,FALSE
C1117,Ava,Robinson,ava.robinson@icloud.com,07871 993250,2024-04-01,1988-01-02,Leeds,LS15 9SP,GB,yes
C4788,Amelia,Johnson,amelia.johnson34@btinternet.com,07693 003886,09-02-2023,1952-10-16,Bath,BA15 5YT,United Kingdom,Y
C1878,Oliver,Ali,oliver.ali98@yahoo.co.uk,07178-539393,2024-07-22,1985-12-12,Edinburgh,EH14 1LE,United Kingdom,Y
C2861,Jack,Johnson,jack.johnson38@icloud.com,07549 710559,2025-03-12,1969-11-26,Bangor,LL18 4EX,england,yes
C2103,Tomasz,Walker,tomasz.walker88@yahoo.co.uk,07574018217,2024/11/24,16 Jan 2002,Newport,NP15 3PQ,UK,yes
C2833,Ella,Thompson,ella.thompson74@btinternet.com,07556 965720,2025-12-28,04.05.01,Belfast,BT7 3RE,United Kingdom,yes
C1256,Jack,Thomas,jack.thomas@gmail.com,+44 7252 419402,"May 04, 2026",1965-04-03,Glasgow,G3 3AY,United Kingdom,1
C4497,Chloe,Johnson,chloe.johnson80@gmail.com,0799031,23 Jul 2024,1984-05-07,Exeter,ex125ag,United Kingdom,y
C3651,Connor,Smith,connor.smith97@outlook.com,+44 7713 095511,"November 14, 2024",1956-12-11,Edinburgh,EH15 7EA,United Kingdom,no
C6206,Ivy ,Khan,ivy.khan59@yahoo.co.uk,07897 200875,2026-02-01,2005-11-12,Liverpool,L18 8FG,United Kingdom,TRUE
C1808,Noah,Johnson,noah.johnson83gmail.com,+44 7809 252934,2023-07-18,05.06.98,Leeds,LS13 4ZP,United Kingdom,Y
C1157,Seren,Smith,seren.smith73@yahoo.co.uk,+44 7570 542938,2024-05-14,1974-12-24,edinburgh,EH14 6AB,U.K.,Yes
C5021,Ethan,Griffiths,ethan.griffiths@yahoo.co.uk,0779072,2025-05-22,1972-10-01,Cardiff,CF1 1FA,GB,no
C2584,Freya,Thomas,freya.thomas@gmail.com,,03-27-2026,1966-06-03,Newport,NP15 2TH,UK,no
C4004,Ravi,O'Brien,ravi.obrien77@outlook.com,07343262754,2025-01-06,0000-00-00,edinburgh,EH11 6LN,United Kingdom,No
C5731,Katarzyna,Edwards,katarzyna.edwards3@hotmail.co.uk,07247400594,2024-04-07,1977-07-16,Wrexham,LL20 7ZU,United Kingdom,y
C2444,Katarzyna,McDonald,katarzyna.mcdonald@hotmail.co.uk,07905 885615,08-03-2026,1970-04-09,London,E20 7UQ,United Kingdom,Yes
C6113,MIA,Roberts,mia.roberts21@outlook.com,07265 432178,2025-06-14,1956-04-25,Wrexham,LL4 5QA,United Kingdom,N
C1915,Ethan,Thomas,,+44 7506 965206,2025-09-08,1994-07-04,Aberystwyth,SY6 3UA,Great Britain,0
C1656,Tomasz,Griffiths,tomasz.griffiths80@outlook.com,0739727,2026-06-28,1997-02-21,Sheffield,S15 7BD,United Kingdom,Yes
C3612,Ivy,Smith,ivy.smith90@gmail.com,07301 719877,16.02.25,1975-01-18,Leeds,LS17 4EH,UK,TRUE
C6068,RHYS,Patel,rhys.patel83@yahoo.co.uk,+44 7785 972908,2024-02-28,1953-07-06,Edinburgh,EH2 6LJ,United Kingdom,0
C5398,Owen,Green,owen.green83@icloud.com,07493 405100,2024-05-30,1975-10-11,Bath,BA16 6JG,GB,no
C4473,Grace,Taylor,grace.taylor77@btinternet.com,07548 738291,2026-07-19,1977-10-15,London,E4 5ND,United Kingdom,0
C2404,Freya,Green,freya.green88@yahoo.co.uk,0753556,"May 05, 2024",2004-06-09,Bristol,BS12 2QB,UK,N
C5823,Ethan,Jenkins,ethan.jenkins@outlook.com,07755-517680,2023-06-01,11.09.75,Birmingham,B10 1BS,UK,yes
C3483,George,Smith,george.smith@yahoo.co.uk,+44 7710 084182,2026-06-06,1959-02-24,Port Talbot,SA17 7NW,United Kingdom,N
C3757,Chloe,Price,chloe.price@gmail.com,07896641352,2025-04-04,1977-04-15,Aberystwyth,SY11 6GQ,United Kingdom,Yes
C4517,Sean,Wood,sean.wood3@btinternet.com,07676-980423,2024-02-05,1979-06-20,Wrexham,LL14 7PB,United Kingdom,0
C4720,Oliver,Ali,oliver.ali94@yahoo.co.uk,07243 665313,"July 16, 2024",1956-05-19,Birmingham,B5 5RW,United Kingdom,FALSE
C2445,Mia,Smith,mia.smith79@gmail.com,07197 737551,2025-09-27,2002-07-01,Swansea,SA1 9FB,United Kingdom,yes
C5252,Seren,Murphy,seren.murphy@icloud.com,07937 908906,2026-04-03,2003-02-05,Swansea,SA14 1GL,United Kingdom,TRUE
C5692,Megan,Hall,megan.hall83@hotmail.co.uk,07322-987606,2026-06-09,1974-07-28,Nottingham,NG9 5HY,United Kingdom,
C2374,Ava,Johnson,ava.johnson@btinternet.com,07663-136982,08-31-2023,1951-03-03,Manchester,M17 7EZ,U.K.,0
C1665,Sophie,Thompson,sophie.thompson@gmail.com,07211070589,2023-12-08,1960/09/06,Leeds,LS13 6HB,United Kingdom,no
C3335,Fiona,Edwards,fiona.edwards76yahoo.co.uk,,2025-12-11,1960-06-11,Aberystwyth,SY1 7AD,United Kingdom,Y
C5205,Callum,Murphy,callum.murphy97@outlook.com,07799656604,2024-05-24,,Cardiff,CF4 1NX,United Kingdom,1
C3865,Ethan,Lewis,ethan.lewis74@gmail.com,07669-533592,2026/01/10,1985-04-29,Bangor,LL5 1PZ,United Kingdom,no
C2570,Chloe,Ali,chloe.ali@gmail.com,,2026-01-03,1965-04-20,Swansea,SA20 7AU,United Kingdom,y
C2328,Sean,Jones, sean.jones23@hotmail.co.uk ,,2026-04-15,1966-05-23,Belfast,BT16 6SL,UK,Y
C4937,Leo,Thomas,leo.thomas@hotmail.co.uk,+44 7640 502554,2024-01-11,1957-07-29,Glasgow,G18 3XZ,United Kingdom,no
C2523,Jack,Johnson,"jack.johnson@hotmail.co,uk",07852 924117,2024-04-05,1995/02/06,Edinburgh,EH14 7XZ,United Kingdom,
C5275,Jack,Wood,jack.wood@btinternet.com,07830 160719,16.06.26,20 Jan 1952,Nottingham,NG16 3RU,United Kingdom,No
C3357,Arthur,Taylor,,+44 7243 779785,2026-03-18,1958/09/17,Sheffield,S12 6SS,UK,Yes
C5705,Megan,Robinson,megan.robinson87@yahoo.co.uk,07683 865604,2024-10-30,1960-03-17,Liverpool,L2 1RP,United Kingdom,N
C5059,Chloe,Taylor,chloe.taylor25@outlook.com,07815091743,2024-10-02,1975-10-16,London,E19 7UR,GB,y
C5464,Connor,Wood,connor.wood33@hotmail.co.uk,07487-867130,2025-03-28,1951-03-24,Sheffield,S9 7SQ,United Kingdom,y
C6099,HARRY,O'Brien,harry.obrien36@btinternet.com,+44 7439 307870,2025-05-08,1994-07-03,Port Talbot,SA8 8UQ,United Kingdom,N
C1588,Sean,Jenkins,sean.jenkins@outlook.com,+44 7864 164728,2024-07-13,2002-04-14,,EX8 9WD,United Kingdom,No
C3220,Fiona,O'Brien,fiona.obrien93@icloud.com,07121 449393,2026-02-11,1955-06-09,Belfast,BT13 1WP,U.K.,0
C1519,Cerys,Khan,cerys.khan@btinternet.com,+44 7977 280637,11-12-2025,1961-04-11,Liverpool,L20 8TZ,United Kingdom,no
C4382,Ivy,Khan,ivy.khan85@icloud.com,07528 252309,2024-01-28,20 May 1956,Newport,,United Kingdom,y
C4647,Arthur,Green,arthur.green87@icloud.com,07638 524476,2024-06-06,22 Apr 1987,Bath,BA18 3ZZ,United Kingdom,yes
C2590,Ethan,Patel,ethan.patel35@gmail.com,07352727933,2023-06-17,16 Feb 2000,Leeds,LS7 1JP,U.K.,Y
C2390,Mia,Wood,mia.wood@outlook.com,07276 810679,2026-09-25,1980-07-14,Cardiff,cf73jj,United Kingdom,no
C2279,Mohammed,Thompson,mohammed.thompson23@gmail.com,07806 562304,2025/05/13,1974-06-07,Liverpool,L19 2TB,United Kingdom,Yes
C1785,Mia,Thomas,mia.thomas97@icloud.com,07177-577839,2026-03-20,2004-02-19,Liverpool,L8 1WB,United Kingdom,FALSE
C5822,Grace,Khan,grace.khan48@yahoo.co.uk,07158 461941,30.07.23,1953-06-25,Manchester,M12 8QG,UK,yes
C2284,Chloe,Green,chloe.green@outlook.com,07932132908,02 Feb 2024,1991-07-03,Exeter,EX16 6ST,United Kingdom,Y
C1300,Freya,Ali,freya.ali96@yahoo.co.uk,07562322161,"March 02, 2026",1983-05-15,Bangor,LL5 5TR,United Kingdom,TRUE
C3222,Megan,Hughes,megan.hughes62@hotmail.co.uk,07262978277,2025-11-22,1960-04-19,Liverpool,L3 8UF,United Kingdom,N
C4689,Harry,Taylor,harry.taylor88@btinternet.com,07747437471,,2002-06-25,London,E11 3PB,United Kingdom,No
C4793,Grace,McDonald,grace.mcdonald@hotmail.co.uk,07934-459862,2024/04/25,"November 15, 1986",Nottingham,NG10 9BL,United Kingdom,1
C5393,Mohammed,Jones,mohammed.jones71@btinternet.com,+44 7668 692478,2024-12-26,02.10.69,Wrexham,LL20 9TH,,yes
C1027,Harry,Thompson,harry.thompson88@btinternet.com,07761 660693,2024-01-04,1966-08-23,Manchester,M12 3DP,United Kingdom,no
C4770,Rhys,Patel,rhys.patel86@btinternet.com,07561562617,2023-12-15,1971-05-19,Nottingham,NG17 5ZL,UK,0
C5875,Ava,Murphy,ava.murphy@outlook.com,07151 368147,2023-07-24,1973-03-07,Leeds,LS15 1WN,Great Britain,1
C1779,Chloe,Singh,chloe.singh@yahoo.co.uk,07133607663,2025-06-11,2000-10-22,Newport,NP4 9LA,United Kingdom,1
C3215,Callum,Nowak,callum.nowak@gmail.com,07450 685756,2024-01-02,1959-03-05,Birmingham,B12 8AL,UK,FALSE
C4717,Sean,Robinson,sean.robinson7@icloud.com,07935 040839,2026-09-03,1960-05-14,Bangor,LL3 3QJ,GB,FALSE
C1982,Tomasz,Price,tomasz.price70@icloud.com,+44 7129 727823,2026-06-07,1950-01-12,Manchester,M17 7FZ,UK,TRUE
C5484,Cerys,Thompson,cerys.thompson39@icloud.com,0746416,2023-06-29,1951-08-14,Bangor,LL5 3XS,United Kingdom,N
C2948,Rhys,Morgan,rhys.morgan91@hotmail.co.uk,07297 223059,03-18-2024,1974-06-10,Sheffield,S11 5SE,UK,TRUE
C1697,Niamh,O'Brien,niamh.obrien@outlook.com,07487-391503,2025-11-23,29 Jun 1972,Bangor,ll135dq,United Kingdom,no
C3282,Cerys,Jones,cerys.jones5@yahoo.co.uk,+44 7458 052664,2026-04-09,1960-07-09,Sheffield,S19 2BL,Wales,0
C3889,Jack,Ali,jack.ali97@yahoo.co.uk,074542,2024-11-29,1955-06-12,Sheffield,S17 6GG,GB,yes
C5565,Ava,Wood,,+44 7583 837335,2025-07-30,1963-09-04,Wrexham,LL15 7UT,United Kingdom,TRUE
C2879,Niamh,Robinson,niamh.robinson53@icloud.com,07858 172000,2026-05-30,1972-03-30,Newport,NP10 7ER,United Kingdom,FALSE
C5622,Leo,Jones,leo.jones@icloud.com,07113-072384,12-30-2025,1982-10-11,Birmingham,B18 6DE,GB,FALSE
C1663,Sean,Jenkins,sean.jenkins87@icloud.com,07456325500,2023-07-09,06.03.53,Sheffield,S13 7WN,UK,yes
C4152,Priya,Lewis,priya.lewis78@yahoo.co.uk,07101 875208,07-24-2026,1970-04-23,Glasgow,G6 1RT,United Kingdom,N
C6061,freya,Taylor,,07871 488470,06.06.24,1971-05-25,Exeter,EX12 2ZY,UK,y
C5217,Liam,Morgan,liam.morgan78@outlook.com,07642517827,2025-11-13,1965-08-03,Bath,BA20 8FZ,United Kingdom,FALSE
C3242,Bethan,Roberts,bethan.roberts71@btinternet.com,,2023-08-29,09 Jan 1995,Birmingham,B20 8QJ,United Kingdom,FALSE
C3299,Freya,Taylor,"freya.taylor87@hotmail.co,uk",07284499155,08 Jul 2024,1983-04-19,London,E9 1HR,england,No
C5992,Niamh,Roberts,niamh.roberts98@btinternet.com,07802 218446,07 Aug 2025,1981-12-10,Birmingam,B15 9HY,Wales,0
C4034,Chloe,Robinson,chloe.robinson@btinternet.com,07263 000336,2024-03-18,1980-11-24,Exeter,EX14 6HR,United Kingdom,yes
C1943,Bethan,Smith,bethan.smith11@icloud.com,07177 540670,2023-07-20,1958-05-01,Manchester,M2 8EJ,United Kingdom,y
C5192,Ravi,Ali,ravi.ali87@gmail.com,07342 669092,2024-02-09,24/07/1987,,LS9 1NS,U.K.,y
C3800,Liam,Hall,liam.hall@hotmail.co.uk,07658 644806,2024-04-06,1993-06-13,Port Talbot,SA10 2WT,United Kingdom,y
C3419,Niamh,Roberts,niamh.roberts@yahoo.co.uk,07447705039,2026-05-27,05/03/1969,Sheffield,S17 9UR,United Kingdom,y
C3985,Connor,Robinson,connor.robinson98@hotmail.co.uk,07799345351,2026-01-29,1976-04-06,Cardiff,CF11 2NE,United Kingdom,Yes
C2155,Aisha,Evans,aisha.evans@icloud.com,07648085414,2025-09-03,2002-06-01,Sheffield,S6 6UF,U.K.,1
C1708,Amelia,Edwards, amelia.edwards51@btinternet.com ,+44 7264 214715,2024-03-11,1953-10-27,Exeter,ex148xp,United Kingdom,y
C4436,George,Walker,george.walker@gmail.com,07356 975530,2026-04-23,1998-07-22,Liverpool,L17 5DD,United Kingdom,0
C5315,Katarzyna,Thomas,katarzyna.thomas92@yahoo.co.uk,0762095,05.04.24,1986-06-13,Edinburgh,EH11 9YU,United Kingdom,FALSE
C3077,Amelia,Evans,amelia.evans70@gmail.com,07520357819,13.05.25,1971-06-13,Belfast,BT5 7ZN,United Kingdom,yes
C1635,Mohammed,Smith,mohammed.smith@btinternet.com,+44 7829 415764,2025/06/23,1998-08-21,Leeds,LS3 5HH,United Kingdom,no
C1574,Grace,Williams,grace.williams90@btinternet.com,07674-021081,2024-12-08,1975-12-25,Edinburgh,,,y
C3751,Gareth,Jones,gareth.jones@gmail.com,07903 701384,2024/05/20,1964-01-03,Aberystwyth,SY11 5GA,United Kingdom,
C5550,Ella,Morgan,ella.morgan@gmail.com,07469 123589,2024-08-15,1966-06-11,Edinburgh,EH10 4AL,UK,TRUE
C1186,Callum,Johnson,callum.johnson@hotmail.co.uk,07248 185551,08 Jan 2024,2031-04-12,Birmingham,B1 9SE,Great Britain,FALSE
C4461,Zainab,Edwards,zainab.edwards76@btinternet.com,07921554706,2025-12-16,1990-07-26,Glasgow,G4 2RZ,United Kingdom,
C1526,Dylan,O'Brien,dylan.obrien96@gmail.com,07762750571,2025-10-13,1991-06-05,Wrexham,LL3 1DY,United Kingdom,yes
C4671,Katarzyna,Taylor,katarzyna.taylor@btinternet.com,+44 7368 650870,2025-04-15,1965-04-02,Newport,NP2 4SW,United Kingdom,
C4691,Rhys,Singh,rhys.singh29@gmail.com,07938 536727,01-15-2026,03/05/1951,swansea,SA7 4RX,UK,FALSE
C1765,Grace,Williams,grace.williams73@outlook.com,07133-585550,2025-05-08,2000-01-16,Manchester,M13 3AN,Great Britain,Y
C2382,Fiona,Singh,fiona.singh61@yahoo.co.uk,07983 390708,12-19-2023,1955-02-07,Bristol,BS2 3PQ,UK,0
C3915,Isla,Jones,,07550438950,2025-10-28,1990-07-25,Exeter,EX7 4QF,United Kingdom,y
C2836,Arthur,Jenkins,arthur.jenkins77@icloud.com,07315 992520,2024-07-21,2004-02-23,Bath,BA6 4UN,United Kingdom,
C4429,Leo,Smith,leo.smith@btinternet.com,07724252519,22/02/2025,1950-10-23,Bath,BA8 6JX,United Kingdom,TRUE
C3334,Niamh,Singh,niamh.singh@outlook.com,,2026-02-16,10-12-1998,Edinburgh,EH3 7LQ,United Kingdom,FALSE
C2055,Cerys,Griffiths,cerys.griffiths83@yahoo.co.uk,07868 811910,06 May 2025,1960-07-22,Nottingham,NG5 1WF,england,0
C2963,Ravi,Williams,ravi.williams@gmail.com,07606393232,2024-09-06,1954-03-13,Belfast,BT5 8WQ,United Kingdom,y
C4157,Noah,Davies,noah.davies67@yahoo.co.uk,+44 7520 124268,2026-04-03,1993-02-17,Belfast,bt161yu,UK,no
C2598,Ravi,Taylor,ravi.taylor96@gmail.com,07746 766268,"January 03, 2026",,Leeds,LS5 5AB,United Kingdom,Yes
C2124,Sean,Price,sean.price@icloud.com,07671 649003,08-14-2024,1977-02-03,Swansea,SA1 7UE,U.K.,
C1864,Callum,Thompson,callum.thompson99@icloud.com,07982 195005,2024-08-21,1981-01-29,Sheffield,S1 9EB,United Kingdom,y
C3893,Freya,Hughes,freya.hughes98@btinternet.com,07927 634418,2023-07-27,13 Jun 1958,Leeds,LS14 8UB,United Kingdom,no
C4266,Megan,Thomas, megan.thomas89@gmail.com ,07721-499398,2025-04-08,27/04/1977,Exeter,EX12 5YS,United Kingdom,Yes
C1321,Leo,Jones,leo.jones79@btinternet.com,07164 549168,02 Aug 2023,31/12/2002,Edinburgh,EH14 7NH,United Kingdom,No
C1711,Jack,Murphy,jack.murphy97@btinternet.com,+44 7566 613206,2025-08-08,,Aberystwyth,SY10 6NP,UK,N
C3455,Freya,O'Brien,freya.obrien87@icloud.com,0740925,2026-05-11,1991-11-05,Bath,BA6 5DJ,england,Y
C1179,Leo,Murphy,leo.murphy71@icloud.com,07197-721734,19/08/2025,1900-01-01,Exeter,EX18 8NQ,United Kingdom,y
C3509,Freya,Davies,freya.davies@outlook.com,07594 609126,2023/11/16,1950-07-26,Exeter,EX14 8BQ,UK,y
C3131,Ivy,Taylor,ivy.taylor@outlook.com,,2024-07-03,1973-07-06,London,E8 2XX,UK,0
C5852,Mohammed,Taylor,mohammed.taylor93@icloud.com,07836 743187,2026-05-16,1966-09-30,Newport,NP3 8EB,United Kingdom,0
C2384,Mohammed,Johnson,mohammed.johnson@gmail.com,07676 637294,"September 08, 2024",19/04/1978,Cardiff,CF14 8HJ,GB,FALSE
C5714,Noah,Hughes,noah.hughes75@outlook.com,07901950070,2026-06-01,1993-05-29,Bath,BA12 4ZQ,UK,No
C4132,Ethan,Price,ethan.price92@gmail.com,07960686370,2024-05-06,2003-12-30,Glasgow,,United Kingdom,0
C3533,Ravi,Smith,ravi.smith85@hotmail.co.uk,07148 334333,2026-02-25,1968-05-13,Bristol,BS6 6BU,United Kingdom,FALSE
C4707,Mohammed,Morgan,mohammed.morgan74@hotmail.co.uk,+44 7926 753480,2025-11-25,2000-01-25,Leeds,LS18 4LD,United Kingdom,No
C5199,Megan,Griffiths,megan.griffiths83@outlook.com,07546 058804,2025/01/03,1962-09-21,Swansea,SA5 7GR,U.K.,No
C4086,Jack,Khan,jack.khan4@hotmail.co.uk,07632 076417,09.11.25,1976-06-13,Bangor,LL2 4SB,United Kingdom,no
C4915,Sophie,Johnson,sophie.johnson86@gmail.com,07247369232,02 Oct 2025,1969-07-01,Leeds,LS19 5RD,United Kingdom,N
C5301,Amelia,Taylor,amelia.taylor@yahoo.co.uk,07498920424,2026/03/09,1974-01-17,Liverpool,L5 1ZG,United Kingdom,y
C1906,Owen,Price,owen.price79@gmail.com,07308884013,"June 20, 2024",2001-12-04,Aberystwyth,SY3 3LE,UK,yes
C4674,Connor,Singh,connor.singh85@gmail.com,0779619,14 Sep 2023,04.01.50,Port Talbot,SA7 5YL,UK,
C3240,Ella,Smith,ella.smith70@hotmail.co.uk,07773 358194,2023-09-08,1978-01-21,London,E2 6QA,United Kingdom,Yes
C2063,Ivy,Singh,ivy.singh98@yahoo.co.uk,07432-338696,2023-09-15,1998-04-15,Birmingham,B1 5JE,United Kingdom,Y
C3980,Rhys,Edwards,rhys.edwards46@gmail.com,,2024-06-03,1965-09-16,Edinburgh,EH4 6AZ,UK,no
C1447,Aisha,Lewis,aisha.lewis@yahoo.co.uk,07120 704159,2025-07-07,1973-07-19,Swansea,SA6 9NZ,United Kingdom,0
C3123,Megan,Hughes,megan.hughes67@gmail.com,07892 315901,2026-04-21,1965-08-23,Port Talbot,SA2 4XE,United Kingdom,yes
C2776,Seren,Hall, seren.hall88@gmail.com ,07124 677362,2023-07-03,1955-05-27,Bath,BA7 9ZG,United Kingdom,N
C1966,Amelia,Robinson,amelia.robinson91@outlook.com,07391 236465,2025-03-31,1966-12-01,Newport,NP10 5TL,United Kingdom,N
C2841,Priya,Williams,priya.williams39@btinternet.com,07572-820710,29.01.24,11-17-1979,Port Talbot,SA16 2QD,Great Britain,y
C3315,Dylan,Ali,dylan.ali9@outlook.com,0741402,2024-05-06,1969-06-19,Manchester,M1 7BU,United Kingdom,No
C1591,Amelia,Hughes,amelia.hughes37@yahoo.co.uk,07470 396924,2024-03-19,14/05/1978,Leeds,LS9 3GJ,United Kingdom,FALSE
C3986,Isla,Griffiths,isla.griffiths5@outlook.com,0761232,2024-08-19,1987-12-06,Cardiff,CF15 5AF,,TRUE
C6005,LILY,McDonald,lily.mcdonald74@yahoo.co.uk,07673 056903,2024-05-30,1954-12-23,London,e148ey,United Kingdom,No
C3418,Rhys,Morgan,rhys.morgan@hotmail.co.uk,07545061580,2024-08-26,1965/08/29,Cardiff,CF12 3UP,Wales,TRUE
C3459,Noah,Singh,noah.singh@btinternet.com,07276 584055,18/11/2024,06 Jul 1961,Belfast,BT7 7WY,United Kingdom,N
C4850,Megan,Roberts,megan.roberts85@hotmail.co.uk,07842 034190,2024-06-25,1994/11/22,London,E13 5XD,U.K.,no
C3988,Aisha,Morgan,aisha.morgan98@hotmail.co.uk,07756 209048,2026-06-18,1950-12-14,Bristol,bs44sj,UK,
C4781,Chloe,Lewis,chloe.lewis84@gmail.com,,2026-08-12,1994-11-07,Sheffield,S9 4PY,United Kingdom,yes
C1308,Katarzyna,Thompson,katarzyna.thompson81@hotmail.co.uk,07687 093749,2024-02-18,1972-06-16,,NP10 9AT,United Kingdom,
C5542,Isla,Jenkins,isla.jenkins83@btinternet.com,07596339182,2023-12-01,1954-10-04,Newport,NP8 2NG,GB,No
C3025,Amelia,O'Brien,amelia.obrien70@btinternet.com,07819628499,2024-11-24,06.10.65,Port Talbot,SA1 4TA,United Kingdom,TRUE
C6181,jack,Thomas,jack.thomas64@btinternet.com,07239292421,2024-09-29,,Port Talbot,SA18 7AX,Wales,N
C4331,Callum,Price,callum.price@btinternet.com,07751 777336,2024-12-18,1977-10-07,Port Talbot,,United Kingdom,FALSE
C2093,Lily,Edwards,lily.edwards99@outlook.com,07527 393988,2026-06-29,1999-11-24,Belfast,BT19 5YZ,United Kingdom,Y
C1063,Owen,Singh,owen.singh78@btinternet.com,07411228898,2024-07-12,1985-11-17,Exeter,EX12 6SJ,UK,FALSE
C2344,Bethan,Johnson,bethan.johnson@icloud.com,07366742065,2023/06/02,08 Feb 1994,Edinburgh,EH19 5SH,Wales,N
C3477,Leo,McDonald,leo.mcdonald65@btinternet.com,+44 7250 221836,,1972-10-17,Port Talbot,SA8 6RZ,UK,
C1166,Noah,Williams,noah.williams71@btinternet.com,+44 7901 157030,2025-10-05,1958-05-25,London,E12 1AN,United Kingdom,Yes
C2640,Niamh,Singh,niamh.singh95@icloud.com,07854918105,"July 17, 2025",1995-07-21,Liverpool,L11 5NG,United Kingdom,FALSE
C2129,Ivy,Thomas,ivy.thomas95@outlook.com,+44 7571 469646,2025-05-12,1997-01-02,Edinburgh,EH1 6NG,United Kingdom,Y
C3362,Arthur,Roberts,arthur.roberts83@outlook.com,07559597967,13/06/2026,1952-04-06,Bath,BA16 2JF,United Kingdom,yes
C1029,Owen,Thompson,owen.thompson@outlook.com,07196719141,2023-09-26,1961-01-14,Cardiff,CF1 4FU,United Kingdom,TRUE
C5634,Freya,Thompson,freya.thompson49@hotmail.co.uk,07722 173134,2026-05-26,1959-11-07,Manchester,M14 4PY,United Kingdom,FALSE
C1205,Priya,Johnson,priya.johnson@yahoo.co.uk,07550469426,2024-05-05,1992-07-28,Birmingham,B14 5NF,United Kingdom,yes
C2452,Jack,Khan, jack.khan94@icloud.com ,07593-517505,2025-07-14,1960-11-14,Nottingham,NG7 6ZY,United Kingdom,Y
C5222,Katarzyna,Lewis,katarzyna.lewis74@outlook.com,07915 979955,2025/10/23,1954/05/05,Sheffield,S9 2SU,United Kingdom,TRUE
C4353,Seren,Thomas,seren.thomas74@gmail.com,07761359300,2024-06-26,1962-09-14,Glasgow,G5 5WZ,United Kingdom,yes
C1918,Amelia,Lewis,amelia.lewis98@icloud.com,07821873801,28.05.25,1950-10-24,Birmingam,b176xz,United Kingdom,FALSE
C4929,Mia,Lewis,mia.lewis51@btinternet.com,07871825192,2026-06-10,1992/01/05,Cardiff,CF17 6DG,Wales,y
C2688,Leo,Patel,leo.patel@gmail.com,07105 569702,04-23-2025,27.09.96,Glasgow,G2 8EE,United Kingdom,Y
C3496,Priya,Johnson,priya.johnson@yahoo.co.uk,07459 346407,2026-06-22,1960-03-24,Sheffield,S1 7BQ,United Kingdom,Y
C5276,Sophie,Griffiths,sophie.griffiths80@gmail.com,07404-195260,17/12/2025,1986-09-04,Glasgow,G15 6NJ,United Kingdom,No
C4613,Arthur,McDonald,arthur.mcdonald41@icloud.com,07550 454901,24/02/2025,1967-11-24,Sheffield,S9 3FP,GB,1
C3317,Owen,Jones,owen.jones@hotmail.co.uk,07757 953162,06.06.25,1981-03-08,Edinburgh,EH4 9WQ,United Kingdom,Yes
C3513,Mohammed,Thomas,mohammed.thomas@outlook.com,07479434636,2023-10-03,1983-09-14,Manchester,M10 2XN,United Kingdom,
C4363,Aisha,O'Brien,aisha.obrien95@outlook.com,07778788821,2024/08/26,1987-02-06,Manchester,M2 9XJ,GB,Y
C4123,Ravi,Green,ravi.green@yahoo.co.uk,07980 296634,05.01.24,1968-06-12,Bangor,LL2 9ZY,UK,N
C2661,Ava,Morgan,ava.morgan@gmail.com,07710 818592,2025-07-20,1953-06-05,Manchester,M19 7ZX,U.K.,yes
C5427,Ravi,Walker,ravi.walker87@outlook.com,07153 981210,"July 09, 2026",1994-07-28,Bristol,BS1 5AP,United Kingdom,Y
C3280,Sean,Edwards,sean.edwards@outlook.com,07769 868827,2025-06-19,25 Dec 1993,Bristol,BS3 8QE,United Kingdom,
C3471,Chloe,Williams,chloe.williams72@yahoo.co.uk,07819 617041,2025-02-24,30 Apr 1964,Sheffield,S12 6ES,,FALSE
C2050,Sophie,Roberts,sophie.roberts@gmail.com,+44 7970 199202,2024-10-16,30.06.68,Liverpool,L19 3FA,United Kingdom,1
C3318,Chloe,Thomas,chloe.thomas19@btinternet.com,07847391274,2023-07-24,1956-08-20,Bristol,BS16 6NQ,GB,Y
C1347,Seren,Khan,seren.khan@btinternet.com,07890 556681,2025-07-01,1962-04-15,Belfast,BT1 8PE,GB,TRUE
C2057,Ella,Morgan,ella.morgan75@yahoo.co.uk,+44 7675 749506,2025-10-24,1989-03-13,Bristol,BS8 8GT,United Kingdom,yes
C5184,Cerys,Morgan,cerys.morgan@btinternet.com,07742 183256,2024-05-13,1985-06-30,Sheffield,s202xq,Great Britain,FALSE
C1219,Megan,Hall,megan.hall@outlook.com,+44 7685 898521,2023/10/20,1976-01-31,London,e106ft,United Kingdom,Yes
C1983,Cerys,Jenkins,cerys.jenkins85@icloud.com,07854 145885,12-04-2025,1986-05-18,Newport,NP18 6FY,United Kingdom,
C3797,Bethan,Davies,bethan.davies@icloud.com,07277925710,2025-08-20,1960-10-05,Exeter,EX8 2YB,United Kingdom,N
C5096,Callum,O'Brien,callum.obrien6@gmail.com,07660 706119,2023-06-29,1977-11-10,Bath,BA6 9YD,United Kingdom,N
C5139,Rhys,Patel,rhys.patel74@outlook.com,07202 471407,2023-06-12,1999-12-07,Wrexham,LL19 5AQ,UK,Y
C5526,Mohammed,Davies,mohammed.davies71@gmail.com,07589 333358,2025-06-11,1976-08-08,Wrexham,LL14 5PT,United Kingdom,y
C4513,Liam,Evans,liam.evans88@gmail.com,07214 702822,2023-09-05,1995-08-23,Swansea,SA3 2SH,UK,N
C2906,Gareth,Murphy,gareth.murphy@hotmail.co.uk,07268-698534,2023/10/09,2002-11-18,Glasgow,G8 2FN,Wales,N
C2455,Aisha,Jones,aisha.jones41@btinternet.com,0789064,2026-09-03,"August 31, 1981",London,,Great Britain,No
C1000,Mia,Walker,mia.walker@hotmail.co.uk,07736 583594,2026-04-14,2003-12-03,Belfast,BT13 9HE,UK,0
C6046,AVA,Hall,ava.hall90@hotmail.co.uk,07507 027125,2024/08/17,1992-02-28,Exeter,EX1 9WR,UK,Y
C4293,Zainab,Taylor,zainab.taylor@hotmail.co.uk,07555 095075,2024-08-03,1973-10-28,Bristol,BS2 8RD,United Kingdom,N
C1211,Dylan,Evans,dylan.evans85@icloud.com,07580102254,2025-07-29,1966-12-29,Liverpool,L16 2AB,United Kingdom,TRUE
C3796,Priya,Evans,,07741046478,2024-07-25,1952-11-13,Leeds,LS10 1SA,United Kingdom,FALSE
C2171,Mohammed,Smith,mohammed.smith93@gmail.com,07788 113659,2025/09/06,1962-05-13,Leeds,LS6 1TE,UK,Y
C4250,Ella,Walker,ella.walker91@btinternet.com,07354374199,2024-12-24,1956-03-16,Newport,NP15 9QH,United Kingdom,0
C5928,Ava,Davies,ava.davies@gmail.com,+44 7748 999850,03/11/2023,1991-08-12,Bristol,BS16 3PW,GB,no
C5902,Gareth,Taylor,gareth.taylor25@gmail.com,07972 334934,2026-08-18,1981-08-11,Bath,BA18 3XZ,U.K.,no
C1226,Owen,Smith,owen.smith11@yahoo.co.uk,07123430113,2025-08-26,06-13-1982,Sheffield,S5 5EQ,UK,y
C4185,Freya,Walker,freya.walker91@icloud.com,07497 927905,2026-06-14,1964-05-05,London,e19nl,GB,yes
C1201,Megan,Griffiths,megan.griffiths@gmail.com,+44 7630 627593,2026-03-16,09/01/2001,Bangor,LL5 7BH,United Kingdom,No
C3327,Callum,Johnson,callum.johnson70@btinternet.com,07461563013,2025-10-30,1970-10-12,Nottingham,NG13 9RZ,United Kingdom,Y
C1904,Tomasz,Griffiths,tomasz.griffiths95@btinternet.com,07699 696058,2024-06-13,1968-01-08,Newport,NP10 5SF,United Kingdom,No
C5792,Sophie,Green,sophie.green@btinternet.com,07638 224313,25.03.24,1991-12-30,Sheffield,S6 8FU,United Kingdom,y
C2379,Mohammed,Edwards,mohammed.edwards17@yahoo.co.uk,07618 594525,04-11-2026,1974-12-23,Aberystwyth,SY19 2AD,UK,TRUE
C4208,Ethan,Roberts, ethan.roberts71@icloud.com ,+44 7148 136102,2024-07-26,1993-02-14,Glasgow,G1 8FN,United Kingdom,0
C4958,Freya,Hall,freya.hallgmail.com,07118 038850,2025-05-18,1956-02-27,Bristol,bs27bp,United Kingdom,FALSE
C4237,Lily,Murphy,lily.murphy25@yahoo.co.uk,,"November 28, 2023",1988-05-13,Aberystwyth,SY16 7UN,,no
C2294,Ava,Hughes,ava.hughes91@outlook.com,07473 532390,2025-10-17,1966-06-12,Bangor,LL7 4ZR,United Kingdom,yes
C1587,Gareth,Nowak,gareth.nowak18@gmail.com,07974142884,2024-04-22,1972-05-08,Leeds,LS1 5QY,United Kingdom,N
C3737,Sophie,Khan,sophie.khan@outlook.com,07988 512725,10/03/2025,1988-02-16,Port Talbot,SA5 1NS,United Kingdom,no
C3987,Callum,McDonald,callum.mcdonald78@gmail.com,07127 153525,04-30-2025,1956-01-25,swansea,SA17 4UX,UK,TRUE
C4075,Bethan,Johnson,bethan.johnson54@icloud.com,07371 668245,2024-02-23,1993-07-25,London,E15 3BH,UK,yes
C1688,Ella,Roberts,ella.roberts44@gmail.com,07741 611361,2025-11-25,07-06-1969,London,E7 4RU,United Kingdom,y
C2253,Ravi,Thomas,ravi.thomas87@hotmail.co.uk,07327610110,19/01/2026,06-05-1965,Leeds,LS4 7LY,United Kingdom,y
C1861,Freya,Davies,freya.davies@gmail.com,07484 096600,2026-02-16,"June 10, 1987",Leeds,LS13 4GJ,U.K.,y
C2520,Callum,Green,callum.green94@yahoo.co.uk,07479614255,2024-10-31,2001-09-04,Aberystwyth,sy102ng,United Kingdom,y
C1597,Leo,Edwards,leo.edwards86@outlook.com,07812 934097,2026-01-02,27.12.84,Cardiff,CF16 7YE,United Kingdom,0
C5828,Freya,Davies,freya.davies66@yahoo.co.uk,07504 247855,2025-01-14,1981-04-29,Leeds,LS4 7GB,GB,0
C2510,Ella,Wood,ella.wood71@btinternet.com,+44 7349 856716,2024-12-07,1989-05-18,Birmingham,B17 9SH,Great Britain,1
C5230,Sean,Singh,sean.singh@outlook.com,07952 509805,2024-08-30,1962-03-15,Swansea,SA17 8LT,United Kingdom,FALSE
C4214,Rhys,Evans,rhys.evans77@hotmail.co.uk,07765352536,2024-05-09,28/02/1970,Bath,BA19 4LZ,United Kingdom,N
C4339,Tomasz,McDonald,tomasz.mcdonald92@hotmail.co.uk,07670235294,2024-07-31,1951-04-09,Birmingham,B4 5JE,United Kingdom,Yes
C2514,Megan,Edwards,megan.edwards87@btinternet.com,07458 049680,2025-05-02,1955/08/24,Wrexham,LL18 9ZX,United Kingdom,No
C3998,Ravi,Nowak,ravi.nowak97@outlook.com,07847-515982,2025-09-18,2003-05-24,Belfast,BT20 8RF,United Kingdom,FALSE
C3399,Megan,Wood,megan.wood57@hotmail.co.uk,07767 513957,24 Jul 2023,1974-10-19,Bristol,,UK,
C6081,LEO,Wood,LEO.WOOD@ICLOUD.COM,07673 799112,2024-05-10,2005-01-25,Leeds,LS2 8QH,United Kingdom,Y
C1891,Ella,Thomas,ella.thomas99@hotmail.co.uk,07440 293960,2026-02-21,2004-01-26,Birmingham,B20 5TP,United Kingdom,
C2659,Noah,Murphy,noah.murphy56@gmail.com,07317 807252,2025-05-25,1993-02-26,Leeds,,england,N
C5950,Arthur,Davies,arthur.davies@icloud.com,07708 774420,2024-10-23,1970-08-23,Aberystwyth,SY15 5JD,UK,Yes
C5120,Ella,Thomas,ella.thomas@icloud.com,07569581708,2024-11-04,1994-03-24,Leeds,LS11 9ZL,UK,Yes
C1182,Owen,Roberts,owen.roberts38@outlook.com,07134 068920,2026-03-01,N/A,London,E17 5JL,United Kingdom,Yes
C3833,Mohammed,Taylor,mohammed.taylor53@btinternet.com,,2026-05-02,1987-01-02,Liverpool,L18 4DH,United Kingdom,FALSE
C4172,Cerys,Smith,cerys.smith99@btinternet.com,,2025-09-05,1976-02-05,Newport,NP13 6BH,UK,N
C5847,Lily,Robinson,lily.robinson98@outlook.com,07837991585,2026-06-26,,Birmingham,B9 5UE,United Kingdom,N
C4230,Amelia,Johnson,amelia.johnson73@outlook.com,07450 738002,30/07/2025,08-17-1985,Port Talbot,SA3 5BX,U.K.,yes
C3092,Katarzyna,Roberts,katarzyna.roberts72@icloud.com,+44 7423 967298,2025-01-01,1998-05-13,Leeds,LS16 3SY,United Kingdom,0
C2697,Tomasz,Robinson,tomasz.robinson71@outlook.com,07920 529890,2025/11/23,1993-08-06,Leeds,LS15 7ZD,United Kingdom,N
C4322,Sophie,Price,sophie.price86@hotmail.co.uk,07118415717,2024-12-29,1951-12-11,Glasgow,G1 1SU,United Kingdom,yes
C3298,Cerys,Khan,cerys.khan81btinternet.com,07105 803812,2024/04/16,29.07.84,Bangor,LL4 7AR,United Kingdom,1
C4037,Sophie,Walker,sophie.walker@yahoo.co.uk,07983 072712,2025-01-27,1978-11-14,Newport,NP19 7AD,United Kingdom,0
C2775,Zainab,Walker,zainab.walker80@gmail.com,+44 7636 270637,2023-07-04,1970-01-17,Bristol,BS6 6TX,U.K.,Yes
C5125,George,Morgan,george.morgan54@outlook.com,07176189123,2026-04-03,2002-05-07,Newport,NP13 2DL,GB,TRUE
C3912,Lily,Price,lily.price84@yahoo.co.uk,07310280130,2024-08-28,1969-09-08,Sheffield,S19 1TR,United Kingdom,FALSE
C3375,Bethan,Taylor,bethan.taylor67@hotmail.co.uk,07325199551,2024-08-29,1962-07-19,Swansea,SA9 9FP,UK,0
C1079,Gareth,Robinson,gareth.robinson90@gmail.com,07434 791576,2025-07-12,2000-04-04,Exeter,EX10 6LG,Wales,No
C5091,Lily,Ali,lily.ali@gmail.com,07882 311374,"June 06, 2025",1961-04-18,London,E12 2WU,england,no
C1640,Katarzyna,Nowak,katarzyna.nowak87@gmail.com,07304158642,2023-11-06,1956-03-08,Glasgow,G16 9XN,Great Britain,no
C1409,Megan,Thomas,megan.thomas99@yahoo.co.uk,+44 7965 567337,2026-07-16,11-23-1977,Port Talbot,SA2 7TP,UK,Yes
C1724,Ella,Davies,ella.davies69@hotmail.co.uk,07113 829689,2025-11-30,2003-09-24,Sheffield,S1 8GY,United Kingdom,No
C1748,Ivy,Singh,ivy.singh@gmail.com,07345 000411,2025-12-01,1988-04-27,Newport,NP4 6QN,United Kingdom,N
C2558,Bethan,Green,bethan.green86@btinternet.com,07316 161208,2023-09-22,1963-01-15,Port Talbot,SA7 8LQ,Great Britain,No
C1396,Callum,Evans,callum.evans@outlook.com,07112800653,2026-09-02,2001-05-09,Leeds,LS8 3UP,UK,no
C5056,Katarzyna,Griffiths,katarzyna.griffiths@icloud.com,07590591238,2025-06-27,1996-02-09,Exeter,EX5 6RN,Great Britain,
C1775,Ella,Khan,ella.khan@outlook.com,+44 7724 562370,2024-05-06,1952-06-20,Swansea,SA11 4PX,GB,TRUE
C1286,Seren,Murphy,seren.murphy96@icloud.com,07396 640569,2024-08-05,1991-12-31,Cardiff,CF1 6BY,United Kingdom,1
C1547,Ava,O'Brien,ava.obrien93@gmail.com,07845 818498,2024-11-16,1992-01-15,Birmingham,B19 5AZ,Wales,N
C5654,Owen,Williams,owen.williams79@yahoo.co.uk,+44 7163 363427,2026-06-19,,Sheffield,S5 5ZU,GB,
C2299,Fiona,Wood,fiona.wood74@outlook.com,07583 408725,2024-08-28,2004-09-03,Bangor,LL20 1DW,Great Britain,no
C2559,Freya,Jones,freya.jones78@btinternet.com,0726011,2024-08-21,1953-10-05,Nottingham,ng183gn,UK,No
C5515,Mia,Johnson,mia.johnson@icloud.com,07139883356,2024-04-19,1966-10-21,Edinburgh,EH7 9LP,GB,FALSE
C1192,Leo,Price,leo.price@btinternet.com,0783321,10-29-2025,1964-01-20,Exeter,EX8 5LD,United Kingdom,TRUE
C5186,Cerys,Robinson,cerys.robinson73@hotmail.co.uk,+44 7491 748456,04/04/2024,1979-06-17,Birmingham,B18 1NT,United Kingdom,Yes
C1040,Gareth,Edwards,gareth.edwards26@yahoo.co.uk,07661850853,2025-05-04,1991-01-19,Glasgow,G20 3AY,United Kingdom,N
C1772,Ella,Ali,ella.ali97@yahoo.co.uk,07790379136,2024/03/29,1954-02-23,,L20 9JP,United Kingdom,y
C1743,Zainab,Johnson,zainab.johnson88@icloud.com,07391641940,2024-01-22,1977-08-20,Newport,NP14 9TQ,United Kingdom,1
C5888,Gareth,Morgan,gareth.morgan93@gmail.com,07598839568,2023-12-01,1988-07-13,Birmingham,B10 9HG,UK,
C5370,Chloe,Khan,chloe.khan6@btinternet.com,07175 200345,2026-05-02,1950-05-03,Exeter,EX19 4PS,United Kingdom,
C2687,Jack,Jenkins,jack.jenkins21@yahoo.co.uk,+44 7268 260928,2023-06-08,1955-03-25,Glasgow,G19 6YF,United Kingdom,Y
C5180,Katarzyna,Edwards,katarzyna.edwards@outlook.com,+44 7434 566228,2023-06-22,1998-10-27,Nottingham,NG20 7LU,United Kingdom,yes
C6158,harry,Morgan,HARRY.MORGAN@GMAIL.COM,,2024/11/06,,Aberystwyth,SY10 8EZ,United Kingdom,1
C4791,Liam,Jones,liam.jones78@gmail.com,07195 650085,2023-09-06,1986-09-05,Newport,NP8 4FB,United Kingdom,Yes
C4869,Oliver,Jenkins,oliver.jenkins@outlook.com,07635434018,2024-10-21,1968-03-12,Exeter,EX12 8SZ,UK,No
C4033,Fiona,Murphy,fiona.murphy82@yahoo.co.uk,+44 7741 667331,2025-05-30,1963-01-15,Birmingham,B16 8GZ,United Kingdom,y
C4430,Leo,Edwards,leo.edwardsgmail.com,,"May 14, 2026",01-26-2005,Glasgow,G14 3TU,United Kingdom,no
C1968,Mia,Jenkins,mia.jenkins67@icloud.com,0737378,2023-07-01,02-10-1962,Leeds,LS2 8PQ,United Kingdom,Y
C5397,Priya,Williams,priya.williams92@icloud.com,07162 410369,07 Apr 2025,1967-09-13,Bristol,BS4 4GD,United Kingdom,TRUE
C6059,ELLA,Lewis,ELLA.LEWIS@OUTLOOK.COM,07190234789,2025-12-04,1991-11-25,Glasgow,G10 8LB,england,0
C3023,Ethan,Patel,ethan.patel2@gmail.com,07117763337,07-15-2026,1965-10-29,Manchester,M8 9RX,United Kingdom,Yes
C4319,Ivy,Patel,ivy.patel76@gmail.com,07741-237720,2025-11-18,1953-04-30,Newport,,U.K.,0
C4356,Isla,Singh,isla.singh74@yahoo.co.uk,+44 7359 308046,2024-07-20,1972-03-08,Bristol,BS4 6HX,GB,y
C4764,Zainab,Smith,zainab.smith81hotmail.co.uk,07612 830170,14.01.26,1974-05-21,Manchester,M8 1BF,UK,no
C2902,Bethan,Murphy,bethan.murphy@icloud.com,07807218360,13.07.23,2000-05-16,Leeds,LS6 3HT,United Kingdom,y
C3451,Dylan,Morgan,dylan.morgan88@icloud.com,0775418,2024-08-17,12 Apr 1994,Aberystwyth,,UK,Yes
C2204,Mohammed,Williams,mohammed.williams38@icloud.com,07274510416,2024-08-02,1986-01-19,Edinburgh,EH8 6TR,GB,0
C2421,Liam,Edwards,liam.edwards50@hotmail.co.uk,07198 671603,2025-01-08,1963-11-14,Nottingham,NG4 7FF,UK,FALSE
C5234,Lily,Robinson,lily.robinson93@hotmail.co.uk,07503 196239,2024-10-10,0000-00-00,Sheffield,S12 6JL,UK,
C6305,priya,Johnson,priya.johnson4@icloud.com,07825 036483,2024-01-19,1993-05-03,Swansea,SA3 2HU,U.K.,
C5282,George,Thompson,george.thompson76@yahoo.co.uk,07974 004789,2023-08-30,1961-07-06,Edinburgh,EH13 7NB,United Kingdom,TRUE
C5935,Arthur,Khan,arthur.khan82@outlook.com,07533782000,2024/03/27,"July 01, 1970",Aberystwyth,SY15 1YJ,United Kingdom,FALSE
C3675,Noah,Wood,noah.wood75@icloud.com,07550776982,2024-04-14,"January 26, 1994",manchester,M13 7BJ,United Kingdom,TRUE
C2609,Gareth,Robinson,gareth.robinson@hotmail.co.uk,07635477191,2026-04-10,1953-05-05,Birmingham,B18 5FP,Great Britain,y
C5262,Sophie,Smith, sophie.smith98@gmail.com ,07410 898247,2023-11-20,1958-12-23,Nottingham,NG13 8WZ,U.K.,TRUE
C2766,Amelia,Robinson,amelia.robinson@icloud.com,07286929007,2025-01-23,1978-02-03,Bristol,BS2 1DW,United Kingdom,1
C1089,Niamh,Evans,niamh.evans@yahoo.co.uk,07105 256183,2025-09-08,1985-12-20,Exeter,EX7 8DP,england,Y
C4566,Arthur,Nowak,arthur.nowak@hotmail.co.uk,07902 249775,15 Jan 2026,1992-03-12,Leeds,LS8 3GB,United Kingdom,Yes
C1109,Tomasz,McDonald,tomasz.mcdonald82@yahoo.co.uk,+44 7726 322046,2024-02-12,1955-04-24,Wrexham,LL11 8PQ,United Kingdom,No
C2601,Callum,Williams,callum.williams92@yahoo.co.uk,07682442863,N/A,1997-01-10,Manchester,m123lw,United Kingdom,Y
C5338,Owen,Murphy,owen.murphy@gmail.com,,14 Sep 2024,1962-07-14,Wrexham,,UK,no
C1674,Sophie,Evans,sophie.evans@outlook.com,07446 552291,2026-04-18,1959-01-23,Belfast,bt52bz,United Kingdom,TRUE
C4458,Rhys,Ali,rhys.ali80@btinternet.com,07424 422985,10-27-2023,02-12-2003,Liverpool,L3 6QP,UK,FALSE
C2362,Sean,Johnson,sean.johnson@gmail.com,07502 288920,2025-09-18,1967-05-14,Port Talbot,SA14 3UF,United Kingdom,y
C3352,Mohammed,Johnson,mohammed.johnson95@outlook.com,07811 446694,2026-01-26,02-16-1980,London,E1 9XD,Great Britain,TRUE
C5737,Isla,O'Brien,isla.obrien@gmail.com,07918 488787,2024-05-07,1993-06-02,Leeds,LS19 4QS,United Kingdom,yes
C2851,Leo,Robinson,leo.robinson@gmail.com,07455-671247,2024-05-31,"February 22, 1985",Glasgow,G4 4NQ,GB,N
C3234,Ava,Murphy,ava.murphy37@icloud.com,+44 7283 949228,2023-07-01,28/05/2000,London,E18 7PP,United Kingdom,1
C2359,Dylan,Wood,dylan.wood59@icloud.com,07951 598370,03-13-2025,1992-10-18,Glasgow,G6 3DT,United Kingdom,No
C3488,Ethan,Jones,ethan.jones72@btinternet.com,+44 7316 291394,2025-01-17,1995-07-23,Liverpool,L4 4EB,Wales,0
C2090,Mia,O'Brien,mia.obrien35@hotmail.co.uk,07826 369298,2025/03/06,10-21-1995,Birmingham,B17 4HY,United Kingdom,0
C2973,Rhys,Wood,rhys.wood19@icloud.com,,2025-10-16,1992-04-27,Bath,BA5 6QD,U.K.,Y
C5611,Lily,Hall,lily.hall74@outlook.com,,06.08.24,2000-04-05,Newport,NP6 9SJ,United Kingdom,no
C2844,Dylan,Hall,dylan.hall80@outlook.com,07750 119216,2025-09-23,1962-10-07,Bath,BA1 3UZ,,FALSE
C1104,Callum,Patel,callum.patel36@btinternet.com,+44 7356 467609,2025-07-28,1976-09-06,Newport,NP4 7XD,United Kingdom,no
C3528,Grace,Hughes,grace.hughes95@gmail.com,+44 7334 282833,24.02.24,1979-05-05,Newport,NP2 2DG,,yes
C1821,Priya,Ali,priya.ali85@hotmail.co.uk,0755476,2025-06-03,1950-09-16,Port Talbot,SA9 8QX,GB,Y
C3445,Harry,Murphy,harry.murphy47@yahoo.co.uk,07469 427157,2024-06-19,1970-06-08,Swansea,SA3 7GR,United Kingdom,No
C5219,Ethan,Griffiths,ethan.griffiths97@icloud.com,07115 522299,24 Apr 2024,1965/11/08,Newport,NP11 2XL,GB,N
C3783,Chloe,Price,chloe.price@btinternet.com,07197 867588,16 Aug 2025,2005-04-16,Liverpool,L7 8DH,Wales,TRUE
C1525,Dylan,Thomas,dylan.thomas@icloud.com,07211 463106,2025-09-12,03-28-1987,Belfast,BT4 8JU,United Kingdom,0
C2479,Oliver,Ali,oliver.ali20@hotmail.co.uk,07270 744817,2026-08-02,1962-08-01,London,E2 1YX,United Kingdom,0
C4441,Freya,Griffiths,freya.griffiths@icloud.com,+44 7470 644564,2026-01-08,1954-06-15,Port Talbot,sa88tt,United Kingdom,
C1998,Mohammed,Hughes,mohammed.hughes71@icloud.com,07810-658845,2024-09-19,,Aberystwyth,SY7 1PL,United Kingdom,N
C1886,Owen,Nowak,owen.nowak@yahoo.co.uk,07345-045104,2025-12-01,28 Oct 2000,Port Talbot,SA14 6PA,United Kingdom,y
C4744,Lily,Jones,lily.jones74@hotmail.co.uk,07137 446307,2025-05-05,30 Nov 1956,Exeter,EX20 4NS,U.K.,y
C3274,Lily,Price,lily.price71@outlook.com,07810-787990,2025/10/19,02-15-1965,Swansea,SA13 8NT,United Kingdom,yes
C5506,Ethan,Patel,ethan.patel82@btinternet.com,07441 525565,2024-08-04,2031-04-12,Belfast,BT1 4ZZ,United Kingdom,
C4432,Ravi,Lewis,ravi.lewis93@hotmail.co.uk,07562767113,2025-01-12,1959-03-20,Manchester,M19 8JL,Great Britain,Yes
C5509,Noah,McDonald,noah.mcdonaldoutlook.com,07701 144229,2026-05-02,1983-11-03,Belfast,BT3 9LQ,United Kingdom,
C4924,George,Lewis,george.lewis@yahoo.co.uk,07604601682,2025-02-16,08-14-1953,,L1 5DR,United Kingdom,yes
C3745,Aisha,Khan,aisha.khan@icloud.com,+44 7471 030452,2026-03-12,1980-12-15,Leeds,LS8 9PL,United Kingdom,N
C4725,Mia,Smith,mia.smith@gmail.com,07918186042,2026-01-28,2002-04-10,Belfast,BT5 4GL,United Kingdom,Y
C5846,Connor,Wood,connor.wood24@btinternet.com,07582 793073,2025-01-17,1984/02/21,Sheffield,S5 7WP,Wales,N
C5179,Lily,Williams,lily.williams93@hotmail.co.uk,07198 849915,2023-09-16,1970-09-27,Belfast,BT17 2BF,United Kingdom,no
C1252,Arthur,Williams,arthur.williams98@outlook.com,0798884,2024-06-03,20/07/1998,Port Talbot,SA3 2PE,United Kingdom,Yes
C4811,Grace,Roberts,grace.roberts63@icloud.com,+44 7380 576284,,25.04.74,Liverpool,L10 1SW,United Kingdom,0
C6201,rhys,Smith,rhys.smith92outlook.com,07540-610329,2023-08-30,1957-02-16,Leeds,LS16 4LW,U.K.,N
C4816,Arthur,Williams,arthur.williams44@outlook.com,0752667,2024/02/15,1990-06-26,Exeter,EX3 8UD,U.K.,y
C1512,Noah,Robinson,noah.robinson47@btinternet.com,+44 7364 911362,"March 31, 2024",1953-11-09,Manchester,M6 9TD,Great Britain,FALSE
C4635,Harry,Griffiths,harry.griffiths84@outlook.com,07646 599399,2025-04-24,2000-09-05,,ba197qn,UK,Y
C1849,Megan,Robinson,megan.robinson89@btinternet.com,+44 7448 359251,2025/11/23,1958-01-20,Birmingham,,UK,1
C6187,Noah ,McDonald,NOAH.MCDONALD@OUTLOOK.COM,07701 144229,"May 09, 2026",03 Nov 1983,Belfast,BT15 4PX,United Kingdom,No
C5876,Freya,Edwards,freya.edwards94@gmail.com,07780 437552,2024/11/13,1990-08-18,Swansea,SA4 9LU,United Kingdom,N
C3166,Noah,Jones, noah.jones90@yahoo.co.uk ,07482579943,12 May 2026,1994-06-10,Port Talbot,SA14 5WJ,United Kingdom,Y
C1675,Dylan,Hall,dylan.hall80@btinternet.com,+44 7699 695849,2024-05-18,1985-12-28,Bath,BA7 3GL,,No
C4659,Fiona,McDonald,fiona.mcdonald@yahoo.co.uk,07840 085010,2023-07-08,1984/05/16,Port Talbot,SA6 7UY,GB,yes
C1855,Aisha,Roberts,,0755692,0000-00-00,11 Jun 1974,Exeter,ex121ej,UK,1
C5384,Zainab,Green,zainab.green@outlook.com,07601 858749,2025-07-23,1991-11-11,Birmingham,B9 1JJ,United Kingdom,
C3918,Leo,Wood,leo.wood@icloud.com,07673 799112,2024-05-01,2005-01-25,Leeds,LS19 3ZA,UK,yes
C2582,Callum,Taylor,callum.taylor@icloud.com,07297 244839,10/10/2024,12/08/1975,Bristol,BS1 5TW,UK,FALSE
C3956,Fiona,Evans,fiona.evans77@outlook.com,07849 698651,24.09.24,02/08/1951,Leeds,LS1 3AE,england,N
C2727,Ella,Walker,ella.walker@btinternet.com,07682 954253,2023-11-11,2005-08-15,Wrexham,ll46rf,United Kingdom,FALSE
C3550,Ivy,Khan,ivy.khan@yahoo.co.uk,07679695637,10.04.25,1957-07-08,Nottingham,NG10 5FH,United Kingdom,
C6002,ella,Morgan,ELLA.MORGAN@OUTLOOK.COM,+44 7968 974569,14 Feb 2025,1959-11-18,Birmingham,B18 4ZS,United Kingdom,N
C6192,IVY,Patel,IVY.PATEL76@GMAIL.COM,07741-237720,2025-12-27,1953-04-30,Newport,NP15 1HL,United Kingdom,y
C3083,Ava,Morgan,ava.morgan91@hotmail.co.uk,0769262,2023-08-11,1988-01-22,Edinburgh,eh125rn,United Kingdom,FALSE
C4485,Ravi,Hughes,ravi.hughes92@gmail.com,07397 809732,2024/04/14,1995-09-08,Newport,NP9 5XG,UK,N
C1202,Zainab,McDonald,zainab.mcdonald94@hotmail.co.uk,07976-013066,2023-07-31,1900-01-01,CARDIFF,CF12 8XF,United Kingdom,N
C4783,Leo,Taylor,leo.taylor94@gmail.com,07933 591990,2025-05-30,1974-09-13,Nottingham,NG5 2RS,United Kingdom,1
C1026,Seren,Edwards,seren.edwards79@outlook.com,+44 7235 106384,2024-08-13,1999-11-10,Wrexham,LL16 2GG,United Kingdom,Yes
C6004,Bethan ,Thompson,bethan.thompson85@icloud.com,07745 328260,07/09/2026,1970-06-10,Belfast,BT11 9YE,england,TRUE
C1951,Gareth,Thomas,gareth.thomas82@hotmail.co.uk,07766 154758,02-17-2026,1988-02-04,swansea,SA2 3TJ,U.K.,N
C5249,Niamh,Singh,niamh.singh@btinternet.com,07988 869465,26/10/2024,1981-09-10,Port Talbot,SA10 6SN,Wales,0
C5918,Jack,Smith,jack.smith@hotmail.co.uk,07813 318232,2025-11-12,1954-10-07,Bangor,LL8 2LQ,UK,no
C2528,Leo,Davies,leo.davies@btinternet.com,07484 761931,2025-09-21,1964-01-04,Swansea,SA2 6TA,United Kingdom,Yes
C3136,Lily,Patel,lily.patel@yahoo.co.uk,07536 570493,2023-11-01,1964-07-05,Liverpool,L8 5TD,United Kingdom,1
C2399,Callum,Roberts,callum.roberts@btinternet.com,07456 527552,2025-04-27,2005-12-09,Exeter,EX19 9BT,United Kingdom,yes
C1764,Zainab,Khan,zainab.khan55@gmail.com,07662 254964,2024-07-15,1963-05-07,Liverpool,L12 1PA,United Kingdom,No
C3376,Ivy,Roberts,ivy.roberts78@outlook.com,07987 028157,2023-10-08,23.04.82,Sheffield,S3 2PE,United Kingdom,0
C6254,owen,Price,OWEN.PRICE@ICLOUD.COM,07904 597698,13/03/2026,1979-04-27,Edinburgh,EH19 1SB,UK,TRUE
C3194,Seren,Thomas,seren.thomas65@icloud.com,07280 680138,,1994-10-02,Port Talbot,SA4 3QY,UK,Yes
C2131,Seren,Hall,seren.hall@icloud.com,,11 Jul 2024,14/04/1951,Sheffield,S8 8FH,United Kingdom,yes
C3506,Sophie,Walker,sophie.walker34@btinternet.com,07541162145,2023-07-15,1999-08-20,Leeds,LS14 7LA,United Kingdom,y
C1843,Niamh,Jones,niamh.jones60@btinternet.com,07642 050123,"August 20, 2023",1984-11-11,Birmingham,B4 9NT,United Kingdom,TRUE
C3589,Seren,Williams,seren.williams@hotmail.co.uk,07886168865,18 Feb 2026,1978-07-24,London,E11 8TY,UK,1
C1936,Aisha,Nowak,aisha.nowak96@yahoo.co.uk,+44 7627 233203,2024-11-13,1984-06-12,Bristol,BS10 1YS,UK,N
C5591,Niamh,Singh,niamh.singh@gmail.com,+44 7169 797382,2026-05-09,1972-05-27,Belfast,BT5 9TF,england,
C5641,Mohammed,Walker,mohammed.walker92@hotmail.co.uk,07864793672,2026-03-30,1988-08-15,Bath,ba12hs,United Kingdom,0
C5152,Callum,Singh,callum.singh92@hotmail.co.uk,,16/08/2025,2005-06-02,Birmingham,B15 9GR,UK,
C6214,Jack ,Singh,jack.singh70@icloud.com,07970792262,2025-01-11,1975-08-18,Bangor,LL19 9HQ,United Kingdom,
C1727,Owen,Hall,owen.hall@yahoo.co.uk,+44 7241 687244,2026-06-24,1956/01/20,Glasgow,G3 9TW,United Kingdom,No
C6041,dylan,Morgan,dylan.morgan77@outlook.com,07754 098890,2025-05-09,1981-07-07,Belfast,BT15 3ZR,United Kingdom,No
C5355,Ava,Ali, ava.ali94@icloud.com ,07303 214529,2025-08-16,1998-07-18,Liverpool,L13 3JL,United Kingdom,Yes
C4484,Fiona,McDonald,fiona.mcdonald@outlook.com,0789149,2026-09-16,1960-11-29,Wrexham,ll196lj,United Kingdom,N
C3872,Amelia,Taylor,amelia.taylor74@hotmail.co.uk,07384161729,2025-01-10,1961-11-21,Swansea,SA20 5XP,Wales,Yes
C4078,Tomasz,Green,tomasz.green97@yahoo.co.uk,+44 7264 989047,2025-02-11,1991-11-02,Glasgow,G7 9BB,United Kingdom,N
C3232,Megan,Singh,megan.singh16@gmail.com,07585 332393,2023/09/16,1984-10-17,Swansea,SA3 1FA,GB,Yes
C3979,George,O'Brien,george.obrien46@gmail.com,07909 927836,2025-04-26,1974-07-06,BIRMINGHAM,b182gx,United Kingdom,
C2992,Aisha,Hall,aisha.hall@icloud.com,,2024-12-26,1993/05/22,Edinburgh,EH13 2WW,United Kingdom,
C2907,Liam,Jenkins,liam.jenkins87@btinternet.com,07669 916393,2024-06-12,1994-05-28,Leeds,LS4 5GZ,UK,TRUE
C6060,grace,Taylor,grace.taylor91@btinternet.com,+44 7269 025878,2025-04-26,1956-03-09,Port Talbot,SA2 1AW,United Kingdom,1
C5108,Lily,Morgan,lily.morgan@outlook.com,+44 7618 115950,2023-10-26,1986-07-29,Exeter,EX1 2YU,,0
C1797,Zainab,Price,zainab.price72@outlook.com,07187 647905,2023-12-29,1964-09-07,Swansea,sa64bb,UK,no
C4999,Liam,Edwards,liam.edwards@gmail.com,07358403619,2025/08/04,2003-03-26,Newport,NP4 2DT,United Kingdom,No
C2255,Mohammed,Hall,mohammed.hall50@hotmail.co.uk,+44 7939 361380,2023-12-13,1961-06-28,Swansea,SA13 1GD,UK,N
C5080,George,Jenkins,george.jenkins@btinternet.com,07852-629339,2025-02-09,1965-08-21,Bangor,LL7 7YL,United Kingdom,Y
C4438,Cerys,Wood,cerys.wood83@hotmail.co.uk,+44 7840 274949,2024-07-14,1985-07-23,Belfast,BT19 1TZ,Great Britain,Y
C3175,Fiona,Williams,fiona.williams41@gmail.com,07166485639,2024-09-13,1950-06-18,Glasgow,G18 2EL,United Kingdom,no
C3953,Ava,O'Brien,ava.obrien90hotmail.co.uk,07791664772,2023-08-25,1957-10-12,Aberystwyth,SY10 2SD,,0
C3559,Ravi,Taylor,ravi.taylor70@hotmail.co.uk,0730042,19 Aug 2024,1997-10-12,Liverpool,L13 4SS,United Kingdom,N
C4798,Mohammed,Singh,mohammed.singh54@icloud.com,+44 7594 790091,15 May 2026,1988-05-31,cardiff,CF19 6FL,UK,FALSE
C1450,Arthur,Lewis,arthur.lewis80@btinternet.com,07913 764269,12-18-2025,2000-12-01,Bristol,BS10 1DF,UK,FALSE
C5762,Ethan,O'Brien,ethan.obrien68@hotmail.co.uk,+44 7615 459562,2024-08-26,1973-09-18,Manchester,M8 6QP,england,no
C5175,Amelia,Evans,amelia.evans49@outlook.com,07537 810587,31.08.24,1968-03-11,Swansea,SA19 8FA,United Kingdom,N
C6298,Tomasz ,Walker,tomasz.walker72@icloud.com,+44 7974 271221,2024-02-12,09-05-1969,Bristol,BS3 3EE,UK,no
C5649,Liam,Johnson,liam.johnson@hotmail.co.uk,07431 317248,2023-11-08,1961-01-02,Port Talbot,SA20 3AT,United Kingdom,Yes
C4777,Amelia,Hughes,amelia.hughes82@hotmail.co.uk,07612 358342,2026-04-27,"May 19, 1977",Belfast,BT14 1BH,UK,No
C3553,Mohammed,Robinson,mohammed.robinson43@yahoo.co.uk,07567 800664,2026-03-28,1967-11-21,,S3 8LL,United Kingdom,0
C1058,Callum,Smith,callum.smith78@btinternet.com,+44 7180 582761,2025-12-23,1983-02-22,Birmingam,b22jh,United Kingdom,1
C2261,Harry,O'Brien,harry.obrien36@btinternet.com,+44 7439 307870,unknown,1994-07-03,Port Talbot,SA11 6JG,Great Britain,yes
C2442,Gareth,Thomas,gareth.thomas85@gmail.com,07380 957874,2025-12-15,1951-09-27,Bristol,BS5 6US,UK,
C3934,Noah,Johnson,noah.johnson93@outlook.com,07700 654193,2024-09-24,1951-09-25,Bath,BA6 4QS,United Kingdom,no
C5638,Katarzyna,Patel,katarzyna.patel40@gmail.com,07380 944394,06/06/2024,27/04/1983,Swansea,SA17 8WP,United Kingdom,y
C2296,Ethan,Griffiths,ethan.griffiths@hotmail.co.uk,07685 196659,2025-07-25,1968-06-12,Bristol,BS7 8GX,United Kingdom,Yes
C3341,Harry,Wood,harry.wood@hotmail.co.uk,07514625926,05/06/2026,1963-05-06,Exeter,EX3 9PR,Great Britain,N
C3572,Connor,Smith,connor.smith@yahoo.co.uk,07437 451076,2023-09-22,1972-12-13,Sheffield,S5 7GT,United Kingdom,y
C4557,Ava,Hall,ava.hall90@hotmail.co.uk,07507 027125,2024-07-16,1992-02-28,Exeter,EX6 4HT,,yes
C5910,George,Price,george.price@gmail.com,07395 493607,15/03/2024,2001/09/08,Nottingham,NG16 4NY,,FALSE
C2285,Tomasz,Griffiths,tomasz.griffiths@btinternet.com,07272 237774,2024-04-13,1958-07-19,Wrexham,LL12 1TY,United Kingdom,FALSE
C3775,Freya,Wood,freya.wood@outlook.com,+44 7691 231062,2025/05/27,1955-01-30,London,E19 6QA,United Kingdom,yes
C2553,Cerys,Hall,cerys.hall5@hotmail.co.uk,07451201025,2026-02-16,1970/07/10,Bangor,LL3 3NT,Wales,y
C5915,Ethan,Murphy,ethan.murphy@yahoo.co.uk,+44 7873 336591,2026-01-11,1970-07-28,London,E5 4DP,United Kingdom,Y
C3971,Katarzyna,Evans,katarzyna.evans98@btinternet.com,,06/06/2026,1975-08-02,Sheffield,S5 1AG,england,No
C1511,Lily,Walker,lily.walker@gmail.com,+44 7641 382483,2026-03-11,1979-08-16,Belfast,BT17 7AB,United Kingdom,1
C3159,Arthur,Smith,arthur.smith@btinternet.com,0755737,2025-06-28,1959-12-02,Nottingham,,United Kingdom,Y
C3974,Callum,Wood,callum.wood16@gmail.com,,12-17-2023,1985-06-24,Wrexham,LL13 9TE,UK,FALSE
C4561,Connor,Griffiths,connor.griffiths@btinternet.com,07183 441150,2023-11-03,1958-01-31,Aberystwyth,SY11 9XU,UK,N
C1304,Noah,Morgan,noah.morgan@yahoo.co.uk,07641 580171,2025-05-20,1960-04-23,Glasgow,G3 1TJ,U.K.,Yes
C2282,Tomasz,O'Brien,tomasz.obrien22@btinternet.com,+44 7180 210965,2024-08-24,27.07.81,Bangor,LL1 3FB,england,y
C4917,Dylan,O'Brien,dylan.obrien72@icloud.com,07704415216,2023-10-28,1999-03-20,Bath,BA8 6EU,United Kingdom,No
C5261,Liam,Hall,liam.hall91@outlook.com,07487262040,2024-03-10,1968-04-15,Belfast,BT16 9LN,United Kingdom,TRUE
C1360,Seren,Green,seren.green@outlook.com,07715 255432,2023/08/28,1963-12-08,Cardiff,CF10 6LY,UK,FALSE
C1170,Ethan,Hall,ethan.hall@btinternet.com,07582 863747,01-19-2025,1986-02-13,Bristol,bs128tu,United Kingdom,N
C2974,Mohammed,Roberts,mohammed.roberts7@icloud.com,07977 886124,,1953-07-24,Swansea,SA16 8LQ,GB,yes
C2893,Gareth,Hall,gareth.hall88@gmail.com,,03/10/2025,1960-06-11,Manchester,M1 1XG,United Kingdom,0
C4337,Katarzyna,Evans,katarzyna.evans@outlook.com,0754120,2026-04-28,1998-08-12,Edinburgh,EH18 3UN,United Kingdom,No
C5248,Mohammed,McDonald,mohammed.mcdonald38@yahoo.co.uk,07267011489,2024-04-12,1965-07-18,Bangor,LL12 3WF,United Kingdom,N
C6241,SEAN,Griffiths,SEAN.GRIFFITHS96@BTINTERNET.COM,07980-096674,2024-01-04,1900-01-01,Belfast,BT4 9RH,United Kingdom,Y
C6014,CALLUM,Nowak,callum.nowak8@yahoo.co.uk,07903 415329,11/02/2025,1954-05-16,Wrexham,,United Kingdom,FALSE
C2268,Dylan,Ali,dylan.ali@icloud.com,07163 221305,2024-04-19,1963-11-06,Bath,BA17 7SY,GB,
C1945,Noah,Ali,noah.ali24@gmail.com,07353-388026,2023-08-12,1957-05-28,Aberystwyth,SY4 9BX,United Kingdom,no
C3514,Tomasz,Hughes,tomasz.hughes@icloud.com,07835 543040,23/09/2024,N/A,,SA19 8NG,United Kingdom,
C6055,SEAN,Wood,SEAN.WOOD3@BTINTERNET.COM,07676-980423,2024-02-29,1979-06-20,Wrexham,LL3 9AD,United Kingdom,N
C6260,AMELIA,Nowak,amelia.nowak96@yahoo.co.uk,,2025-05-25,1960-01-28,Bristol,BS15 5EU,United Kingdom,0
C4091,Fiona,Murphy,fiona.murphy74@yahoo.co.uk,0781162,2024-01-10,1977-04-23,Bristol,BS18 3HW,United Kingdom,No
C5916,Leo,Morgan,,07729-166886,2024-11-11,1954-08-10,Bath,BA18 6UR,United Kingdom,y
C3196,Sean,Green,sean.green97@yahoo.co.uk,07320442712,2024-03-25,2003-03-05,Sheffield,S11 8BS,United Kingdom,y
C3171,Zainab,Lewis,zainab.lewis@icloud.com,+44 7576 305395,2025-12-17,1953/06/09,Bristol,BS10 9UE,United Kingdom,
C5130,Amelia,Davies,amelia.davies94@outlook.com,07267111303,2026/09/05,1968-06-06,Birmingham,B10 8TJ,United Kingdom,y
C5294,Arthur,O'Brien,,+44 7167 523129,2025/05/06,1954-08-16,Bangor,LL19 7WP,UK,Yes
C3097,Noah,Morgan,noah.morgan@outlook.com,07447188512,2025-09-27,1971-03-01,Cardiff,CF6 4NE,United Kingdom,No
C2000,Seren,Smith,seren.smith@outlook.com,07854377879,2023-06-10,06 Apr 1969,Manchester,M12 7RT,GB,no
C5959,Chloe,Nowak, chloe.nowak89@yahoo.co.uk ,+44 7220 456378,2024-07-14,1992-06-10,Liverpool,L4 9AP,United Kingdom,1
C3324,Lily,Lewis,lily.lewis@hotmail.co.uk,07574 115478,2026-08-20,01 Jun 1963,Liverpool,L7 5EN,UK,Y
C4296,Rhys,Hall,rhys.hall53@hotmail.co.uk,07578 841158,2025/12/24,1954-06-27,Wrexham,,UK,FALSE
C3316,Ella,Ali,ella.ali85@icloud.com,,30 May 2025,08 Jun 2002,Cardiff,CF3 2PE,United Kingdom,0
C5435,Cerys,Thomas,cerys.thomas97@outlook.com,07241 300436,"July 29, 2026",09-20-1999,Newport,NP5 7DU,UK,y
C5695,Fiona,Smith,fiona.smith@btinternet.com,07369-109050,2026-01-10,1985-12-13,Edinburgh,EH5 4QZ,UK,1
C2565,Oliver,Ali,oliver.aliyahoo.co.uk,07771 024509,08-30-2025,2005-11-19,Wrexham,LL15 4PN,United Kingdom,
C4397,Freya,Singh,freya.singh1@outlook.com,+44 7910 589741,12 Aug 2025,1956/12/23,Nottingham,NG11 7DN,UK,no
C4217,George,Nowak,george.nowak83@icloud.com,,2025-02-26,1968-05-04,Newport,NP20 4LH,england,Y
C2385,George,Lewis,george.lewis@outlook.com,07590 129440,2025-03-21,2004-04-12,london,E15 5HF,United Kingdom,1
C1466,Amelia,Jones,amelia.jones76@yahoo.co.uk,07723773415,19 May 2026,1983-09-03,Newport,NP4 8XZ,United Kingdom,0
C4542,Mia,O'Brien,mia.obrien87@yahoo.co.uk,07238843837,10-14-2024,1991/10/04,Edinburgh,EH14 5EG,United Kingdom,N
C4975,Tomasz,Morgan,tomasz.morgan@yahoo.co.uk,07305-940301,2026-04-22,1997-08-25,Leeds,LS3 7SR,United Kingdom,Y
C5072,Mia,Green,mia.green18@yahoo.co.uk,,2025-11-06,10-09-1976,Liverpool,L18 3YT,UK,FALSE
C3047,Mia,Robinson,mia.robinson@outlook.com,07263815687,2024-09-29,2003-04-08,Belfast,BT1 6XG,United Kingdom,
C2193,Seren,Edwards,seren.edwards93@hotmail.co.uk,07921 250195,2025-11-18,17 Apr 1956,Exeter,EX10 4PS,United Kingdom,Yes
C1020,Arthur,Edwards,arthur.edwards@gmail.com,07959050528,2023-08-09,1998-11-15,Port Talbot,SA2 4GR,,1
C5965,Harry,Singh,harry.singh82@gmail.com,07508 887079,11-07-2025,1966-08-18,Glasgow,g108xu,United Kingdom,
C4604,Ethan,Williams,ethan.williams11@yahoo.co.uk,07696 959212,2025-01-16,1997-10-20,Swansea,SA13 7UT,Great Britain,No
C2511,Katarzyna,Morgan,katarzyna.morgan84@btinternet.com,07928 080931,"August 11, 2023",1982-10-31,Nottingham,NG20 9QY,United Kingdom,0
C1412,Tomasz,O'Brien,tomasz.obrien@outlook.com,07618 586789,2025-11-15,1973-07-17,Nottingham,NG20 2LX,Great Britain,No
C1774,Sophie,Jenkins,sophie.jenkins80@btinternet.com,+44 7778 888318,2024-08-07,1965-11-19,Cardiff,CF14 1UY,UK,yes
C5835,Ella,Walker,ella.walker63@hotmail.co.uk,+44 7853 653963,2024-01-30,1999/09/04,london,E15 1LG,UK,yes
C3219,Arthur,Green,arthur.green@gmail.com,07222 342803,2026-08-27,1980-03-24,,BA17 7JD,United Kingdom,Y
C4328,Sophie,Lewis,sophie.lewis@outlook.com,,2026-02-14,1989-12-16,Birmingham,B4 8TL,United Kingdom,no
C3441,Ravi,Thomas,ravi.thomas12@btinternet.com,0777465,05 Apr 2026,27 Dec 1953,Leeds,LS18 8JL,United Kingdom,y
C3248,Amelia,Smith,amelia.smith72@gmail.com,07197 728067,15 Jan 2026,1970-08-08,Sheffield,S18 6RL,United Kingdom,TRUE
C1979,Jack,Wood,jack.wood@icloud.com,+44 7194 336460,11 May 2026,1980-02-25,Swansea,SA19 4LF,United Kingdom,y
C4311,Ava,Nowak,ava.nowak@yahoo.co.uk,+44 7107 069096,2023-12-09,1958-10-23,Cardiff,CF16 8DJ,UK,1
C1939,Liam,Morgan, liam.morgan78@hotmail.co.uk ,07374118052,2025-03-06,1999-11-13,Cardiff,CF2 2SZ,UK,1
C4367,Zainab,Davies,zainab.davies90@btinternet.com,07500-350994,2026-01-02,1958-02-02,Cardiff,CF7 3JN,Wales,1
C3062,Harry,O'Brien,harry.obrien@outlook.com,07736579983,2024-05-02,1973-06-18,Exeter,EX16 5DF,United Kingdom,TRUE
C5349,Bethan,Walker,,07947 212340,2026-08-19,1998-08-29,Swansea,SA13 7TE,U.K.,
C3789,Mohammed,Smith,mohammed.smith82@outlook.com,07879 858991,2026-06-05,2005-11-08,Exeter,EX1 9HL,United Kingdom,Y
C2827,Lily,Wood,lily.wood96@outlook.com,07354-402166,2025-06-19,1988-06-30,Bath,BA18 4NN,United Kingdom,FALSE
C2843,Seren,Williams,seren.williams97@outlook.com,,2023-07-17,1983-06-21,Bristol,BS16 5FN,GB,TRUE
C5905,Owen,O'Brien, owen.obrien@hotmail.co.uk ,07165 442523,2023-10-04,,Bath,,United Kingdom,yes
C3012,George,Ali,george.ali85@gmail.com,07181 657712,2025/10/14,1956-04-11,Bath,BA16 8UN,United Kingdom,No
C4620,Katarzyna,Nowak,katarzyna.nowak@gmail.com,0728773,2024/04/05,1960-06-14,Cardiff,CF1 6JN,UK,TRUE
C2069,Mia,Hall,mia.hall99@icloud.com,07305 853740,2026-09-06,1978-08-28,Swanzea,SA12 2EF,United Kingdom,Yes
C3919,Sophie,Murphy,sophie.murphy87@gmail.com,07819134235,2025-02-19,1965-02-10,Exeter,ex139rn,United Kingdom,Yes
C1315,Mohammed,Davies,mohammed.davies@yahoo.co.uk,07598 726680,2023-12-26,1995-09-24,Bristol,BS17 2TP,United Kingdom,N
C1773,Zainab,Green,zainab.green91@yahoo.co.uk,07337 255076,2025-08-20,1980-01-27,Glasgow,G8 2RT,UK,TRUE
C5392,Noah,Williams,noah.williams@btinternet.com,07221 413609,2024-03-22,"June 02, 1989",Newport,np73dt,United Kingdom,y
C1476,Aisha,Patel,aisha.patel@gmail.com,07417-628456,2024-10-28,1967-10-03,Port Talbot,SA3 6BP,United Kingdom,FALSE
C3983,Ella,Griffiths,ella.griffiths17@hotmail.co.uk,+44 7180 606962,2026-01-07,1973-10-20,Newport,NP18 9NN,Wales,N
C3710,Isla,Roberts,isla.roberts92@gmail.com,,06 Jul 2024,1959/06/27,Edinburgh,EH3 8BD,United Kingdom,y
C1388,Priya,Evans,priya.evans@outlook.com,+44 7365 540524,2026-03-22,1978-12-10,Newport,NP20 3QU,United Kingdom,Yes
C1932,Ella,Walker,ella.walker93@btinternet.com,07315 418694,2026-07-31,1955-09-15,Belfast,,United Kingdom,y
C4329,Megan,Thompson,megan.thompson@yahoo.co.uk,07329 943789,2023-08-25,1972-02-11,Birmingham,B14 9FS,Wales,Yes
C1127,Aisha,Jenkins,aisha.jenkins2@yahoo.co.uk,07717-024263,,1953-12-13,Glasgow,G17 3YH,United Kingdom,no
C3922,Arthur,Roberts,arthur.roberts81@icloud.com,07847 237938,2026-03-22,1962-11-18,Glasgow,G13 8QS,United Kingdom,no
C2104,Leo,Morgan,leo.morgan@outlook.com,+44 7730 789234,2026-09-30,05 Dec 1973,Sheffield,S8 9QG,United Kingdom,1
C1692,Chloe,Thompson,,07673 171635,2023-11-10,22.03.54,Aberystwyth,SY9 7LY,United Kingdom,
C1151,Rhys,Williams,rhys.williams@icloud.com,07856625763,2025-07-09,10-08-1998,Port Talbot,SA16 3UW,United Kingdom,0
C1812,Aisha,Thomas,aisha.thomas17@yahoo.co.uk,07100-933605,13/12/2025,1973-09-14,Birmingham,B19 3NL,United Kingdom,Y
C1019,Connor,Hall,connor.hall@yahoo.co.uk,07444481104,2024-04-11,2005-12-03,Manchester,M16 5AH,United Kingdom,FALSE
C5528,Sean,Singh,sean.singh71@hotmail.co.uk,07269 690719,2023-09-20,1981-08-03,Exeter,EX4 1NT,U.K.,1
C1548,Ivy,Ali, ivy.ali86@btinternet.com ,07879149482,08-08-2024,2002-05-31,Wrexham,LL5 2FF,United Kingdom,no
C5955,George,Lewis,george.lewis@btinternet.com,07291-171023,2024-10-18,1987-07-15,Bristol,BS15 6HU,GB,
C1427,Chloe,Morgan,chloe.morgan@btinternet.com,07329712452,07-20-2026,1985/08/27,Newport,NP7 2LA,UK,N
C3837,Bethan,Robinson,bethan.robinson59@gmail.com,07132686657,2024-10-15,1978-02-10,Bristol,BS4 9ZP,United Kingdom,yes
C5987,Ivy,Ali,ivy.ali@btinternet.com,07906 183077,23.06.25,1992-07-13,Wrexham,LL4 1NT,UK,yes
C3560,Connor,Walker,connor.walker9@yahoo.co.uk,07646 983663,2023-09-15,1970-10-01,Bristol,BS15 8AA,Great Britain,Yes
C4716,Noah,Khan,noah.khan73@gmail.com,07193 288455,2023-06-13,2004-05-26,Leeds,LS11 9ZQ,United Kingdom,Yes
C4833,Liam,Singh,liam.singh@outlook.com,07151173449,2025-04-09,1980-03-07,Bangor,,UK,Yes
C3535,Lily,Evans,lily.evans80@hotmail.co.uk,0786184,2023-09-13,1992-02-04,Port Talbot,SA3 7EA,United Kingdom,Y
C3505,Freya,Robinson,freya.robinson@gmail.com,07853 007750,10-27-2025,1971-05-10,Manchester,M19 5SU,Great Britain,
C3325,Mia,Taylor,mia.taylor@gmail.com,07560551300,2024-09-14,1988-09-03,Birmingham,B14 9ZJ,UK,Yes
C1330,Noah,O'Brien,noah.obrien83@outlook.com,0752493,2024-01-24,,Aberystwyth,,United Kingdom,y
C3795,Amelia,Thompson,amelia.thompson70@btinternet.com,07945 333666,2025-04-22,1970-04-23,Glasgow,G8 4RF,United Kingdom,yes
C4025,Priya,Hall,priya.hall@hotmail.co.uk,+44 7157 590259,2026-04-03,03-06-1989,Sheffield,S17 8BT,United Kingdom,y
C1277,Harry,Walker,harry.walker@hotmail.co.uk,+44 7569 296917,2026-03-05,1966-11-06,edinburgh,EH7 6NG,Wales,No
C4946,Seren,Williams,seren.williams@icloud.com,07768 864154,17/12/2023,1981-10-03,Bangor,LL2 5NU,United Kingdom,No
C4886,Callum,McDonald,callum.mcdonald@gmail.com,07956-790229,2025-06-09,1983-09-29,Edinburgh,EH14 4FE,United Kingdom,1
C5971,Arthur,Murphy,arthur.murphy33@icloud.com,07799 198785,2024-11-24,1950-12-06,Swansea,SA5 3JF,United Kingdom,no
C2965,Priya,Ali,priya.ali76@btinternet.com,+44 7982 566444,2023-09-05,1998-06-05,Port Talbot,SA17 6UB,GB,yes
C1572,Jack,Evans,jack.evans85@yahoo.co.uk,07219124070,2024-09-08,1982-06-03,Bristol,BS3 4RG,england,FALSE
C6109,oliver,Ali,oliver.ali94@yahoo.co.uk,07243 665313,16.08.24,1956-05-19,Birmingham,,,yes
C1975,Katarzyna,Jones,katarzyna.jones@gmail.com,+44 7200 974239,10-19-2025,"May 18, 1981",Exeter,EX20 9GW,UK,FALSE
C5609,Owen,Smith,owen.smith@hotmail.co.uk,07202 447481,2024-05-22,1996-03-02,Liverpool,L5 7YA,Wales,
C3203,Jack,Price,jack.price52@yahoo.co.uk,07296991764,2023-12-27,2002/03/26,Exeter,EX4 2JR,United Kingdom,1
C5163,Niamh,Griffiths,niamh.griffiths@yahoo.co.uk,07103 113607,2024-07-30,1989-12-24,Bristol,BS15 9DS,United Kingdom,
C5038,George,Wood,george.wood@yahoo.co.uk,07431163465,2025/04/17,"September 13, 1999",Manchester,m178gr,United Kingdom,No
C2429,Sophie,Ali,sophie.ali@icloud.com,07189063645,2023-07-29,1994-05-16,Swansea,SA14 3PD,GB,no
C2430,Rhys,Hall,rhys.hall@gmail.com,+44 7296 230251,2025-01-08,1953-04-06,Liverpool,L10 7XD,United Kingdom,1
C3437,Ravi,Edwards,ravi.edwards92@yahoo.co.uk,+44 7354 490014,2023-10-28,1969-04-26,Nottingham,NG3 4RS,U.K.,N
C5679,Ravi,Singh,ravi.singh78@outlook.com,07218 225877,2025-11-05,1988-11-17,Newport,NP9 1FP,United Kingdom,FALSE
C1052,Liam,Roberts,liam.roberts96@yahoo.co.uk,+44 7258 463126,2025-05-18,1969-02-05,Sheffield,S8 6YR,United Kingdom,Yes
C6101,HARRY,Murphy,harry.murphy90@yahoo.co.uk,07876-981638,2023/08/15,1962/01/05,Aberystwyth,sy104ln,United Kingdom,Y
C2078,Ivy,Singh,ivy.singh@yahoo.co.uk,07106 240494,2025-08-13,1978-08-22,Edinburg,EH14 5WU,Great Britain,FALSE
C4885,Leo,Wood,leo.wood5@outlook.com,07759 843757,2023-07-06,2003-05-30,London,E15 5BZ,United Kingdom,0
C2800,Aisha,Nowak,aisha.nowak@icloud.com,07376-965954,2024-10-11,1952-03-24,Port Talbot,SA8 4DD,Great Britain,no
C2792,Cerys,Price,cerys.price98@hotmail.co.uk,+44 7981 053463,2026-01-06,1954-06-29,Wrexham,LL16 7XX,United Kingdom,TRUE
C4407,Mohammed,Johnson,"mohammed.johnson70@gmail,com",+44 7189 777130,2024-03-31,1975-09-01,London,E20 4HX,United Kingdom,0
C1327,Harry,Patel,harry.patel16@hotmail.co.uk,07409 770670,2026-02-06,1961-10-22,London,E19 6YT,United Kingdom,no
C6221,liam,Edwards,LIAM.EDWARDS78@BTINTERNET.COM,07854 665305,2023-07-26,07/09/1960,Exeter,EX12 1QZ,United Kingdom,yes
C4836,Seren,Evans,seren.evans@btinternet.com,07682 526057,2023-12-03,1989-11-14,Edinburgh,EH6 2HG,UK,
C5759,Freya,Williams,freya.williams@gmail.com,07687 072520,02.09.26,2001-12-11,Glasgow,,United Kingdom,no
C5428,Ivy,Williams,ivy.williams98@outlook.com,07949-073267,2025-08-04,1971-11-11,Liverpool,L15 1RA,United Kingdom,TRUE
C6161,Niamh ,Ali,niamh.ali78@outlook.com,0713923,2026-09-05,1997-08-16,Sheffield,S14 9LE,United Kingdom,N
C6086,noah,Ali,noah.ali70@hotmail.co.uk,07931682824,2024-02-10,1974-11-20,Wrexham,LL15 8DS,GB,no
C1303,Leo,Nowak,leo.nowak75@btinternet.com,0723564,03-14-2026,1993-11-15,Leeds,LS8 7WS,United Kingdom,
C5386,Aisha,Taylor,aisha.taylor@hotmail.co.uk,07708 801081,2024-04-28,1982-12-16,Cardiff,CF18 5PU,UK,FALSE
C1876,Isla,Evans,isla.evans91@btinternet.com,+44 7769 018644,"January 10, 2025",1972-07-19,Edinburg,EH8 2BP,U.K.,
C1455,Tomasz,Walker,tomasz.walker95@outlook.com,07479383356,2024-10-17,1900-01-01,Edinburgh,EH12 1WF,United Kingdom,Yes
C3302,Noah,Evans,noah.evans74@gmail.com,07201 859074,08 Jul 2024,1961-12-07,Aberystwyth,SY13 5UH,Great Britain,FALSE
C4809,Fiona,Jones,,+44 7186 935655,2024-12-13,1983-11-23,Birmingham,B18 7RZ,United Kingdom,0
C2691,Tomasz,Walker,tomasz.walker72@icloud.com,+44 7974 271221,07 Jan 2024,09-05-1969,Bristol,BS4 9YJ,U.K.,Y
C4645,Liam,Morgan,liam.morgan91@hotmail.co.uk,07345 165786,2025/10/02,1988-08-05,Edinburgh,,UK,No
C2695,Harry,Wood,harry.wood@btinternet.com,07263-207036,2025-11-27,13.04.94,Glasgow,G6 7ER,United Kingdom,FALSE
C3575,Ella,O'Brien,ella.obrien14@icloud.com,07540328691,2023-09-24,1975-06-10,Cardiff,CF19 3SH,United Kingdom,Y
C1031,Mia,McDonald,mia.mcdonald88@yahoo.co.uk,07936 373626,2026-03-23,09/03/1976,Sheffield,S17 6NJ,GB,Yes
C3885,Rhys,Johnson,rhys.johnson45@yahoo.co.uk,07621 667006,2025-08-07,1956-06-28,,b116we,england,FALSE
C5938,Isla,Johnson,isla.johnson16@icloud.com,07183590607,2025-09-29,1992-07-05,Belfast,bt121bu,United Kingdom,0
C4656,Lily,Robinson,lily.robinson33@gmail.com,+44 7842 062659,2024-05-26,18 Jan 1999,Swansea,SA5 9PW,United Kingdom,1
C6256,Ella ,Walker,ella.walker85@yahoo.co.uk,07130 576987,2024-09-07,2001-09-24,Cardiff,CF6 9JE,U.K.,no
C2133,Cerys,Johnson,cerys.johnson89@outlook.com,,13 Mar 2024,1983-09-26,Liverpool,L20 1QN,United Kingdom,1
C1246,Bethan,Khan,,07269 792595,2025-02-18,,Newport,NP10 6UJ,Wales,yes
C5250,Fiona,McDonald,fiona.mcdonald6@yahoo.co.uk,07163578686,2025-05-08,1991-11-28,BIRMINGHAM,B6 5LJ,United Kingdom,0
C4066,Seren,Thompson,seren.thompson72@gmail.com,07339272446,2026-05-02,2005-11-02,Edinburgh,EH15 5DB,United Kingdom,No
C4052,Bethan,Walker,bethan.walker81@hotmail.co.uk,07335 760079,"September 23, 2026",20 Sep 1965,Newport,NP4 9TB,United Kingdom,FALSE
C5818,Ava,Taylor,ava.taylor65@hotmail.co.uk,07465810606,2025-11-09,1975-12-25,Bangor,LL4 9XT,United Kingdom,FALSE
C5341,Niamh,Wood,niamh.wood@outlook.com,07850 874073,20/08/2023,1961-04-30,Birmingham,B20 1HH,U.K.,0
C4252,Jack,Ali, jack.ali85@icloud.com ,07604 499977,2024-01-04,1966-01-11,Manchester,M1 5LX,United Kingdom,Yes
C4425,Aisha,O'Brien,aisha.obrien@gmail.com,07701822911,2024-08-28,1985-01-14,Bath,BA18 4JB,United Kingdom,FALSE
C5856,Grace,Singh,"grace.singh13@btinternet,com",07474 975649,,1989-09-13,Liverpool,l112ga,United Kingdom,Yes
C2420,Chloe,Evans,chloe.evans75@hotmail.co.uk,07345143909,08-03-2026,N/A,Swansea,SA18 9FY,U.K.,no
C4828,Noah,Taylor,noah.taylor87@outlook.com,07809-126924,2023-12-31,1966-09-14,Belfast,BT10 1JF,United Kingdom,
C1931,Ethan,Hughes,ethan.hughes14@icloud.com,07464 109583,2025/09/14,1972-08-26,Edinburgh,EH8 1FD,United Kingdom,Y
C1835,Sean,Robinson,sean.robinson78@hotmail.co.uk,07954 299219,2024-06-20,1955-03-25,Birmingham,B20 8XD,United Kingdom,no
C2422,Arthur,Smith, arthur.smith@gmail.com ,07234 968224,2023-06-12,1958-09-11,Edinburgh,EH7 7DS,United Kingdom,FALSE
C2314,Mohammed,Hughes,mohammed.hughes@icloud.com,+44 7634 484484,2024-09-09,22.01.81,Swansea,SA4 2AS,United Kingdom,Y
C3355,Ava,Hughes,ava.hughes74@gmail.com,07898 145219,2026-01-18,1988-03-01,Glasgow,G14 1YL,UK,TRUE
C5642,Katarzyna,Jenkins,katarzyna.jenkins66@gmail.com,07358 700869,2025-05-17,1961-11-07,Sheffield,S19 6DJ,UK,yes
C2259,Katarzyna,Jones,katarzyna.jones@outlook.com,07537 676121,2024/09/16,15/06/1981,Sheffield,S13 7ZU,UK,no
C4096,Sophie,Roberts,sophie.roberts71@hotmail.co.uk,,"June 24, 2026",,Swanzea,SA4 6RN,UK,0
C4941,Chloe,Griffiths,chloe.griffiths95@hotmail.co.uk,,2024-11-16,1987-06-04,Cardiff,,United Kingdom,Y
C2744,Isla,Walker,isla.walker7@outlook.com,07259731985,16 Jan 2024,1990-07-29,Birmingham,B15 1JJ,United Kingdom,y
C4826,Oliver,Singh,oliver.singh@outlook.com,07782 262900,28/02/2026,2005-06-29,Glasgow,G3 5HD,Great Britain,y
C3331,Mohammed,Murphy,mohammed.murphy78@hotmail.co.uk,07343 368547,2024-05-24,1987-04-26,Port Talbot,SA7 9JZ,UK,No
C1895,Jack,Patel,jack.patel71@outlook.com,+44 7617 707351,2023-07-12,1952-12-08,Exeter,EX15 5RX,Wales,no
C6222,isla,Patel,ISLA.PATEL60@YAHOO.CO.UK,0798860,2026-04-23,1962-10-10,Exeter,EX8 6XA,United Kingdom,no
C5812,Dylan,Murphy,dylan.murphy27@outlook.com,07381 646039,2024-08-21,2003-03-08,Manchester,M5 9WS,Wales,y
C4201,Fiona,Taylor,fiona.taylor45@hotmail.co.uk,07826 849727,2024-11-13,1997-10-30,Manchester,m72xf,United Kingdom,
C1483,Sophie,Davies,sophie.davies@yahoo.co.uk,07200 909618,2026-09-07,1974/07/06,Swanzea,SA17 9HZ,United Kingdom,y
C4150,Amelia,O'Brien,amelia.obrien@btinternet.com,07123 319464,2026-03-06,1993-07-13,Liverpool,L6 6DD,United Kingdom,0
C2486,Seren,Williams,seren.williams@outlook.com,07222-497681,2025-01-29,2000-07-22,Exeter,EX3 7WD,UK,TRUE
C5755,Bethan,Jones, bethan.jones59@hotmail.co.uk ,07152 004899,14/09/2025,1950-11-03,Glasgow,G19 5GQ,United Kingdom,Y
C3961,Zainab,Ali,zainab.ali29@hotmail.co.uk,07922 367190,04.07.25,1952-05-04,Aberystwyth,SY15 3TX,United Kingdom,no
C5269,Sophie,Singh,sophie.singh84@outlook.com,07453 129497,2025-02-18,1990-08-24,Leeds,,United Kingdom,
C2748,Sean,Griffiths,sean.griffiths77@outlook.com,07120741887,2026-07-12,1972-04-23,Aberystwyth,SY8 7HZ,United Kingdom,No
C1403,Fiona,Jones,fiona.jones@hotmail.co.uk,,02 Aug 2023,1959-01-15,Bath,BA18 1HA,United Kingdom,Yes
C3087,Rhys,Thomas,rhys.thomas@hotmail.co.uk,07825 813060,2024-04-09,20.01.50,Edinburg,EH3 6PD,GB,1
C4564,Owen,McDonald,owen.mcdonald43@icloud.com,07586 446393,2023-11-20,1963/05/21,Bristol,BS15 2UB,UK,TRUE
C4039,Priya,O'Brien,priya.obrien@btinternet.com,+44 7610 948479,09.10.23,1952-11-21,Edinburgh,EH9 1TY,United Kingdom,0
C2868,Cerys,Nowak,cerys.nowak@btinternet.com,07985 931856,2026-04-25,1998-12-02,Cardiff,CF9 6SJ,United Kingdom,0
C3866,Grace,McDonald,grace.mcdonald95@hotmail.co.uk,+44 7990 197984,2026-07-14,1954-02-07,Birmingham,B10 9YA,United Kingdom,TRUE
C3664,George,Robinson,george.robinson79@gmail.com,07300217627,2025-02-01,1963/09/19,Port Talbot,SA16 1QF,United Kingdom,N
C2225,Rhys,Patel,rhys.patel83@yahoo.co.uk,+44 7785 972908,2024-02-28,1953-07-06,Edinburgh,EH3 6SE,United Kingdom,Yes
C4202,Freya,Murphy,freya.murphy90@icloud.com,+44 7730 156316,2026-03-22,10.03.50,Liverpool,L9 8EH,U.K.,FALSE
C3938,Fiona,Wood,fiona.wood79@yahoo.co.uk,07427 924712,2025-07-01,2031-04-12,Swansea,SA9 3GT,UK,Y
C4914,Fiona,Edwards,fiona.edwards@hotmail.co.uk,,2023-06-17,1967-03-06,Newport,NP18 2FD,UK,FALSE
C2395,Leo,Thompson,leo.thompson78@hotmail.co.uk,07435194174,04-19-2026,1959-08-02,London,E10 1ZG,GB,FALSE
C6291,cerys,O'Brien,cerys.obrien72@hotmail.co.uk,+44 7895 944632,23/02/2024,1989-06-29,Nottingham,NG15 5BD,U.K.,0
C3046,Mohammed,Morgan,mohammed.morgan93@outlook.com,07886229363,2024-04-30,1900-01-01,Birmingam,B1 1AZ,United Kingdom,no
C1800,Katarzyna,Griffiths,katarzyna.griffiths81@hotmail.co.uk,+44 7448 081468,22 Apr 2026,1990-08-14,Birmingham,b49lt,United Kingdom,Y
C1742,Amelia,Price,amelia.price69@gmail.com,07972058214,2025-01-05,1979-12-20,Wrexham,LL16 3RF,UK,1
C3811,Callum,Murphy,callum.murphy@yahoo.co.uk,07849806439,2024-11-15,1964-05-19,Newport,NP20 5XU,United Kingdom,N
C3008,Sophie,Griffiths,sophie.griffiths98@yahoo.co.uk,07926 897859,2025-12-27,1966-04-24,Exeter,EX17 8YZ,U.K.,FALSE
C5802,Connor,McDonald,connor.mcdonald48@hotmail.co.uk,+44 7359 363702,12/10/2025,1981-01-29,Birmingham,B17 5NT,United Kingdom,0
C3147,Katarzyna,Walker,katarzyna.walker@hotmail.co.uk,07993036992,2024/06/09,1963-04-16,edinburgh,EH8 6FH,United Kingdom,0
C1521,Megan,Jenkins,megan.jenkins91@gmail.com,07784 846542,2024-01-13,1977-06-27,Bristol,BS14 9RN,U.K.,y
C5361,Ravi,Hall,ravi.hall54@gmail.com,07354 157699,2024-11-06,1962-06-01,Aberystwyth,SY20 4YY,UK,y
C6018,isla,Morgan,isla.morgan51@icloud.com,+44 7773 904591,2026-03-09,2000-10-02,Aberystwyth,SY13 2ZL,United Kingdom,Y
C4785,Liam,Patel,liam.patel35@yahoo.co.uk,07241 105392,20/06/2023,1986-06-20,Exeter,EX10 6AJ,UK,N
C2213,Connor,Johnson,connor.johnson@yahoo.co.uk,07140637587,30/08/2026,2000-09-16,Liverpool,L11 7NL,United Kingdom,N
C4522,Bethan,Wood,bethan.wood97@icloud.com,+44 7318 590533,2023-08-07,1979-11-11,Exeter,EX1 9GU,United Kingdom,1
C3808,Lily,Edwards,lily.edwards40@gmail.com,07714 773097,2024-08-31,28/10/1953,Bristol,BS2 9FW,United Kingdom,no
C2449,Rhys,Murphy,rhys.murphy@outlook.com,07739-488388,2024-12-18,11/08/1976,Aberystwyth,SY2 3DY,United Kingdom,y
C5995,Liam,Evans,liam.evansbtinternet.com,07410349275,2024-12-13,1990-11-06,Bangor,,United Kingdom,TRUE
C1766,Niamh,Jones,niamh.jones@hotmail.co.uk,07982 972573,2026-06-08,1995-10-17,Newport,NP1 9UB,U.K.,Yes
C1972,Ethan,Price, ethan.price83@yahoo.co.uk ,07881 861620,2026-02-11,1952-06-03,Exeter,EX5 5LD,Wales,yes
C5485,Callum,Jones,callum.jones84@gmail.com,07134 121653,2025-12-14,1979-06-06,Liverpool,,GB,No
C3036,Seren,Nowak,seren.nowak@outlook.com,+44 7924 215632,2025-02-16,"February 24, 1960",Birmingham,B2 3EF,United Kingdom,Yes
C4577,Megan,Thompson,megan.thompson79@outlook.com,07502 697122,12.07.24,15.05.92,London,E10 1SY,Great Britain,FALSE
C5880,Ethan,Price,ethan.price72@icloud.com,+44 7541 217605,2026-05-23,1989-11-22,Birmingam,B17 7YR,UK,y
C5500,Zainab,Nowak,zainab.nowak19@btinternet.com,07861491415,2026-07-07,1988/12/17,Bath,BA11 7PB,GB,Yes
C3168,Cerys,Johnson,cerys.johnson@btinternet.com,+44 7131 391886,2023-12-10,16 Dec 1973,Glasgow,G3 5JQ,United Kingdom,N
C6040,SEREN,Roberts,seren.roberts@btinternet.com,07217 938044,2026-01-30,18/12/1992,Manchester,M16 7UQ,United Kingdom,0
C3371,Ethan,Singh,ethan.singh@btinternet.com,,2024/07/26,2003-10-19,Bristol,BS9 6SR,Great Britain,yes
C4133,Megan,McDonald,megan.mcdonald92@gmail.com,07517-918967,16/08/2026,1971-11-26,Sheffield,S16 3LR,United Kingdom,Yes
C6130,Dylan ,Taylor,,07551177497,2024-01-10,1970-07-05,Bath,BA18 6RU,United Kingdom,yes
C4758,Priya,Murphy,priya.murphy82@outlook.com,07638 429042,"January 05, 2026",1985-04-22,Bangor,LL5 1TG,United Kingdom,no
C4902,Ivy,Williams,ivy.williams72@outlook.com,07967672656,2025-07-10,1985-06-05,Bangor,LL9 5JP,england,No
C2342,George,Smith,george.smith@btinternet.com,07577 653249,2023-12-28,1978-08-24,Aberystwyth,SY8 7ZJ,United Kingdom,TRUE
C3742,Bethan,Morgan,bethan.morgan92@yahoo.co.uk,07363-130608,2025-03-05,14.08.91,Nottingham,NG4 1EU,United Kingdom,Yes
C3667,Ivy,Green,ivy.green81@yahoo.co.uk,07385 297619,2026-01-20,1966-07-12,Bangor,,United Kingdom,y
C3385,Isla,Price,isla.price71@btinternet.com,07994 360110,2024-05-29,05/09/1950,Leeds,LS16 5ZP,UK,y
C5945,Ethan,Nowak,ethan.nowak91@outlook.com,07457 985086,2025-04-24,1987-10-09,Glasgow,G12 7ZJ,United Kingdom,No
C2783,Bethan,Evans,bethan.evans@hotmail.co.uk,07837 193324,2023-11-29,1974-03-11,Wrexham,LL5 3XQ,United Kingdom,
C4790,Amelia,Wood,amelia.wood@icloud.com,+44 7181 795875,2023-06-29,1977-05-31,Nottingham,NG6 9AE,United Kingdom,No
C1134,Zainab,Singh,zainab.singh@gmail.com,07896 818855,2025-11-20,1975-10-15,Nottingham,NG9 5PL,United Kingdom,Y
C4336,Harry,Lewis,harry.lewis@icloud.com,07244 315309,13/08/2023,1971-08-27,Belfast,BT8 3EA,UK,TRUE
C4114,Rhys,Khan, rhys.khan86@outlook.com ,07501919143,19.09.23,1976-03-06,London,E15 5PN,United Kingdom,y
C4726,Freya,Green,freya.green@btinternet.com,07478 211652,2026-06-02,1971-02-15,Edinburgh,EH16 7RL,U.K.,TRUE
C5218,Aisha,Wood,aisha.wood@hotmail.co.uk,07401 142909,2025-06-07,1983-12-29,Glasgow,G18 9PB,GB,TRUE
C4829,Gareth,Edwards,gareth.edwards@gmail.com,07573 112445,2023-08-04,1988-08-07,Belfast,BT1 6HD,United Kingdom,0
C3272,Cerys,Price,cerys.price98@gmail.com,07480412285,10/08/2023,1978-09-24,Bristol,BS20 7XU,United Kingdom,no
C2738,Jack,Thomas,jack.thomas70@btinternet.com,07213 611109,2026-04-05,1979-01-22,Leeds,LS1 6UT,United Kingdom,N
C2383,George,Nowak,george.nowak54@yahoo.co.uk,07852 812704,"July 04, 2023",1983-08-11,Leeds,LS3 5AF,UK,0
C3595,Zainab,Edwards,zainab.edwards34@btinternet.com,,2025-03-27,1956-12-08,London,E18 3EQ,United Kingdom,1
C1232,Seren,Griffiths,seren.griffiths71@yahoo.co.uk,07491459554,13/01/2024,1981-05-23,Port Talbot,SA10 8JF,GB,no
C6286,OWEN,Hall,owen.hall1@gmail.com,07632 031828,2023-08-02,1988-08-02,Aberystwyth,SY5 9GR,U.K.,Y
C3549,Chloe,Taylor,chloe.taylor49@btinternet.com,07612 475558,2026-08-16,1994-06-22,Bangor,LL18 2ED,United Kingdom,TRUE
C1555,Katarzyna,Smith,katarzyna.smith77@outlook.com,07694-889237,13/01/2025,1980-12-06,Swansea,SA6 6WJ,Great Britain,no
C3673,Sophie,Thompson,sophie.thompson77@gmail.com,+44 7452 206181,07-07-2025,1961-10-04,Newport,NP17 8NW,United Kingdom,No
C2676,Zainab,Johnson,zainab.johnson@btinternet.com,07585 637449,2025-05-10,1951-11-28,Manchester,M12 6EF,United Kingdom,Y
C5238,Tomasz,Johnson,tomasz.johnson@outlook.com,+44 7175 553333,,1980-04-04,Wrexham,LL7 1AW,United Kingdom,Y
C3054,Tomasz,Patel,tomasz.patel4@yahoo.co.uk,07222 027737,2024-09-04,1986-01-08,Birmingham,B3 7QG,United Kingdom,Yes
C6120,Aisha ,Nowak,AISHA.NOWAK@ICLOUD.COM,07904 660506,2025-12-31,2004-03-25,Newport,NP13 3YF,United Kingdom,
C6164,amelia,Griffiths,AMELIA.GRIFFITHS@BTINTERNET.COM,07246 177581,06-10-2024,1976-07-22,Exeter,EX13 9AB,United Kingdom,
C1991,Zainab,Roberts,zainab.roberts@hotmail.co.uk,07149-541718,2024-03-13,1962-06-03,Newport,NP19 7JD,england,0
C4699,Sean,Ali,sean.ali31@gmail.com,+44 7490 051006,2026-04-10,04-21-1961,Bath,ba126wz,United Kingdom,y
C2988,Priya,Evans,priya.evans88@outlook.com,+44 7948 241226,2024-04-02,1985-05-26,Birmingham,b101wn,UK,No
C6269,sophie,Williams,sophie.williams82@icloud.com,07205823688,2025-03-16,1966-05-01,Manchester,M2 6TS,United Kingdom,Y
C2469,Bethan,Lewis,bethan.lewis@yahoo.co.uk,0793253,2023-08-14,2003-11-06,Aberystwyth,SY2 6NS,United Kingdom,Y
C1007,Tomasz,Khan,tomasz.khan@btinternet.com,+44 7790 492207,02-12-2026,1990-12-25,London,E7 5UB,UK,Yes
C1986,Priya,Evans,priya.evans17@outlook.com,+44 7450 325779,2023/06/14,1960-04-15,Glasgow,G19 7PE,United Kingdom,No
C3887,Leo,Edwards, leo.edwards73@outlook.com ,+44 7510 404265,2026-01-15,1958-07-23,Swansea,SA16 9YT,United Kingdom,Yes
C1333,Leo,Taylor,leo.taylor74@outlook.com,07431 834669,2026-03-18,1993-06-16,Swansea,SA4 3WZ,UK,N
C2912,Ivy,Edwards,ivy.edwards88@btinternet.com,07175 933574,2023-07-31,1961-10-18,Nottingham,NG16 2HS,UK,FALSE
C4383,Seren,Thompson,seren.thompson@hotmail.co.uk,0757125,2024-11-09,1969-04-09,Leeds,LS10 1QN,UK,no
C5766,Rhys,McDonald,,07985 574463,"November 15, 2023",09-06-2004,Edinburgh,EH15 4TP,,Y
C3510,Rhys,McDonald,rhys.mcdonald@gmail.com,07970 292139,"June 03, 2024",1957-03-15,Sheffield,S10 1TR,United Kingdom,y
C3982,Arthur,Evans,arthur.evans3@btinternet.com,07877 775149,2024-10-18,03 Jan 1989,Manchester,M4 9QU,U.K.,Y
C5912,Niamh,Nowak,niamh.nowak@gmail.com,07697 436431,2025/02/08,1979-07-21,Glasgow,G20 4AT,U.K.,
C1829,Niamh,Patel,niamh.patel29@hotmail.co.uk,07501 158226,2025-11-28,1983-10-08,Bath,BA2 8QZ,United Kingdom,FALSE
C5094,Gareth,McDonald,gareth.mcdonald68@icloud.com,07900-786967,2026/09/07,1987-11-12,Belfast,BT6 2PA,UK,0
C5171,Grace,Hughes,grace.hughes@btinternet.com,07172 255660,"September 21, 2025",2005-04-06,Exeter,EX3 5EG,UK,FALSE
C1900,Katarzyna,Davies,katarzyna.davies95@yahoo.co.uk,07925 415854,2026-06-07,13 Apr 2000,cardiff,CF11 7BH,United Kingdom,N
C4623,Arthur,Morgan,arthur.morgan12@btinternet.com,07914 765656,2024-03-03,1965-01-04,Bangor,LL6 2EA,Great Britain,0
C5689,Dylan,Patel,dylan.patel@btinternet.com,07746 893640,2025/10/04,1997-10-24,Nottingham,NG17 3JZ,,0
C2230,Katarzyna,Price,katarzyna.price@icloud.com,07146 018775,2026-06-10,1973-11-09,Bristol,BS5 8GT,United Kingdom,
C2035,Niamh,Jenkins,niamh.jenkins@gmail.com,07513812674,19.10.23,1950-03-17,Wrexham,LL12 4HE,United Kingdom,No
C2287,Arthur,Hall,arthur.hall@yahoo.co.uk,07129913219,2025-03-18,1990-04-06,Leeds,LS16 3GW,GB,
C4024,Katarzyna,Jenkins,katarzyna.jenkins74@yahoo.co.uk,07642 308353,2023-12-28,1977-04-29,Bangor,LL20 2NW,GB,N
C5172,Ethan,Jenkins,ethan.jenkins86@btinternet.com,07716 081058,2023-10-18,14 Sep 1970,Exeter,EX9 9XU,United Kingdom,0
C6302,Grace ,Price,GRACE.PRICE74@HOTMAIL.CO.UK,07907513423,01-09-2025,1957-10-17,CARDIFF,CF5 8WF,UK,
C4168,Dylan,Murphy,dylan.murphy@btinternet.com,07310575853,13.03.24,1994-12-15,Liverpool,L8 5ZN,United Kingdom,FALSE
C3373,Cerys,Khan,cerys.khan56@icloud.com,07868-572277,2025-07-05,1964-06-01,Bangor,LL9 7YR,United Kingdom,1
C4144,Katarzyna,Roberts,katarzyna.roberts35@gmail.com,07207 357791,2024-03-05,1993-10-30,Bristol,BS20 1DW,Great Britain,TRUE
C2728,Leo,O'Brien,leo.obrien@gmail.com,+44 7447 967233,08.06.25,1955-07-29,Sheffield,s15el,United Kingdom,No
C2875,Cerys,Williams,cerys.williams88@outlook.com,07480 307308,08-09-2023,1976-02-28,Aberystwyth,SY17 2GJ,United Kingdom,y
C5367,Owen,Khan,owen.khan54@hotmail.co.uk,07439981177,2024-01-15,"August 17, 1992",Wrexham,LL1 8QA,United Kingdom,0
C6239,megan,Hall,MEGAN.HALL54@ICLOUD.COM,07542 094145,17/06/2025,1996-07-11,Edinburgh,EH19 2PB,United Kingdom,0
C4916,Freya,Green,freya.green22@btinternet.com,0769468,2026-02-26,1997-03-01,Bristol,BS18 3ZE,Wales,TRUE
C1758,Owen,Hughes, owen.hughes72@btinternet.com ,07398 313594,2024-01-06,1967-11-22,Newport,NP17 2XF,United Kingdom,FALSE
C4100,Gareth,Lewis,gareth.lewis@outlook.com,07522 641717,12.08.25,1982-11-05,Bangor,LL12 6XJ,UK,No
C1098,Ella,Edwards,ella.edwards1@gmail.com,+44 7744 438964,,2031-04-12,Bristol,BS5 6WR,UK,yes
C3877,Zainab,Edwards,zainab.edwards44@yahoo.co.uk,07250 191378,03/12/2024,13 May 1993,Birmingam,B11 1BQ,UK,
C3841,Liam,Morgan,liam.morgan23@btinternet.com,07864 528468,04-27-2024,1982-05-19,Glasgow,g152xh,GB,0
C4630,Freya,Griffiths,freya.griffiths72@icloud.com,,03 Dec 2024,1993-01-16,Exeter,EX7 3LB,UK,yes
C1759,Mia,Williams,mia.williams75@hotmail.co.uk,+44 7781 445535,2026-05-08,1900-01-01,Wrexham,LL15 1GP,england,Y
C3855,Ivy,Smith,ivy.smith60@outlook.com,07997-545239,2024-10-25,1999-07-10,Birmingham,b131xf,United Kingdom,TRUE
C2033,Owen,Jenkins,owen.jenkins@hotmail.co.uk,07548-980369,2023-07-04,04-12-2000,Birmingham,B9 2DS,United Kingdom,TRUE
C5065,Ava,Hughes,ava.hughes26@hotmail.co.uk,07874 450125,2025/06/18,1985-07-30,Manchester,M19 9LQ,United Kingdom,No
C3516,Jack,Johnson,"jack.johnson@btinternet,com",07126672953,2023-06-12,1968-08-04,Bangor,LL16 1YL,United Kingdom,1
C2191,Rhys,Price,rhys.price@hotmail.co.uk,07354 804732,09-01-2026,1969-06-05,Bangor,ll174rg,UK,no
C4416,Cerys,Griffiths,cerys.griffiths@gmail.com,07243013386,2023-08-27,2001-01-17,London,E10 6JG,Wales,TRUE
C4115,George,Wood,george.wood71@outlook.com,07276 618394,2025-12-03,06/10/1994,Exeter,EX7 5BS,UK,yes
C5717,Niamh,Ali,niamh.ali@yahoo.co.uk,07269 521939,2025-01-10,1968-12-10,Nottingham,NG16 6LQ,United Kingdom,TRUE
C5162,Tomasz,Williams,tomasz.williams99@hotmail.co.uk,07508 497799,2024-04-12,09.11.00,Bath,BA13 4UA,GB,0
C3590,Cerys,Thomas,cerys.thomas@btinternet.com,+44 7842 378147,13/06/2024,11/09/1998,Bangor,ll12sy,Wales,Y
C2984,Ava,Walker,ava.walker@btinternet.com,07952 733093,2025-04-18,1952-02-13,Wrexham,LL7 1DN,United Kingdom,FALSE
C3899,Amelia,O'Brien,amelia.obrien85@btinternet.com,07954 270363,02-04-2025,10/08/1950,Wrexham,LL4 9SR,United Kingdom,1
C1792,Chloe,Murphy,chloe.murphy@btinternet.com,+44 7206 870002,2025-04-05,02.09.84,Bath,BA18 8AW,UK,
C2166,Chloe,Khan,chloe.khan65@btinternet.com,+44 7419 147509,2025-04-27,1952-01-02,Sheffield,S1 4SF,,yes
C5025,Ravi,Green,ravi.green5@icloud.com,07592146778,2024-06-17,1980-08-09,Bangor,LL10 8FN,United Kingdom,0
C5592,Ella,Hughes,ella.hughes97@btinternet.com,07277 361631,2026-03-12,1966-06-09,Exeter,ex26lg,UK,FALSE
C3538,Sophie,Nowak,sophie.nowak@outlook.com,+44 7550 515952,2024-11-02,1960-01-09,Sheffield,S13 8YE,United Kingdom,N
C4380,Ethan,Hughes,ethan.hughes48@outlook.com,07324 927576,2026-07-23,1956-11-04,Bristol,bs188ny,United Kingdom,1
C1318,Owen,O'Brien,owen.obrien71@hotmail.co.uk,07942030398,2025-04-07,1974-08-14,Newport,NP16 2PS,GB,N
C2463,Ravi,Hall,ravi.hall82@hotmail.co.uk,+44 7920 287840,2026/08/26,1964-12-17,Swansea,SA5 6JD,United Kingdom,1
C2288,Amelia,Hughes,amelia.hughes76@outlook.com,07185 735089,2025-10-22,1985-09-11,Newport,NP16 7XY,United Kingdom,FALSE
C4370,Sean,O'Brien,sean.obrien@icloud.com,07283 637932,2024-05-06,04.01.70,Aberystwyth,sy41rd,U.K.,FALSE
C6127,TOMASZ,Hughes,TOMASZ.HUGHES65@OUTLOOK.COM,07326 217398,12-24-2025,"January 30, 1974",Cardiff,CF14 9HL,U.K.,Y
C3189,Fiona,Hall,fiona.hall93@icloud.com,07450538692,2024-03-23,1978-02-19,Leeds,,United Kingdom,y
C1184,Arthur,O'Brien,arthur.obrien98@hotmail.co.uk,07745 383684,2024-05-12,1971-02-15,Bristol,BS19 1UW,U.K.,Yes
C3826,Amelia,Robinson,amelia.robinson70@icloud.com,,2026-03-19,1990-10-13,Aberystwyth,SY19 7WX,GB,yes
C2289,Seren,Green,seren.green26@outlook.com,07114 220704,0000-00-00,1972-05-02,Bristol,BS16 7JW,United Kingdom,1
C4415,Sean,Walker,sean.walker@outlook.com,07576233824,12 Feb 2026,1987-10-07,Wrexham,LL18 1UH,GB,y
C5648,Ivy,Walker,ivy.walker95@hotmail.co.uk,07381 191653,2026-05-01,1985-08-31,London,E12 7DE,U.K.,
C5260,Sean,Khan,sean.khan68@btinternet.com,07504 181946,2025-10-21,25.01.51,Bath,BA14 9SZ,United Kingdom,No
C5718,Connor,Price,connor.price59@outlook.com,07733955977,2025-08-05,1962-05-07,Bangor,LL7 2LH,UK,
C4206,Niamh,Smith,niamh.smith93@icloud.com,07182 176619,03/01/2024,17 Nov 1987,,,Great Britain,No
C3958,Ella,Taylor,ella.taylor15@yahoo.co.uk,,2025-07-06,1976-11-26,Wrexham,LL16 6WP,UK,N
C2028,Lily,Roberts,lily.roberts@outlook.com,07764 558030,2025-08-21,,Glasgow,G9 3XD,United Kingdom,0
C3052,Dylan,Griffiths,dylan.griffiths74@yahoo.co.uk,07429963932,12-08-2025,02-21-1955,Glasgow,G12 2AY,U.K.,Yes
C3722,Gareth,Smith,gareth.smith@gmail.com,07394 489510,29/07/2023,1994-01-10,Exeter,,UK,N
C5524,Ella,Smith,ella.smith@icloud.com,07261 404784,"May 20, 2024",1994-01-15,Londn,E9 2XU,Wales,no
C5151,Ethan,Williams,ethan.williams@outlook.com,+44 7287 651377,2024-06-23,0000-00-00,Birmingham,B10 3SJ,United Kingdom,yes
C4945,Owen,O'Brien,owen.obrien77@outlook.com,+44 7879 865295,2025-05-02,08-29-1971,Swansea,sa184ye,U.K.,yes
C2569,Dylan,O'Brien,dylan.obrien@gmail.com,07489996520,2023-09-01,2002-10-28,Leeds,LS13 2HR,United Kingdom,1
C4988,Sean,Jenkins,sean.jenkins87@gmail.com,07734 953702,2024-10-27,1987-11-28,Belfast,BT7 6DY,U.K.,Y
C4462,Rhys,McDonald,rhys.mcdonald@btinternet.com,+44 7528 736454,09/09/2024,1994-02-25,London,E8 3WL,United Kingdom,FALSE
C3078,Bethan,Edwards,bethan.edwards68@icloud.com,07535-920562,2024-03-19,1959/04/28,Aberystwyth,SY10 7WF,,TRUE
C1272,Katarzyna,Khan,katarzyna.khan29@outlook.com,,,1994/10/04,Swansea,SA4 8YR,UK,1
C4859,Owen,Johnson,,07122 975892,2024-07-07,2031-04-12,Manchester,M1 9DA,United Kingdom,Yes
C2353,Ava,Singh,ava.singh@yahoo.co.uk,+44 7281 345822,2026-06-26,1960-05-06,Wrexham,,United Kingdom,
C4361,Jack,Nowak,jack.nowak73@yahoo.co.uk,+44 7176 283469,2025-05-31,1995-10-03,Edinburgh,eh103sy,UK,FALSE
C6156,harry,Hall,harry.hall@outlook.com,+44 7450 863035,2026-01-13,1972-05-20,Leeds,LS3 7WB,UK,no
C5165,Mia,Taylor,mia.taylor@gmail.com,07531 564120,"August 20, 2023",1952-11-21,edinburgh,EH2 2RP,United Kingdom,N
C5182,Ava,Lewis,ava.lewis@btinternet.com,07320 740873,2025-11-12,1966-01-28,London,E18 6HA,United Kingdom,y
C2854,Jack,Ali,jack.ali78@hotmail.co.uk,07665 230610,2025-05-11,1965-05-26,Nottingham,NG6 7HP,UK,0
C2709,Dylan,Lewis,dylan.lewis@btinternet.com,07566926505,27 Jul 2024,2002-06-26,Newport,NP3 1ER,United Kingdom,No
C4637,Seren,Jenkins,seren.jenkins@hotmail.co.uk,07406 443470,2024-09-08,1997-02-03,Leeds,LS18 3QW,United Kingdom,1
C6153,bethan,Price,bethan.price@yahoo.co.uk,07813-332101,04.03.26,1982-07-10,Newport,NP11 7RB,United Kingdom,no
C4409,Arthur,Thompson,arthur.thompson@gmail.com,07354 239676,2023-10-09,21.05.04,Nottingham,NG1 4FL,United Kingdom,no
C3694,Connor,Hughes,connor.hughes96@btinternet.com,0776171,2024-04-12,1967-12-19,London,,United Kingdom,no
C2075,Aisha,Griffiths,aisha.griffiths46@outlook.com,07746952402,2024-10-14,06.12.03,Aberystwyth,SY9 1HX,Wales,TRUE
C3973,Ella,Evans,ella.evans@outlook.com,07786 594091,2023-10-12,2000-10-05,Bristol,bs13dq,Wales,y
C3415,George,Walker,george.walker@icloud.com,07949 385040,11.11.23,1951-06-15,Manchester,M12 9QA,United Kingdom,TRUE
C1734,Zainab,Edwards,zainab.edwards@icloud.com,0754975,2024-07-02,1970-02-26,Birmingham,B8 6DQ,United Kingdom,Y
C5039,Chloe,Patel,chloe.patel@btinternet.com,07260 120919,2024-02-20,1974-12-06,Newport,NP9 8DF,United Kingdom,1
C3625,Callum,Roberts,callum.roberts@icloud.com,0730734,2024-03-18,11.07.64,Port Talbot,SA16 1HT,United Kingdom,1
C5579,Ivy,Davies,ivy.davies62@gmail.com,07752 407345,2024-09-25,1967/11/13,London,E19 2WZ,United Kingdom,y
C2671,Ivy,Ali,ivy.ali89@icloud.com,07164 178698,2026-06-15,1988-02-24,Birmingam,B1 8LN,United Kingdom,No
C1894,Megan,Hall,megan.hall35@icloud.com,07386 871269,2026-05-10,1974-05-06,Exeter,EX12 3RR,United Kingdom,y
C2583,Liam,Lewis,liam.lewis@icloud.com,07899763069,2025-10-29,1969-06-24,Exeter,ex137ug,United Kingdom,Y
C2206,Tomasz,Evans,tomasz.evans@btinternet.com,07558 533111,2023-09-20,1959-02-03,Edinburgh,EH17 9QF,United Kingdom,FALSE
C6223,grace,Thompson,GRACE.THOMPSON20@BTINTERNET.COM,+44 7131 987530,2024-04-06,1980-08-02,Leeds,LS3 5JG,UK,0
C2863,Dylan,Jenkins, dylan.jenkins@btinternet.com ,07986-914817,2023-10-13,1989-07-17,Aberystwyth,sy166bu,United Kingdom,y
C4825,Bethan,Nowak,bethan.nowak@icloud.com,07590574998,2023-10-13,13/06/1963,Aberystwyth,SY17 2DF,United Kingdom,TRUE
C4163,Ethan,Green,ethan.green80@gmail.com,07236-477276,2023-08-21,1998-07-23,Exeter,EX9 6LH,,y
C5068,Bethan,Roberts,bethan.roberts@icloud.com,07339 695705,,1956-09-08,Nottingham,NG10 8QF,United Kingdom,Yes
C1693,Lily,Robinson,lily.robinson38@yahoo.co.uk,07920447499,2026-02-08,1971-12-30,Bristol,BS9 8BE,United Kingdom,No
C5036,Tomasz,Lewis,tomasz.lewis99@icloud.com,07977 175029,08.09.23,1975-12-09,Aberystwyth,SY17 5UD,UK,yes
C3490,Aisha,Thomas,aisha.thomas@gmail.com,07589823603,2024-12-28,20 Apr 1981,Aberystwyth,SY7 5JB,UK,N
C2250,Lily,Williams,lily.williams86@icloud.com,07833 514024,2025-09-25,1960-05-22,Bath,BA6 3GN,UK,yes
C4734,Seren,McDonald,seren.mcdonald@yahoo.co.uk,+44 7654 939017,03-30-2026,1971-05-07,Bristol,BS5 8JU,Great Britain,0
C3186,Isla,Thompson,isla.thompson2@hotmail.co.uk,07230679959,11 Dec 2025,1972-03-26,Belfast,BT11 6AD,United Kingdom,FALSE
C1254,Ravi,Robinson,ravi.robinson55@outlook.com,07937660884,2025-02-14,1958-05-16,Wrexham,LL15 8RQ,United Kingdom,No
C1645,Gareth,Ali,gareth.ali@icloud.com,07234 586508,2024-04-19,1955-06-16,Bangor,LL11 6HH,Wales,Y
C2271,Tomasz,Lewis,tomasz.lewis47hotmail.co.uk,+44 7716 058710,02 Jul 2026,2003-01-01,Manchestor,M15 6EF,GB,N
C1423,Niamh,Roberts,niamh.roberts78@icloud.com,,2025-03-16,2005-12-23,London,E3 8FN,United Kingdom,Y
C2853,Noah,Singh,noah.singh99@btinternet.com,07168 365620,2026-09-02,1964-10-15,Swansea,SA12 4BU,United Kingdom,yes
C4569,Ivy,Patel,ivy.patel@yahoo.co.uk,07473 754566,2025-07-30,1988-07-05,Cardiff,CF11 3BH,UK,FALSE
C1444,Sean,Ali,sean.ali74@outlook.com,07380 776081,2026/01/26,1963-05-18,Wrexham,LL15 4PA,United Kingdom,N
C4926,Seren,Nowak,seren.nowak87@yahoo.co.uk,07656-804755,2025-08-28,1984-10-07,Manchester,M10 4QL,UK,no
C1558,Connor,McDonald,connor.mcdonald46@icloud.com,07295 397296,2025-11-04,1976/11/24,Birmingham,B14 5EZ,United Kingdom,no
C4392,Oliver,Lewis,oliver.lewis12@gmail.com,+44 7457 415925,N/A,1993-12-26,Edinburgh,EH8 1RF,United Kingdom,no
C2198,Aisha,Singh, aisha.singh90@outlook.com ,07596213220,2026-07-05,1979-05-24,Liverpool,L19 8XQ,United Kingdom,TRUE
C4703,Mia,Griffiths,mia.griffiths59@btinternet.com,07205114834,2024-03-12,1995-09-15,Wrexham,LL13 9BJ,GB,Yes
C5560,Ella,Morgan,ella.morgan72@gmail.com,07230 379998,09.07.26,1973-11-06,Newport,NP7 7ZR,UK,FALSE
C5750,Cerys,Thompson,cerys.thompson@outlook.com,07835 602178,2026-09-24,2002-05-04,Sheffield,S2 7YA,GB,yes
C3957,Mia,McDonald,mia.mcdonald@outlook.com,07720 212716,2023-08-12,09 Dec 1985,Cardiff,CF17 2TL,United Kingdom,TRUE
C5781,Arthur,Morgan,arthur.morgan78@btinternet.com,07679 802531,2026/07/01,1981-08-12,Aberystwyth,SY5 7UD,United Kingdom,N
C1677,Megan,Thompson,megan.thompson72@gmail.com,07236592397,2026-02-20,1956-04-25,Bristol,BS8 3QG,United Kingdom,Yes
C5027,Cerys,Singh,cerys.singh88@yahoo.co.uk,+44 7902 310664,2023-07-24,1950-01-13,London,E6 1WZ,UK,N
C3705,Lily,Lewis,lily.lewis@btinternet.com,07939 732580,23.02.24,29.10.58,Birmingham,B12 4YA,UK,
C2011,Priya,Johnson,priya.johnson32@hotmail.co.uk,07281 878340,2026-09-19,1976-03-24,edinburgh,EH10 3ET,United Kingdom,y
C3761,Dylan,Hall,dylan.hall@btinternet.com,0757237,19.09.25,1954-07-26,Exeter,EX6 8HL,UK,FALSE
C4650,Chloe,Robinson,chloe.robinson79@gmail.com,,"July 26, 2023",1988-05-17,Aberystwyth,sy198wz,UK,yes
C4399,Dylan,Price,dylan.price73@yahoo.co.uk,07908 643014,2026-08-18,1996-09-11,Newport,NP1 9UQ,United Kingdom,0
C1449,Lily,Khan,lily.khan@btinternet.com,07996 013866,2023-10-22,1978-05-01,Edinburgh,EH16 7LZ,United Kingdom,yes
C3358,Cerys,Thompson, cerys.thompson@btinternet.com ,,24 Apr 2026,04.07.02,Aberystwyth,SY18 8BR,UK,
C1274,Katarzyna,Hughes,katarzyna.hughes86@btinternet.com,07577771922,2026-03-19,01/09/1960,Leeds,LS11 5JD,United Kingdom,0
C4799,Isla,Ali,isla.ali86@yahoo.co.uk,07220523707,2026-08-07,"July 10, 1994",Newport,NP1 1HU,United Kingdom,
C2923,Tomasz,O'Brien,tomasz.obrien57@gmail.com,07490 477016,2026-04-21,1984-03-16,Swansea,SA5 4HG,United Kingdom,Yes
C3554,Lily,Thompson,lily.thompson85@btinternet.com,+44 7812 066385,05-13-2025,1981-08-24,Liverpool,L12 5SN,UK,1
C1551,Katarzyna,Smith,katarzyna.smith92@yahoo.co.uk,07955 676581,2024-08-17,1959-09-18,Cardiff,CF19 6NH,Great Britain,no
C1563,Ethan,Edwards,ethan.edwards@hotmail.co.uk,+44 7284 740413,2026-06-28,1982-06-02,Cardiff,CF2 1RZ,UK,
C3963,Isla,Nowak,isla.nowak26@btinternet.com,+44 7264 160679,2026-09-21,1968-06-07,Bangor,LL1 1WR,UK,FALSE
C1699,Dylan,Morgan,dylan.morgan45@hotmail.co.uk,07553513519,08-27-2026,1973-04-07,Liverpool,L12 9XN,United Kingdom,Y
C1791,Amelia,Williams,amelia.williams28@btinternet.com,07916 288938,02.04.24,04-02-2001,Bristol,BS12 3XP,United Kingdom,TRUE
C3978,Connor,Johnson,connor.johnson7@icloud.com,07124 680747,2023-12-25,1986-02-15,London,E3 1YS,U.K.,Y
C4365,George,Lewis,george.lewis@icloud.com,+44 7301 803683,2023-06-03,"May 21, 1980",Bangor,LL7 8QG,United Kingdom,FALSE
C5492,Isla,Patel,isla.patel60@yahoo.co.uk,0798860,04-21-2026,1962-10-10,Exeter,EX18 6BE,United Kingdom,No
C1638,Sophie,Wood,sophie.woodoutlook.com,+44 7794 360960,2024-02-18,1980-01-26,Bangor,LL17 8DR,United Kingdom,TRUE
C1884,Tomasz,Evans,tomasz.evans90@icloud.com,+44 7773 378436,19.07.26,1959-07-01,Bath,BA1 5XD,United Kingdom,N
C5204,Seren,Jenkins,seren.jenkins@hotmail.co.uk,07444 217534,2026-04-13,1983-09-07,Leeds,LS20 8ZZ,england,0
C5522,Bethan,Griffiths,bethan.griffiths@outlook.com,07983-174803,2024-05-09,1959-03-23,Newport,NP12 4GA,U.K.,FALSE
C5593,Ravi,Ali,ravi.ali77@outlook.com,07520 786239,2023-09-30,"July 04, 1984",Bristol,bs55az,United Kingdom,yes
C5801,Niamh,Smith,niamh.smith83@icloud.com,07884-571306,2024/08/14,1992-03-01,Nottingham,ng82gt,United Kingdom,0
C6293,noah,Nowak,NOAH.NOWAK88@YAHOO.CO.UK,07548109735,2025/07/14,1958-07-26,Sheffield,S8 7TN,United Kingdom,1
C5321,Jack,Price,jack.price@icloud.com,07907 241997,2025-12-22,1986-07-09,Birmingham,B20 5SS,United Kingdom,0
C2832,Dylan,Lewis,dylan.lewis75@yahoo.co.uk,07689468049,17 Apr 2025,1963-09-27,Port Talbot,SA11 3RL,United Kingdom,TRUE
C4059,Harry,Evans,harry.evans92@gmail.com,07447057197,2025-07-19,TBC,,S3 7NF,UK,N
C1689,Ava,Evans,ava.evans78@hotmail.co.uk,07697-568466,"February 18, 2024",1966-12-27,Leeds,LS6 8LA,United Kingdom,y
C5430,Callum,Singh,callum.singh22@hotmail.co.uk,07529 316999,2025-07-04,2003-12-29,Exeter,EX8 2DE,United Kingdom,FALSE
C4545,Freya,Smith,freya.smith@hotmail.co.uk,07530-017148,2025-09-04,1975-04-01,Bangor,LL13 4NF,United Kingdom,
C1378,Jack,Murphy,jack.murphy89@btinternet.com,07529 491636,2026-04-29,1997-08-03,Bangor,LL14 3ST,United Kingdom,1
C5795,Cerys,Price,cerys.price25@gmail.com,+44 7389 722577,2025-11-27,1956-10-13,CARDIFF,CF18 7AD,United Kingdom,N
C1622,Gareth,Jenkins,gareth.jenkins70@yahoo.co.uk,,04-28-2024,28 Apr 1973,Cardiff,CF5 8YU,UK,N
C3989,Arthur,Hughes,arthur.hughes99@btinternet.com,07883 992630,11.04.24,1994-10-13,Newport,NP15 1YB,United Kingdom,yes
C1339,Priya,Ali,priya.ali48@hotmail.co.uk,+44 7613 353254,2025-01-09,1986-12-19,Leeds,LS9 5YU,Wales,No
C2400,Mia,Taylor,mia.taylor@yahoo.co.uk,,23 Mar 2025,1953-10-08,Aberystwyth,SY18 3QZ,UK,TRUE
C1351,Zainab,Taylor,zainab.taylor92@btinternet.com,07849609206,12-27-2024,2005-02-20,Leeds,LS6 3ZG,United Kingdom,yes
C4989,Priya,Hughes,priya.hughes19@btinternet.com,07607827980,2026-03-13,1989-02-24,London,E9 9ZL,United Kingdom,1
C2897,Ravi,Thomas,ravi.thomas70@btinternet.com,+44 7723 108480,2024-02-11,1960-03-17,Swansea,SA13 3UD,United Kingdom,
C4482,Mohammed,Griffiths,mohammed.griffiths90@gmail.com,+44 7112 460858,2023-10-29,1958-08-13,Aberystwyth,SY2 6AZ,United Kingdom,Yes
C3211,Callum,Lewis,callum.lewis@yahoo.co.uk,+44 7549 527006,2026-06-12,1959-04-26,Glasgow,G1 8UQ,United Kingdom,No
C2148,Cerys,Roberts,cerys.roberts@btinternet.com,07502 389368,2026-08-28,1995-11-06,Wrexham,LL6 8JP,UK,1
C2870,Liam,Khan,liam.khan83@hotmail.co.uk,07106 539429,2023-07-05,2005-08-24,Liverpool,L17 9PR,Wales,y
C1150,Leo,Singh,leo.singh23@outlook.com,07940457298,2025-02-07,1987-12-01,Birmingham,B5 3BW,UK,yes
C4571,Mia,Griffiths,mia.griffiths30@gmail.com,07386 658204,26/11/2023,1956-12-08,Bristol,BS12 4RS,Wales,1
C4808,Seren,Murphy,seren.murphy99@gmail.com,07427 681574,2025-01-09,2005-12-12,Newport,NP8 8EN,Wales,FALSE
C6296,HARRY,Green,harry.green77@yahoo.co.uk,07692989888,2023-08-25,1974-12-01,Bath,,UK,y
C5895,Aisha,Morgan,aisha.morgan91@outlook.com,07546658802,2026-01-12,1974-01-22,Swansea,SA19 8FE,UK,1
C1501,Amelia,Price,amelia.price36@btinternet.com,07628934991,"August 10, 2025",26/03/1961,Newport,NP13 2AX,United Kingdom,yes
C1350,Ella,Ali,ella.ali11@hotmail.co.uk,07376 928447,2024-03-16,1958-01-23,Sheffield,S17 4NL,United Kingdom,N
C1203,Amelia,Williams,amelia.williams80@outlook.com,07610 541561,2024-03-23,1966-09-18,Bath,BA8 4PS,GB,1
C5800,George,Khan,george.khan12@gmail.com,+44 7899 960459,04.06.26,1964-04-29,Swansea,SA5 9PG,United Kingdom,FALSE
C5849,Connor,Williams,connor.williams88@hotmail.co.uk,07831 850156,2025-11-29,1995-11-19,Edinburgh,EH18 2NB,United Kingdom,y
C1474,Arthur,Hall,arthur.hall10@gmail.com,07464 513264,2023-07-09,1975-04-26,Port Talbot,SA13 1DE,United Kingdom,Yes
C2373,Isla,Walker,isla.walker@gmail.com,0734275,,1952-03-01,Liverpool,L14 9US,United Kingdom,1
C1634,Seren,McDonald,seren.mcdonaldicloud.com,07904 471545,2024-08-19,1998-08-18,Bath,BA19 9XS,United Kingdom,0
C4142,Gareth,Edwards,gareth.edwards@icloud.com,+44 7467 387756,2024-09-22,1995-10-16,London,E6 4ZG,United Kingdom,
C5112,Dylan,Johnson,dylan.johnson56@btinternet.com,+44 7893 408647,2024-07-18,1997-10-19,Belfast,BT13 1EX,United Kingdom,yes
C4591,Leo,Lewis,leo.lewis@outlook.com,+44 7326 839746,2025/03/03,1995-07-19,Aberystwyth,SY13 2WB,United Kingdom,Yes
C3548,Jack,Hughes,jack.hughes@icloud.com,07777-249606,2025-01-10,1975-07-06,Sheffield,S14 8AE,United Kingdom,TRUE
C1013,Ivy,Patel,ivy.patel84@icloud.com,07724 832328,2023-12-06,1957-06-14,Cardiff,cf65aa,United Kingdom,1
C4761,Megan,Johnson,megan.johnson@yahoo.co.uk,,03 Jun 2025,2002-09-19,Bristol,BS20 9HL,United Kingdom,N
C2899,Bethan,Taylor,bethan.taylor47@icloud.com,,06 Sep 2023,"August 23, 1992",Cardiff,CF16 4LF,United Kingdom,0
C3788,Ella,Patel,ella.patel23@gmail.com,,2025-03-29,1987-04-15,Edinburgh,EH8 4GR,United Kingdom,No
C3080,Jack,Ali,,+44 7179 412258,2023-09-05,1970-10-17,Birmingham,B18 5TU,UK,y
C1604,Dylan,Roberts,dylan.roberts37@yahoo.co.uk,+44 7857 526176,2025-01-05,12-04-1971,Sheffield,S4 5JH,United Kingdom,N
C5727,Owen,Nowak,owen.nowakyahoo.co.uk,+44 7124 633170,2024-05-15,1953-11-07,Liverpool,L11 7AG,United Kingdom,TRUE
C5961,Bethan,Green,bethan.green49@gmail.com,07983 620377,11-18-2023,1962-05-06,Edinburgh,EH16 1TD,United Kingdom,
C5159,Fiona,Price,fiona.priceoutlook.com,+44 7266 908395,2024-08-01,1991-01-19,Exeter,,United Kingdom,Y
C2144,George,Jenkins,george.jenkins2@btinternet.com,07274648409,"December 10, 2023",2031-04-12,Exeter,EX11 5SR,U.K.,No
C1899,Leo,Edwards,leo.edwards79@btinternet.com,07498 738943,2025-02-16,1996-09-30,Bath,BA2 6SU,United Kingdom,
C2434,Megan,Morgan,megan.morgan85@gmail.com,07466 141049,2025-06-30,1966-07-02,Newport,NP16 5DS,U.K.,no
C5255,Gareth,Evans,gareth.evans91@outlook.com,07484 600882,2023-12-17,1975-05-19,Edinburgh,EH18 1DD,UK,No
C3977,Connor,Nowak,connor.nowak75@yahoo.co.uk,07920 239902,2025-02-11,1956/07/11,Wrexham,LL15 2HP,U.K.,no
C1065,Chloe,Hall,chloe.hall41@outlook.com,07179-589344,2026-02-26,1966-04-03,Liverpool,L17 1NY,United Kingdom,no
C3170,Jack,Taylor,jack.taylor86@hotmail.co.uk,07333008489,2025-09-26,1982-09-12,Sheffield,S1 6LB,United Kingdom,y
C5608,Ravi,Davies,ravi.davies92@icloud.com,+44 7686 863821,2025-07-05,,Bangor,LL16 6UE,United Kingdom,0
C3856,Ravi,Roberts,ravi.roberts90@btinternet.com,07718 218092,2025-01-31,1961-09-07,London,E9 1QR,United Kingdom,1
C3990,Priya,Roberts,priya.roberts@hotmail.co.uk,07435-621129,2026-01-05,1954-11-14,Belfast,BT16 9JW,U.K.,No
C5089,Katarzyna,Williams,katarzyna.williams@outlook.com,07729 532270,2024-08-24,08-16-1957,Sheffield,S7 3NU,GB,FALSE
C6170,PRIYA,Ali,PRIYA.ALI@ICLOUD.COM,,05-06-2026,1955-02-23,Swansea,SA17 7GE,GB,yes
C4693,Cerys,Smith,cerys.smith32@outlook.com,07722654035,,1990-09-22,Port Talbot,SA15 2QZ,United Kingdom,Yes
C2339,Katarzyna,Singh,katarzyna.singh@gmail.com,07174 129046,2024-01-03,1987-05-22,Wrexham,LL18 8QY,United Kingdom,0
C3114,Niamh,Thompson,niamh.thompson79@yahoo.co.uk,07813 138184,2024-08-15,1991-11-18,Nottingham,NG4 3TE,UK,
C2381,Ella,Taylor,ella.taylor@btinternet.com,+44 7218 594339,2023-09-29,1962-07-26,Nottingham,NG2 9SZ,United Kingdom,1
C2740,Aisha,Price,aisha.price43@gmail.com,07558 183284,2026/05/07,1964-04-29,Glasgow,G9 8GQ,england,yes
C5921,Leo,Nowak,"leo.nowak18@yahoo.co,uk",07876 783925,2024-07-27,1982-12-19,Port Talbot,SA18 7FF,United Kingdom,yes
C4964,Connor,O'Brien,connor.obrien81@hotmail.co.uk,,05.06.24,1999-04-29,Bristol,BS17 6ZX,GB,No
C5975,Ella,Khan,ella.khan96@icloud.com,07135397921,2025-09-09,05-16-1978,Leeds,LS10 6SZ,United Kingdom,no
C2866,Callum,Thompson,callum.thompson98@yahoo.co.uk,07736 892871,23.05.26,1974-12-22,Bristol,BS5 7TY,United Kingdom,N
C2680,Ethan,Jones,ethan.jones91@icloud.com,07246518729,2024-10-26,1958-06-25,Wrexham,LL3 1SR,United Kingdom,N
C2350,Ava,Robinson,ava.robinson@icloud.com,0768984,2026-05-29,07-28-2003,Newport,NP13 6NH,United Kingdom,FALSE
C4888,Megan,Jenkins,megan.jenkins@hotmail.co.uk,07515 124074,2026-04-15,08.07.03,Exeter,EX16 1SA,Great Britain,No
C1313,Sophie,Griffiths,sophie.griffiths70@hotmail.co.uk,+44 7561 777258,2024-04-09,"October 27, 1979",Nottingham,NG4 4HH,United Kingdom,Y
C3806,Katarzyna,Taylor,,0755895,2025-10-30,1978-11-19,Sheffield,S16 4RG,UK,FALSE
C4284,George,Johnson,george.johnson99@hotmail.co.uk,07112 222042,05.08.25,2001/08/10,Newport,NP8 8NU,United Kingdom,Y
C2985,Arthur,Jenkins,arthur.jenkins@hotmail.co.uk,+44 7168 544694,2024-01-20,1981-01-29,Edinburgh,EH11 6RQ,United Kingdom,y
C5207,Cerys,McDonald,cerys.mcdonald@icloud.com,0719764,25.11.24,1955/08/15,Edinburgh,EH7 8XS,United Kingdom,0
C2099,Isla,Evans,isla.evans76@icloud.com,07926 655068,2025/03/18,1959-05-28,London,e107bt,GB,Yes
C1408,Megan,Davies,megan.davies10@icloud.com,0751315,2023-09-27,1971-05-07,Sheffield,S4 6DN,United Kingdom,FALSE
C2924,Ella,Patel,ella.patel@yahoo.co.uk,07291222993,2026-07-16,1978-07-15,Nottingham,,United Kingdom,y
C4748,Callum,Nowak,callum.nowak90@outlook.com,+44 7308 326738,09 Apr 2026,1973-03-08,Aberystwyth,SY6 8UA,Great Britain,yes
C4969,Bethan,Nowak,bethan.nowak@yahoo.co.uk,07310460272,2024-04-10,1951-09-27,Swansea,SA1 2FL,United Kingdom,Y
C2056,Dylan,Ali,dylan.ali41@gmail.com,07284 115578,2026/01/16,1991-01-05,Manchester,M5 4NQ,United Kingdom,1
C2437,Ivy,Thomas,ivy.thomas86@outlook.com,07621 323053,2025-04-13,1987-01-29,Cardiff,,UK,yes
C6255,ivy,Singh,ivy.singh73@yahoo.co.uk,+44 7480 191821,"May 11, 2025",1982-04-03,Cardiff,CF14 3PP,UK,1
C5431,Rhys,Edwards,rhys.edwards70@gmail.com,073725,unknown,1952-08-15,Aberystwyth,SY2 9BP,United Kingdom,yes
C5587,Bethan,Hall,bethan.hall47@btinternet.com,07351 717872,2026-03-31,1950-06-29,Sheffield,S11 4YW,United Kingdom,yes
C5760,Owen,Murphy,owen.murphy@hotmail.co.uk,,"October 05, 2025",1966-11-14,Belfast,BT15 3EY,UK,FALSE
C5264,Mia,Walker,mia.walker@icloud.com,07788 571945,2024-07-04,1972-09-16,Swanzea,sa57uu,UK,N
C3286,Zainab,Price,zainab.price90@btinternet.com,07946 313839,2024-10-14,1967-12-04,Bristol,BS2 5FX,United Kingdom,Yes
C4294,Ava,Roberts,ava.roberts93@gmail.com,07749547402,13/11/2025,2000-03-22,Cardiff,CF15 6WW,U.K.,yes
C4109,Liam,Smith,liam.smith70@yahoo.co.uk,07475 268325,2025-03-12,2003-04-15,Edinburgh,EH18 2PS,United Kingdom,0
C1992,Grace,Jones,grace.jones91@btinternet.com,07782 555649,2024-03-12,"March 25, 1974",Bangor,LL11 8GG,england,Yes
C4198,Priya,Walker,priya.walker@outlook.com,07147150255,,1961-12-21,Manchester,M8 5TQ,england,TRUE
C2664,Oliver,Roberts,oliver.roberts78@hotmail.co.uk,07700 058725,2024/03/12,27/10/1984,Exeter,EX18 4RS,United Kingdom,1
C5726,Lily,Singh,lily.singh85@gmail.com,07356-889870,"May 11, 2026",1974-10-15,,BS20 1LF,United Kingdom,Y
C5417,Harry,Thomas,harry.thomas73@outlook.com,+44 7438 640350,2024-08-13,1961-11-05,Aberystwyth,SY4 5BZ,United Kingdom,N
C1188,Owen,Singh,owen.singh@icloud.com,07981 554380,2026-04-10,31.07.51,Bristol,BS18 4JN,United Kingdom,0
C5838,Freya,Jones,freya.jones97@outlook.com,07907717571,2024-01-18,2031-04-12,Nottingham,NG9 5HF,United Kingdom,1
C4541,Oliver,Robinson,oliver.robinson@btinternet.com,07455-600610,2024-02-07,"November 15, 2003",Leeds,LS16 6XJ,,FALSE
C4913,Rhys,Williams,rhys.williams@yahoo.co.uk,07723 127234,N/A,1963-05-20,Bangor,LL3 8JJ,UK,yes
C5657,Ava,Murphy,ava.murphy@icloud.com,+44 7652 628429,11-10-2023,,Wrexham,LL6 6LH,United Kingdom,No
C2945,Ravi,Murphy,ravi.murphy@icloud.com,07156013004,2026-02-10,1967-03-17,Swansea,sa86yg,UK,0
C5069,Megan,Morgan,megan.morgan85@hotmail.co.uk,07356 694126,2025-02-18,"June 16, 1989",Bath,BA19 2BE,england,No
C3657,Megan,Price,megan.price@yahoo.co.uk,07207079788,2025-05-26,2001-04-01,Bristol,BS18 4XT,United Kingdom,y
C2880,Seren,Thompson,seren.thompson26@yahoo.co.uk,,2024-01-31,2001-07-18,Newport,NP3 8XR,UK,N
C6267,Owen ,O'Brien,owen.obrien83@outlook.com,07449 783947,2024-09-28,1976-09-22,Bath,BA19 8TA,UK,Yes
C5869,Chloe,Patel,chloe.patel99@hotmail.co.uk,07594 870543,2023-09-13,1953-05-06,Birmingham,B2 2WL,United Kingdom,1
C3600,Oliver,Taylor,oliver.taylor47@yahoo.co.uk,07751 729100,2025-05-13,1989-11-05,Port Talbot,SA19 7PH,United Kingdom,TRUE
C1657,Aisha,Price,aisha.price@yahoo.co.uk,+44 7965 798539,2025-03-10,1971-12-14,Edinburgh,EH10 6ZJ,United Kingdom,FALSE
C3026,Niamh,Griffiths,niamh.griffiths@hotmail.co.uk,07590379776,2024-02-11,1984/05/18,Nottingham,NG4 9UU,Great Britain,no
C3181,Lily,Taylor,lily.taylor97@hotmail.co.uk,0760009,2026-06-26,1900-01-01,CARDIFF,CF20 2HZ,GB,Y
C2504,Jack,Wood,jack.wood@outlook.com,0738823,2023-06-29,1959-09-20,Belfast,BT6 5RN,United Kingdom,TRUE
C1370,Seren,Hughes,seren.hughes85@outlook.com,+44 7141 022585,2023-11-22,1958-04-07,Bangor,LL17 1GZ,UK,
C1650,Priya,Thompson,priya.thompson2@icloud.com,07605 542205,2025-02-18,1988-02-08,cardiff,CF9 6QA,england,No
C5976,Leo,Walker,leo.walker42btinternet.com,+44 7393 626839,2023-06-13,1996-10-07,Liverpool,L6 2WR,United Kingdom,TRUE
C5467,Fiona,Roberts,fiona.roberts82@outlook.com,07686483944,01-28-2026,1963-07-25,Newport,NP19 9ZG,United Kingdom,Y
C4970,Callum,Roberts,callum.roberts@gmail.com,0758162,22/09/2026,1961-03-10,Bristol,BS16 2DQ,United Kingdom,0
C4602,Seren,Ali,seren.ali5@icloud.com,07477 501294,2024-05-18,10.03.90,Birmingham,B10 2NB,United Kingdom,yes
C5476,Noah,Evans,noah.evans69@icloud.com,07226 042802,2023-06-01,1952-11-23,Newport,np46dl,United Kingdom,0
C4419,Freya,Morgan,freya.morgan@yahoo.co.uk,07257 866755,2025-03-06,"September 09, 1951",Bath,BA6 4AZ,United Kingdom,1
C4056,Bethan,Roberts,bethan.roberts@gmail.com,+44 7671 343375,2026-07-22,1962-10-23,Liverpool,l101df,United Kingdom,1
C5154,Dylan,Smith,dylan.smith83@btinternet.com,07796 572784,2026-04-06,1980-04-01,Leeds,LS15 2WQ,United Kingdom,1
C1715,Ethan,Price,ethan.price@hotmail.co.uk,07435 957009,04.10.23,1986-04-25,,SA20 9GE,UK,yes
C6215,jack,Khan,jack.khan@outlook.com,0742212,2024-10-15,2000-12-01,Manchester,m154wf,United Kingdom,No
C3570,Liam,Roberts,liam.roberts5@outlook.com,07458 782974,2024/12/23,27/04/1994,Port Talbot,SA19 3YL,england,FALSE
C4590,Cerys,Khan,cerys.khan34@hotmail.co.uk,07984586839,2026-08-25,1962-06-25,Birmingham,B6 5SS,UK,y
C1552,Leo,Robinson,leo.robinson@gmail.com,07861 437245,2024-01-13,1951-09-21,Cardiff,CF9 4GW,United Kingdom,TRUE
C1228,Megan,Williams,megan.williams77@gmail.com,07380482570,2023-11-15,16 Feb 1994,Exeter,EX8 9UQ,United Kingdom,Y
C1011,Noah,Singh,noah.singh@yahoo.co.uk,0724992,2025-03-10,1996-03-21,Edinburgh,EH8 9UT,GB,N
C2088,Chloe,Nowak,chloe.nowak94@yahoo.co.uk,+44 7460 710457,2023-10-31,1978/08/24,Bath,BA9 9ZY,United Kingdom,No
C6315,AMELIA,Lewis,amelia.lewis10@btinternet.com,07585130748,2025-03-17,1973-01-10,Liverpool,L4 3AB,United Kingdom,no
C2693,Jack,Singh,jack.singh71@hotmail.co.uk,07520-339055,22/08/2023,TBC,Cardiff,cf12dj,Great Britain,No
C2760,Mia,Murphy,mia.murphy87@yahoo.co.uk,07958-215809,2024-06-30,,Port Talbot,sa154fr,United Kingdom,yes
C5837,Leo,Johnson,leo.johnson@gmail.com,07854 358523,2024-08-29,1968-11-08,Bristol,BS4 6PD,United Kingdom,Yes
C3735,Priya,Robinson,priya.robinson95@hotmail.co.uk,07342 823524,2023-12-31,1984-04-19,Exeter,EX4 6JU,United Kingdom,N
C5102,Chloe,Wood,chloe.wood43@icloud.com,0774169,30.05.25,1971-03-15,Glasgow,G17 8WB,UK,0
C1356,Bethan,Green,,07824945535,03.08.25,1990/11/15,Leeds,LS3 6QL,U.K.,N
C4067,Amelia,Johnson,amelia.johnson91@hotmail.co.uk,07479-633169,2025-03-29,"May 09, 1968",Aberystwyth,sy158ua,United Kingdom,N
C3857,Owen,Robinson,owen.robinson66@outlook.com,07420 830998,2026-09-25,1981-12-05,Bath,BA6 2HP,United Kingdom,Yes
C5996,Gareth,Green,gareth.green@btinternet.com,07829 997964,25.07.23,1976-10-25,Manchester,M4 3PH,United Kingdom,
C1045,Noah,Griffiths,noah.griffiths21@outlook.com,07392 374575,2024-06-23,1998-07-20,Wrexham,LL2 1SQ,england,N
C1085,George,Ali,george.ali@icloud.com,+44 7549 197764,2025-10-05,1966-07-14,Liverpool,L9 9EQ,United Kingdom,
C1973,Noah,Taylor,noah.taylor87@gmail.com,0763160,2025-07-19,2001-02-04,Port Talbot,SA10 2GG,United Kingdom,1
C3898,Liam,Williams,liam.williams@hotmail.co.uk,0737381,2024-12-06,1955-08-10,Bristol,BS19 2TN,United Kingdom,Yes
C1712,Sean,Davies,sean.davies82@gmail.com,07468635223,2025-09-27,1968-08-29,Newport,NP15 8GE,UK,0
C5253,Owen,Smith,owen.smith@gmail.com,,2024-01-13,1951-09-25,Wrexham,LL7 8RW,United Kingdom,1
C1317,Mia,Williams,mia.williams93@icloud.com,07390 367387,2023-12-24,1973-10-27,Manchester,M17 5BT,United Kingdom,FALSE
C3127,Amelia,Murphy,amelia.murphy98@gmail.com,07846 065299,2025-12-17,28/01/1985,Bath,BA8 4JJ,United Kingdom,1
C3626,Sean,Davies,sean.davies@gmail.com,07748 678170,2026-08-21,1959-07-06,Nottingham,NG11 3XT,United Kingdom,TRUE
C2679,Aisha,Singh,aisha.singh81@gmail.com,07529 486998,2024-08-06,1978-08-25,edinburgh,EH2 1HL,UK,y
C4063,Gareth,Thompson,gareth.thompson@yahoo.co.uk,07488 793055,2024-12-26,1996-08-18,Belfast,BT6 6UJ,United Kingdom,Yes
C2883,Isla,Khan,isla.khan@hotmail.co.uk,,2025/03/14,1968-04-12,Port Talbot,SA6 6LX,UK,Y
C3704,Seren,Davies,seren.davies84@btinternet.com,+44 7157 856099,2025-05-17,1958-02-23,,LS15 4JT,UK,N
C1575,Amelia,Morgan,amelia.morgan@hotmail.co.uk,07388 806935,2026-05-12,1971-08-17,Cardiff,CF2 6PE,UK,y
C5956,Lily,McDonald,lily.mcdonald55@btinternet.com,07597-420346,06-09-2023,23 Jun 1987,Newport,NP15 2WD,United Kingdom,TRUE
C3148,Fiona,Nowak,fiona.nowak79@yahoo.co.uk,07643 865504,"June 14, 2023",2003-11-20,Liverpool,L5 3HF,Wales,Y
C3384,Ava,Nowak,ava.nowak98@btinternet.com,07419 565218,2023-09-27,1950-04-04,Liverpool,L18 8NF,U.K.,Y
C3607,Tomasz,Johnson,tomasz.johnson57@hotmail.co.uk,07339747381,2024-11-29,1993-01-03,Newport,NP19 9FH,Great Britain,1
C3741,Ella,Thompson,ella.thompson40@icloud.com,0727440,22.12.24,1976-09-07,Port Talbot,SA15 2HB,UK,Y
C1707,Leo,Williams,leo.williams47@hotmail.co.uk,0744488,2024-08-06,1971-12-04,Port Talbot,SA13 2YN,UK,TRUE
C4870,Jack,Morgan,jack.morgan59@btinternet.com,07628799302,"December 22, 2025",,London,E8 5BG,United Kingdom,0
C2686,Dylan,Murphy,dylan.murphy74@yahoo.co.uk,0779916,2025-05-14,1965-12-16,Bath,BA6 6GX,United Kingdom,no
C4712,Sean,Wood,sean.wood78@hotmail.co.uk,,2023-06-02,1994-08-21,Liverpool,L18 8ZW,UK,FALSE
C1806,Bethan,Roberts,bethan.roberts71@icloud.com,+44 7937 338029,29/05/2024,05-20-1956,Swansea,SA7 4ER,United Kingdom,FALSE
C1513,Noah,Davies,noah.davies33@outlook.com,07406734089,2024-11-15,1959-12-26,Bath,BA2 8EW,UK,FALSE
C2689,Niamh,Singh,niamh.singh78@btinternet.com,07891 544454,2025-12-17,1979-04-30,Exeter,EX7 1XW,UK,no
C3003,Connor,Patel,connor.patel@btinternet.com,07866 059931,2023-10-17,2002-01-30,Newport,NP10 6WT,UK,Yes
C1833,Grace,Roberts,grace.roberts84@btinternet.com,07742-719873,2023-10-13,08-09-1968,,BS8 3BJ,United Kingdom,1
C5981,Noah,Taylor,noah.taylor23@gmail.com,07945689200,19.08.26,1968-04-14,London,E7 1SF,UK,FALSE
C1028,Callum,Johnson,callum.johnson38@hotmail.co.uk,07362 065933,2023-10-09,unknown,Wrexham,LL15 9EJ,United Kingdom,0
