return_id,order_item_id,order_id,return_date,reason,refund_amount,resolution
R7001,548180,ORD-223229,2025-10-08,Too Small,155.46,REFUND
R7002,502171,ORD-201051,2024-02-19,not waterproof,96.48,Refund
R7003,539059,ORD-218869,2025-07-29,Faulty,213.87,Refund
R7004,528860,ORD-213965,TBC,Too Small,586.67,refund
R7005,511660,ORD-205685,2026-09-30,arrived damaged,20.76,refund
R7006,542424,ORD-220474,2026-04-29,no longer needed,112.86,Refund
R7007,524468,ORD-211846,2025-08-20,bought by mistake,,Store credit
R7008,513659,ORD-206657,2025-01-30,TOO SMALL,16.39,Exchange
R7009,504446,ORD-202187,01 Jun 2026,too big,15.31,Refund
R7010,541822,ORD-220187,2025-09-20,changed mind,213.87,Store credit
R7011,546521,ORD-222452,2025-08-29,Too Small,45.76,refund
R7012,543431,ORD-220938,12/01/2025,Faulty,47.53,Exchange
R7013,532388,ORD-215635,2025-03-06,stitching came apart,488.33,refund
R7014,514650,ORD-207132,09-26-2026,,,refund
R7015,515763,ORD-207651,2024-07-28,damaged in transit,47.53,Refund
R7016,505090,ORD-202498,30 Jul 2025,didnt fit,185.02,REFUND
R7017,546167,ORD-222284,2025-09-29,bought by mistake,65.43,REFUND
R7018,531011,ORD-214986,"February 24, 2025",,45.48,refund
R7019,502132,ORD-201032,2025-12-29,no longer needed,276.64,REFUND
R7020,535256,ORD-217058,2026-06-06,no longer needed,35.90,refund
R7021,546361,ORD-222376,23.06.25,,66.03,Exchange
R7022,503700,ORD-201816,2025-08-13,box crushed,44.28,refund
R7023,539880,ORD-219263,2026-02-06,TOO SMALL,28.95,Exchange
R7024,551800,ORD-224958,2026-02-17,didn't fit,61.26,Exchange
R7025,542090,ORD-220322,07-26-2025,too big,103.25,Refund
R7026,532999,ORD-215942,"October 20, 2025",didn't fit,202.06,REFUND
R7027,541322,ORD-219953,"September 17, 2026",no longer needed,120.08,Exchange
R7028,547181,ORD-222757,05/10/2025,zip broke,275.89,refund
R7029,547041,ORD-222686,"March 08, 2026",,53.33,REFUND
R7030,544769,ORD-221589,2025-12-06,,92.28,Refund
R7031,516174,ORD-207841,06/07/2026,too big,66.58,refund
R7032,519387,ORD-209377,2024-03-12,,34.14,Exchange
R7033,547304,ORD-222817,2026-09-01,not as described,65.43,REFUND
R7034,503894,ORD-201912,07-05-2025,stitching came apart,41.05,Exchange
R7035,509156,ORD-204438,2026-05-08,wrong size,42.68,refund
R7036,517396,ORD-208428,,too small,58.34,Refund
R7037,512558,ORD-206117,2025-11-22,n/a,40.78,Store credit
R7038,510538,ORD-205134,02/03/2026,Too Small,155.46,Exchange
R7039,502177,ORD-201053,08-27-2025,bought by mistake,22.69,Store credit
R7040,547296,ORD-222813,2025-04-23,not waterproof,67.31,Refund
R7041,534973,ORD-216922,2026-08-15,TOO SMALL,74.97,Refund
R7042,513473,ORD-206573,2026-08-30,,77.93,refund
R7043,548188,ORD-223233,24/03/2026,TOO SMALL,185.57,REFUND
R7044,546079,ORD-222239,2026-03-26,colour different,24.39,REFUND
R7045,500580,ORD-200266,"July 16, 2026",,19.75,refund
R7046,528910,ORD-213990,08/04/2024,Too Small,63.17,refund
R7047,539281,ORD-218978,2026-08-02,not waterproof,103.25,Refund
R7048,521151,ORD-210231,15 Dec 2024,bought by mistake,121.91,refund
R7049,509660,ORD-204681,2026-09-30,,29.67,Store credit
R7050,522917,ORD-211095,2025-11-09,,77.81,Store credit
R7051,540349,ORD-219479,05.07.26,too big,96.48,refund
R7052,515878,ORD-207701,2026-05-19,NA,38.97,Refund
R7053,524491,ORD-211857,2026-02-15,Doesn't fit,155.46,Exchange
R7054,505354,ORD-202621,2026-01-18,wrong size,39.03,REFUND
R7055,524674,ORD-211947,2025-06-14,didn't fit,6.10,refund
R7056,510852,ORD-205280,N/A,found cheaper,124.31,Exchange
R7057,537583,ORD-218182,2026-04-09,wrong size,30.63,Store credit
R7058,506315,ORD-203081,29.09.26,,193.52,refund
R7059,544434,ORD-221418,2025-07-27,not as described,634.46,refund
R7060,542840,ORD-220661,2026-02-24,colour different,47.53,Exchange
R7061,551602,ORD-224864,2025-10-19,leaking,8.88,Exchange
R7062,545761,ORD-222076,2025-08-21,NA,48.60,refund
R7063,504322,ORD-202124,2025-10-12,didn't fit,133.17,Exchange
R7064,539152,ORD-218912,2026-09-04,stitching came apart,41.52,Exchange
R7065,517015,ORD-208248,2026-06-11,,34.69,Exchange
R7066,504102,ORD-202011,2025-10-06,changed mind,155.46,Refund
R7067,530666,ORD-214820,2025/11/08,too small,1786.10,REFUND
R7068,539187,ORD-218933,2025-08-25,n/a,89.58,Refund
R7069,543980,ORD-221206,2025-01-12,box crushed,172.97,refund
R7070,507645,ORD-203704,2026-09-29,leaking,33.22,Exchange
R7071,521029,ORD-210171,2026-09-13,TOO SMALL,22.37,REFUND
R7072,551021,ORD-224579,18 Mar 2025,TOO SMALL,60.97,Store credit
R7073,510375,ORD-205051,2025-08-11,leaking,14.84,REFUND
R7074,535358,ORD-217109,2025-08-06,not as described,76.24,refund
R7075,501118,ORD-200530,2026-07-03,,61.75,Store credit
R7076,504026,ORD-201974,28/03/2026,Too Small,155.62,Exchange
R7077,525499,ORD-212331,2026-05-11,zip broke,1229.50,refund
R7078,519695,ORD-209523,2026-09-12,not as described,139.14,refund
R7079,543159,ORD-220817,08-13-2024,leaking,35.90,Exchange
R7080,520488,ORD-209909,unknown,colour different,43.70,REFUND
R7081,501827,ORD-200880,2026-07-15,wrong size,24.84,Store credit
R7082,516529,ORD-208011,2025-12-31,didnt fit,103.25,refund
R7083,528153,ORD-213630,2025-06-16,,40.78,Refund
R7084,500096,ORD-200050,2026-07-22,too big,256.03,Refund
R7085,501923,ORD-200926,2026-09-30,Too Small,,Refund
R7086,523068,ORD-211169,2025-09-17,arrived damaged,22.69,REFUND
R7087,544076,ORD-221251,unknown,looks different to photo,135.75,REFUND
R7088,547463,ORD-222889,2026-03-11,TOO SMALL,17.81,Refund
R7089,539406,ORD-219042,"April 29, 2026",didn't fit,138.66,Refund
R7090,551787,ORD-224952,06/09/2025,wrong size,101.03,Exchange
R7091,542363,ORD-220448,2026-07-19,stitching came apart,97.70,REFUND
R7092,530715,ORD-214841,2026-08-01,TOO SMALL,65.43,Exchange
R7093,519739,ORD-209545,2026-08-12,colour different,77.19,Exchange
R7094,514065,ORD-206862,2025-12-05,changed mind,58.68,REFUND
R7095,536952,ORD-217884,2025-06-03,found cheaper,51.62,Store credit
R7096,501490,ORD-200725,2026-07-14,Faulty,48.79,Exchange
R7097,519442,ORD-209402,2024-09-14,looks different to photo,44.87,refund
R7098,548552,ORD-223410,2026-09-30,changed mind,49.28,refund
R7099,538976,ORD-218841,2026-01-13,didn't fit,32.72,refund
R7100,529880,ORD-214446,2025/12/08,not as described,9.76,REFUND
R7101,537848,ORD-218317,20.06.26,TOO SMALL,46.27,Store credit
R7102,544025,ORD-221225,2025-11-15,looks different to photo,119.73,Refund
R7103,551452,ORD-224795,2024-06-16,looks different to photo,83.64,REFUND
R7104,540508,ORD-219560,2024-11-29,didnt fit,97.70,Refund
R7105,544528,ORD-221466,"February 20, 2026",,36.54,Refund
R7106,545555,ORD-221968,2026-01-06,zip broke,312.22,Refund
R7107,501557,ORD-200758,2024-10-24,DAMAGED,81.38,refund
R7108,531055,ORD-215011,2026-06-06,not as described,56.14,Refund
R7109,540395,ORD-219505,2025-12-14,,19.56,Store credit
R7110,515274,ORD-207425,unknown,no longer needed,65.10,Store credit
R7111,518505,ORD-208968,2025-08-15,didn't fit,41.82,Store credit
R7112,511319,ORD-205513,04.04.26,wrong size,32.72,REFUND
R7113,508908,ORD-204315,2026/04/26,box crushed,67.31,Store credit
R7114,511052,ORD-205384,2025-01-29,not as described,75.01,Store credit
R7115,537600,ORD-218191,"June 19, 2026",box crushed,45.48,refund
R7116,513193,ORD-206436,2026-07-13,Too Small,29.67,refund
R7117,535803,ORD-217327,2025-11-28,box crushed,42.60,Refund
R7118,518920,ORD-209159,2026-06-12,too small,22.38,Exchange
R7119,533697,ORD-216282,15/01/2026,stitching came apart,41.52,Refund
R7120,518592,ORD-209008,12-27-2024,changed mind,156.11,Exchange
R7121,513111,ORD-206394,2025-12-13,wrong size,33.66,REFUND
R7122,518173,ORD-208809,31.12.25,,77.18,REFUND
R7123,505812,ORD-202838,06-19-2025,,,Refund
R7124,507729,ORD-203743,2025-07-03,NA,124.19,refund
R7125,512667,ORD-206164,2025-11-16,arrived damaged,138.66,Refund
R7126,546517,ORD-222450,2025-09-26,box crushed,14.52,refund
R7127,500416,ORD-200193,2026-08-06,not as described,14.84,Store credit
R7128,513341,ORD-206507,2025-10-20,bought by mistake,161.65,Exchange
R7129,522980,ORD-211125,05-26-2025,zip broke,59.18,Store credit
R7130,543318,ORD-220890,2026-02-04,changed mind,135.10,Refund
R7131,519012,ORD-209203,2026-09-03,zip broke,0.00,Store credit
R7132,541872,ORD-220215,2025-02-11,faulty zip,41.84,refund
R7133,532745,ORD-215813,2025-12-16,zip broke,19.56,REFUND
R7134,551369,ORD-224753,2024/11/25,damaged in transit,92.72,REFUND
R7135,522552,ORD-210925,2026-09-08,no longer needed,66.85,Store credit
R7136,543033,ORD-220764,2026-07-14,TOO SMALL,246.25,Refund
R7137,544317,ORD-221365,2025-11-06,other,112.86,Exchange
R7138,524027,ORD-211639,"July 07, 2026",too small,22.43,Exchange
R7139,507681,ORD-203720,2026-04-13,found cheaper,92.24,Store credit
R7140,513616,ORD-206640,2026-09-30,Doesn't fit,89.76,REFUND
R7141,522878,ORD-211080,2025-02-01,TOO SMALL,52.45,Refund
R7142,502006,ORD-200974,2026-01-09,Doesn't fit,295.96,REFUND
R7143,505641,ORD-202753,2026-08-25,wrong size,29.67,Exchange
R7144,535525,ORD-217189,"October 31, 2025",zip broke,45.48,Exchange
R7145,520022,ORD-209682,2024-12-05,zip broke,67.88,Exchange
R7146,535204,ORD-217031,11.12.25,didn't fit,51.75,Exchange
R7147,520026,ORD-209684,2026-03-15,not as described,,Store credit
R7148,513377,ORD-206526,13 Oct 2025,looks different to photo,61.90,refund
R7149,539121,ORD-218899,2026-09-30,,11.19,Store credit
R7150,540399,ORD-219506,"May 29, 2026",bought by mistake,65.43,Exchange
R7151,534193,ORD-216518,2026-07-02,leaking,155.46,refund
R7152,536876,ORD-217852,2025-12-27,not waterproof,150.10,Exchange
R7153,541203,ORD-219902,2025-03-16,too small,96.06,refund
R7154,535278,ORD-217070,2025-04-30,arrived damaged,,refund
R7155,548377,ORD-223318,05-15-2026,not waterproof,239.47,refund
R7156,505698,ORD-202779,2026-03-15,too big,54.63,refund
R7157,550701,ORD-224419,05 Jul 2026,found cheaper,48.73,Store credit
R7158,542324,ORD-220428,2024-10-09,stitching came apart,153.69,REFUND
R7159,506381,ORD-203116,2025-12-05,colour different,9.76,REFUND
R7160,523380,ORD-211321,02-01-2026,changed mind,139.19,Exchange
R7161,511987,ORD-205839,2026-04-29,found cheaper,121.99,refund
R7162,529507,ORD-214275,2025-04-25,damaged in transit,248.10,Store credit
R7163,533174,ORD-216027,2025-05-29,arrived damaged,42.60,Exchange
R7164,536505,ORD-217664,2026-07-01,faulty zip,25.06,Refund
R7165,533701,ORD-216284,2025-06-27,wrong size,155.62,Refund
R7166,534776,ORD-216822,30 May 2026,bought by mistake,41.40,REFUND
R7167,521948,ORD-210630,12/05/2024,not as described,53.03,Exchange
R7168,515385,ORD-207473,2025-11-06,didn't fit,77.19,REFUND
R7169,542092,ORD-220323,2024-11-09,,135.75,Exchange
R7170,544453,ORD-221425,2026-04-23,,24.73,REFUND
R7171,526179,ORD-212662,2025-10-23,Doesn't fit,103.25,Refund
R7172,505984,ORD-202923,2026-07-14,zip broke,29.67,refund
R7173,525457,ORD-212312,2026-09-30,arrived damaged,228.18,Refund
R7174,517197,ORD-208336,2025-03-29,colour different,32.56,Exchange
R7175,508842,ORD-204281,"September 14, 2025",found cheaper,17.81,REFUND
R7176,528399,ORD-213749,2026-01-03,box crushed,29.17,refund
R7177,532843,ORD-215863,2025-09-19,zip broke,188.89,refund
R7178,511029,ORD-205371,2026-08-27,faulty zip,3.58,Exchange
R7179,514468,ORD-207051,01-04-2026,faulty zip,88.57,refund
R7180,527749,ORD-213429,2026-07-09,too big,0.00,Store credit
R7181,529527,ORD-214285,2025-08-28,didn't fit,185.57,Exchange
R7182,530025,ORD-214517,2025-12-26,found cheaper,76.58,Exchange
R7183,545445,ORD-221915,2025-06-03,found cheaper,49.47,Store credit
R7184,505273,ORD-202582,TBC,not waterproof,81.38,Exchange
R7185,534978,ORD-216923,14/05/2026,colour different,147.98,refund
R7186,525857,ORD-212517,2026-06-05,,97.45,refund
R7187,522750,ORD-211014,2026-05-08,no longer needed,83.68,refund
R7188,525022,ORD-212112,2024-12-20,box crushed,185.64,Refund
R7189,506487,ORD-203162,2026-09-13,,220.20,Exchange
R7190,537485,ORD-218132,2026-02-23,Faulty,47.52,Refund
R7191,539858,ORD-219254,2026-05-25,Too Small,21.34,Refund
R7192,537006,ORD-217908,2026-06-28,changed mind,170.39,Refund
R7193,504707,ORD-202313,"July 29, 2025",looks different to photo,36.67,REFUND
R7194,528803,ORD-213940,"December 30, 2024",n/a,36.54,refund
R7195,512287,ORD-205990,2025-11-13,not as described,16.39,REFUND
R7196,551707,ORD-224918,2026-09-30,didn't fit,35.81,Store credit
R7197,510725,ORD-205222,2026-09-30,not waterproof,103.25,refund
R7198,504362,ORD-202145,2025-05-10,stitching came apart,77.81,refund
R7199,507870,ORD-203812,2026-07-10,box crushed,112.86,Exchange
R7200,501920,ORD-200926,09-30-2026,Faulty,312.22,Store credit
R7201,510924,ORD-205319,10-15-2025,not as described,188.89,Exchange
R7202,540305,ORD-219459,"July 12, 2025",Faulty,43.29,Store credit
R7203,503317,ORD-201630,2026-01-25,faulty zip,39.83,Refund
R7204,549886,ORD-224039,2025-12-11,Too Small,96.06,REFUND
R7205,538035,ORD-218395,2025/03/16,changed mind,47.34,Store credit
R7206,549789,ORD-224001,2026/06/12,no longer needed,30.48,Refund
R7207,544486,ORD-221441,2025-04-28,bought by mistake,22.69,refund
R7208,539259,ORD-218966,2026-07-26,not as described,178.61,Refund
R7209,535498,ORD-217176,2026-08-05,NA,34.69,REFUND
R7210,547298,ORD-222814,08-23-2025,faulty zip,34.50,Store credit
R7211,541884,ORD-220221,2025/09/13,Faulty,142.89,refund
R7212,503710,ORD-201821,2026-07-14,Doesn't fit,41.52,Exchange
R7213,510148,ORD-204930,2025-04-28,zip broke,12.53,REFUND
R7214,536033,ORD-217451,12-18-2025,too big,188.89,refund
R7215,518389,ORD-208911,2026-01-20,damaged in transit,64.46,refund
R7216,524437,ORD-211833,2025-08-23,didnt fit,22.75,Exchange
R7217,515985,ORD-207755,02 Jun 2025,no longer needed,,refund
R7218,545319,ORD-221855,2026-09-17,Doesn't fit,123.12,refund
R7219,518826,ORD-209118,2025-12-05,DAMAGED,67.31,Store credit
R7220,526317,ORD-212728,2026-09-18,n/a,156.14,Exchange
R7221,532368,ORD-215625,2026-05-11,didn't fit,106.94,REFUND
R7222,517687,ORD-208555,2025-11-18,,66.85,Store credit
R7223,515235,ORD-207412,03-20-2026,TOO SMALL,30.48,refund
R7224,534830,ORD-216850,2025-08-02,see email,200.05,refund
R7225,532374,ORD-215628,2025-06-23,too big,34.69,Store credit
R7226,530177,ORD-214594,2026-09-28,too small,129.59,REFUND
R7227,524868,ORD-212038,2026/01/15,found cheaper,30.63,REFUND
R7228,546326,ORD-222359,2024-12-06,no longer needed,97.53,REFUND
R7229,502232,ORD-201080,2026-05-22,TOO SMALL,74.39,REFUND
R7230,546157,ORD-222280,2026-04-22,bought by mistake,48.79,REFUND
R7231,527931,ORD-213527,"September 08, 2026",didnt fit,23.16,refund
R7232,534737,ORD-216802,21.10.25,stitching came apart,36.61,Refund
R7233,532780,ORD-215832,"November 07, 2025",found cheaper,202.06,Store credit
R7234,504519,ORD-202225,2026-04-12,too big,245.63,Store credit
R7235,517891,ORD-208661,10-09-2025,not waterproof,11.10,Store credit
R7236,527448,ORD-213274,2024-12-11,damaged in transit,54.63,REFUND
R7237,541667,ORD-220116,2026-08-19,not as described,89.75,Store credit
R7238,534238,ORD-216543,2025-08-07,Doesn't fit,51.75,Store credit
R7239,516286,ORD-207904,2026-04-23,not waterproof,178.78,Exchange
R7240,500888,ORD-200420,2026-08-27,changed mind,34.50,Refund
R7241,544373,ORD-221393,29 Jul 2025,Doesn't fit,67.31,REFUND
R7242,544756,ORD-221581,"May 24, 2026",stitching came apart,96.96,Refund
R7243,521872,ORD-210594,2026-01-08,didnt fit,81.56,Store credit
R7244,531401,ORD-215173,2026-07-02,not waterproof,65.25,Store credit
R7245,544533,ORD-221469,2026-09-27,Too Small,14.47,refund
R7246,522574,ORD-210938,2026-01-23,found cheaper,71.66,Exchange
R7247,525568,ORD-212371,08-08-2026,found cheaper,191.50,refund
R7248,503883,ORD-201908,2026-06-12,faulty zip,243.17,Refund
R7249,536938,ORD-217879,2026-05-31,no longer needed,104.27,Store credit
R7250,513872,ORD-206764,2025-11-03,not waterproof,19.56,Exchange
R7251,532868,ORD-215876,2025-09-12,changed mind,33.22,REFUND
R7252,531154,ORD-215060,2025-08-19,zip broke,31.11,REFUND
R7253,524929,ORD-212066,18 Dec 2025,too small,58.23,REFUND
R7254,512042,ORD-205865,22/06/2025,found cheaper,29.23,REFUND
R7255,542304,ORD-220418,09-13-2026,too big,53.70,refund
R7256,520103,ORD-209724,2026-02-23,,132.84,refund
R7257,527587,ORD-213345,2026-07-14,damaged in transit,124.19,refund
R7258,530790,ORD-214880,2025-04-09,not waterproof,44.79,Store credit
R7259,523369,ORD-211315,2026-05-31,Faulty,125.03,Store credit
R7260,546431,ORD-222409,2025-06-03,found cheaper,155.62,refund
R7261,537968,ORD-218365,2024-12-26,didnt fit,28.95,Exchange
R7262,551193,ORD-224667,17 Jan 2026,n/a,83.68,refund
R7263,519362,ORD-209366,2026-07-12,no longer needed,155.62,refund
R7264,504124,ORD-202020,2025-01-03,not waterproof,44.88,Exchange
R7265,548744,ORD-223507,2026-02-12,Too Small,124.19,Refund
R7266,549782,ORD-223999,2026-08-25,didn't fit,225.73,REFUND
R7267,534373,ORD-216611,27/01/2026,zip broke,488.33,Refund
R7268,522938,ORD-211105,2026-01-29,,,REFUND
R7269,530039,ORD-214523,06-05-2025,looks different to photo,94.67,refund
R7270,511051,ORD-205383,2025-06-24,damaged in transit,122.95,REFUND
R7271,528135,ORD-213621,2026-09-30,too big,121.91,Refund
R7272,551320,ORD-224730,"May 28, 2026",colour different,156.11,Exchange
R7273,520849,ORD-210090,"August 03, 2026",wrong size,29.11,Exchange
R7274,516356,ORD-207936,2026-04-10,too small,58.44,refund
R7275,506301,ORD-203075,17/09/2026,didnt fit,19.75,Exchange
R7276,506033,ORD-202943,2026-07-12,Too Small,158.08,REFUND
R7277,541926,ORD-220244,2025-05-11,stitching came apart,103.67,Exchange
R7278,500631,ORD-200290,2026-06-22,TOO SMALL,129.62,Refund
R7279,537719,ORD-218254,14 Oct 2025,found cheaper,53.70,Store credit
R7280,541877,ORD-220218,09-03-2026,leaking,39.83,Refund
R7281,514153,ORD-206899,2025-11-26,found cheaper,60.01,refund
R7282,522730,ORD-211007,2026-02-26,bought by mistake,88.72,Store credit
R7283,531284,ORD-215119,2026/02/10,stitching came apart,86.66,Store credit
R7284,525760,ORD-212463,2024-09-24,,33.74,refund
R7285,522800,ORD-211036,2025-05-18,,16.89,Exchange
R7286,536888,ORD-217857,02 Jan 2026,didnt fit,13.17,Exchange
R7287,504463,ORD-202196,2026-06-08,not as described,58.44,Exchange
R7288,514563,ORD-207093,2025-10-15,Too Small,249.78,refund
R7289,546509,ORD-222447,2026-06-29,Doesn't fit,131.45,Refund
R7290,546291,ORD-222342,2024-12-06,bought by mistake,176.16,refund
R7291,547742,ORD-223020,2026-05-02,stitching came apart,77.37,refund
R7292,514161,ORD-206902,2026-01-06,stitching came apart,185.64,Exchange
R7293,540817,ORD-219709,2025-10-24,DAMAGED,100.09,Exchange
R7294,530930,ORD-214946,2026-09-28,damaged in transit,167.14,Refund
R7295,506623,ORD-203224,TBC,NA,29.23,refund
R7296,526915,ORD-213026,2026-08-16,faulty zip,51.71,Store credit
R7297,542196,ORD-220368,2026-04-19,leaking,81.56,Store credit
R7298,514514,ORD-207070,2024-11-15,Faulty,77.66,Store credit
R7299,529062,ORD-214063,2025-11-11,arrived damaged,155.62,Exchange
R7300,520102,ORD-209723,2026-07-09,,223.70,Refund
R7301,539685,ORD-219171,07-07-2026,colour different,168.87,REFUND
R7302,528105,ORD-213606,2025-02-09,,213.87,REFUND
R7303,529596,ORD-214310,09-19-2026,too small,53.33,REFUND
R7304,527543,ORD-213322,2026-03-30,didnt fit,36.61,Refund
R7305,509926,ORD-204825,2025-11-12,didn't fit,172.97,REFUND
R7306,516940,ORD-208208,04-15-2026,stitching came apart,132.84,Store credit
R7307,509045,ORD-204379,2026-05-06,DAMAGED,39.83,Refund
R7308,541188,ORD-219894,2026-03-13,too small,10.54,Refund
R7309,521568,ORD-210447,2026-09-16,Too Small,97.53,Refund
R7310,511843,ORD-205770,2025/01/15,box crushed,,Exchange
R7311,523078,ORD-211173,2024-03-17,Faulty,138.32,REFUND
R7312,510816,ORD-205263,2026-02-08,Doesn't fit,65.67,Store credit
R7313,504779,ORD-202347,2026-08-25,TOO SMALL,77.93,Exchange
R7314,536820,ORD-217826,2025-10-03,box crushed,9.80,Store credit
R7315,551710,ORD-224919,2024-10-16,didn't fit,46.36,Refund
R7316,532679,ORD-215778,2025-02-09,,223.48,Refund
R7317,525097,ORD-212144,2026-09-30,arrived damaged,46.14,Refund
R7318,526067,ORD-212612,2026-02-09,box crushed,0.00,Refund
R7319,534454,ORD-216661,2024-07-02,,239.47,Store credit
R7320,504922,ORD-202417,"July 24, 2026",found cheaper,9.84,Store credit
R7321,503046,ORD-201503,11 May 2025,no longer needed,145.59,Exchange
R7322,516047,ORD-207782,2026-07-15,NA,152.23,refund
R7323,519044,ORD-209221,2025-10-11,too small,38.02,Refund
R7324,523826,ORD-211539,"July 25, 2026",too big,52.45,Store credit
R7325,512023,ORD-205856,2025-09-04,changed mind,22.75,REFUND
R7326,514891,ORD-207246,2025-08-11,too big,46.27,REFUND
R7327,543686,ORD-221065,10-21-2024,too big,42.68,Refund
R7328,544184,ORD-221304,2025-03-28,didnt fit,14.84,Exchange
R7329,507538,ORD-203649,2025-09-18,not waterproof,66.90,Refund
R7330,502682,ORD-201312,2026-09-19,arrived damaged,139.19,Store credit
R7331,525764,ORD-212466,2025-06-03,box crushed,44.87,Refund
R7332,535727,ORD-217292,2026-08-18,not waterproof,62.13,Store credit
R7333,528057,ORD-213588,2026-07-21,too small,35.81,REFUND
R7334,546068,ORD-222231,2026-04-18,,83.68,Exchange
R7335,505484,ORD-202678,2025-08-04,wrong size,59.18,REFUND
R7336,517358,ORD-208410,2026-09-30,didn't fit,58.23,Exchange
R7337,523177,ORD-211219,2026-07-23,Doesn't fit,106.65,Refund
R7338,539625,ORD-219140,2025-03-18,leaking,52.45,Store credit
R7339,516801,ORD-208137,04-17-2026,,148.51,REFUND
R7340,518916,ORD-209158,2026-07-22,didn't fit,75.01,Store credit
R7341,503260,ORD-201601,2024-12-13,other,133.17,Exchange
R7342,518407,ORD-208920,07.10.25,TOO SMALL,7.15,REFUND
R7343,543192,ORD-220835,2024-07-18,,83.42,Exchange
R7344,537920,ORD-218349,2025-12-28,too big,76.58,Store credit
R7345,535528,ORD-217190,2026-01-20,,202.06,Refund
R7346,503719,ORD-201826,2024-10-01,colour different,0.00,Exchange
R7347,549540,ORD-223879,01 Sep 2026,,106.94,REFUND
R7348,526434,ORD-212794,25/06/2026,too big,48.60,REFUND
R7349,503804,ORD-201873,2024-12-02,too small,158.55,Store credit
R7350,513900,ORD-206779,2025-04-05,not waterproof,67.31,refund
R7351,545928,ORD-222156,"May 28, 2026",didn't fit,58.23,Store credit
R7352,502167,ORD-201049,2026-09-30,too small,38.02,Refund
R7353,548382,ORD-223322,2025-07-07,didnt fit,138.10,Store credit
R7354,521178,ORD-210247,2026-08-05,changed mind,11.19,REFUND
R7355,508248,ORD-204003,2026-05-19,stitching came apart,44.79,Exchange
R7356,543505,ORD-220976,2026-03-19,Faulty,0.00,REFUND
R7357,535383,ORD-217122,08/12/2024,other,158.08,Exchange
R7358,500899,ORD-200425,2026-04-28,changed mind,152.23,Store credit
R7359,500421,ORD-200195,14 May 2026,changed mind,83.68,Store credit
R7360,500155,ORD-200077,unknown,,38.88,Refund
R7361,532032,ORD-215468,2025-07-24,colour different,76.24,Store credit
R7362,520188,ORD-209768,2026-03-13,Doesn't fit,155.62,Exchange
R7363,541942,ORD-220253,,Too Small,81.38,Store credit
R7364,542742,ORD-220618,2025-10-11,wrong size,32.78,Store credit
R7365,542008,ORD-220282,04-22-2025,found cheaper,75.05,Refund
R7366,527566,ORD-213337,2026-01-17,too big,121.99,Exchange
R7367,548756,ORD-223511,08-12-2024,Doesn't fit,66.85,Refund
R7368,500944,ORD-200447,2025-12-30,not as described,223.48,Store credit
R7369,535703,ORD-217281,2024-08-05,no longer needed,119.73,refund
R7370,545478,ORD-221931,2024-11-26,DAMAGED,185.57,Store credit
R7371,525901,ORD-212537,2024-11-17,damaged in transit,26.58,Exchange
R7372,510990,ORD-205350,2026/07/04,Faulty,132.05,refund
R7373,521558,ORD-210442,2024-04-20,didnt fit,93.71,refund
R7374,531793,ORD-215358,08-30-2025,wrong size,96.48,REFUND
R7375,514822,ORD-207214,2026-04-11,Too Small,72.52,Refund
R7376,506219,ORD-203036,2025-12-29,bought by mistake,312.59,Refund
R7377,533833,ORD-216344,2026-07-04,TOO SMALL,11.10,REFUND
R7378,532199,ORD-215541,2025/09/02,Faulty,52.45,REFUND
R7379,544328,ORD-221370,"April 16, 2026",,69.57,Refund
R7380,534511,ORD-216691,2026-01-24,no longer needed,124.19,REFUND
R7381,549011,ORD-223629,2026-05-19,leaking,93.71,refund
R7382,532666,ORD-215771,2026-06-23,TOO SMALL,301.73,refund
R7383,538970,ORD-218839,"September 30, 2026",damaged in transit,106.44,Store credit
R7384,549008,ORD-223626,2026-05-05,found cheaper,77.73,refund
R7385,533500,ORD-216189,2026-05-14,TOO SMALL,71.17,Refund
R7386,509546,ORD-204625,2025-10-24,Doesn't fit,26.85,REFUND
R7387,534185,ORD-216513,30/09/2026,no longer needed,59.18,REFUND
R7388,524985,ORD-212092,0000-00-00,wrong size,25.06,Exchange
R7389,511217,ORD-205460,2025-11-23,Too Small,60.97,Store credit
R7390,539326,ORD-219000,2024-10-06,zip broke,29.67,Store credit
R7391,520415,ORD-209878,2026-07-17,Doesn't fit,12.20,Store credit
R7392,535145,ORD-217001,2026-09-29,wrong size,47.53,refund
R7393,507867,ORD-203811,29 Dec 2024,-,24.30,REFUND
R7394,534472,ORD-216673,2025-12-31,changed mind,101.39,REFUND
R7395,516253,ORD-207888,2026-07-05,DAMAGED,66.94,Refund
R7396,539395,ORD-219036,18/05/2026,didn't fit,0.00,Exchange
R7397,542138,ORD-220344,2025-10-14,looks different to photo,,Refund
R7398,521905,ORD-210609,2026-09-30,changed mind,92.82,Refund
R7399,515431,ORD-207490,2024-03-13,Doesn't fit,41.82,Store credit
R7400,545902,ORD-222145,2025-02-13,Doesn't fit,20.05,REFUND
R7401,528266,ORD-213684,17/02/2026,colour different,138.32,REFUND
R7402,545942,ORD-222164,2024-08-14,stitching came apart,42.68,Exchange
R7403,525424,ORD-212299,07 Sep 2026,not waterproof,81.56,Refund
R7404,520863,ORD-210098,2026-04-21,DAMAGED,139.19,REFUND
R7405,543637,ORD-221041,07/03/2026,arrived damaged,121.20,Refund
R7406,514706,ORD-207155,2026-09-07,wrong size,153.20,refund
R7407,546646,ORD-222508,2025-09-01,wrong size,74.97,Store credit
R7408,515435,ORD-207492,09.05.26,colour different,,REFUND
R7409,520258,ORD-209798,29/06/2026,found cheaper,39.75,Store credit
R7410,504473,ORD-202202,"July 31, 2025",leaking,155.46,Exchange
R7411,522432,ORD-210863,2026/07/29,leaking,58.44,Store credit
R7412,541804,ORD-220179,2025-12-11,Faulty,58.23,Refund
R7413,503675,ORD-201802,2026/09/26,-,47.53,REFUND
R7414,522458,ORD-210875,2026-06-23,box crushed,124.31,Exchange
R7415,501020,ORD-200486,2026-01-25,Faulty,54.63,Refund
R7416,521820,ORD-210567,2026-09-30,stitching came apart,114.08,Refund
R7417,517466,ORD-208459,2024-06-05,other,89.76,refund
R7418,525446,ORD-212308,2024-08-19,,77.93,Exchange
R7419,529898,ORD-214453,2026-04-16,TOO SMALL,181.99,Store credit
R7420,512094,ORD-205892,2026-09-30,NA,181.99,Exchange
R7421,514155,ORD-206900,2025-02-15,arrived damaged,18.20,Exchange
R7422,538514,ORD-218620,07-01-2026,didnt fit,69.57,Store credit
R7423,525439,ORD-212306,2026-02-15,too small,155.62,refund
R7424,523503,ORD-211374,2026-09-30,,58.02,Refund
R7425,514550,ORD-207087,2026-01-25,box crushed,35.81,Exchange
R7426,543630,ORD-221038,2026-08-24,not waterproof,119.73,Exchange
R7427,508078,ORD-203916,"April 29, 2024",changed mind,25.06,Exchange
R7428,532452,ORD-215664,2026-04-19,Faulty,64.46,REFUND
R7429,509505,ORD-204599,2024-06-19,no longer needed,89.76,Refund
R7430,525069,ORD-212132,2025-09-30,n/a,65.67,Exchange
R7431,518474,ORD-208953,"November 18, 2025",arrived damaged,,Store credit
R7432,539560,ORD-219113,2025-01-26,DAMAGED,5.72,Store credit
R7433,542522,ORD-220519,2024-09-28,stitching came apart,295.96,Refund
R7434,503732,ORD-201836,2025-08-22,changed mind,139.14,Exchange
R7435,540114,ORD-219365,2026-02-04,,42.60,Refund
R7436,540670,ORD-219635,29 Dec 2024,Doesn't fit,84.92,Store credit
R7437,533883,ORD-216367,07-18-2025,TOO SMALL,41.84,Store credit
R7438,540132,ORD-219374,2025-12-18,,38.97,Store credit
R7439,531238,ORD-215098,17/03/2025,leaking,60.01,Exchange
R7440,528075,ORD-213594,"January 14, 2025",colour different,245.90,refund
R7441,513335,ORD-206504,2024-07-07,found cheaper,60.99,refund
R7442,521202,ORD-210260,2025-10-21,didnt fit,58.72,Refund
R7443,529397,ORD-214223,28/07/2026,didnt fit,185.57,Store credit
R7444,542650,ORD-220575,2026-06-18,arrived damaged,41.84,Store credit
R7445,527372,ORD-213241,2026/01/08,,26.05,Store credit
R7446,512683,ORD-206173,2024-06-17,found cheaper,48.79,Refund
R7447,529647,ORD-214334,2025-07-14,-,39.75,REFUND
R7448,518910,ORD-209154,2025-11-18,bought by mistake,196.72,Store credit
R7449,532495,ORD-215687,2024-11-21,other,76.24,Refund
R7450,548595,ORD-223431,2025-02-02,arrived damaged,23.16,REFUND
R7451,521211,ORD-210266,09 Apr 2026,TOO SMALL,58.44,refund
R7452,505178,ORD-202536,01 Jul 2025,changed mind,25.55,Store credit
R7453,545490,ORD-221937,15.01.26,,75.01,Store credit
R7454,512111,ORD-205901,2024-08-15,leaking,70.86,Store credit
R7455,527741,ORD-213424,2025-05-26,Too Small,57.84,Refund
R7456,514915,ORD-207258,"March 07, 2026",wrong size,80.65,Store credit
R7457,519627,ORD-209491,30 Dec 2025,NA,41.52,Exchange
R7458,521256,ORD-210292,2024-09-18,damaged in transit,65.10,REFUND
R7459,510597,ORD-205163,2025-06-09,-,,Store credit
R7460,551638,ORD-224881,03-06-2026,not as described,432.95,refund
R7461,509768,ORD-204742,2026-05-16,colour different,250.06,Store credit
R7462,516000,ORD-207761,03-30-2024,damaged in transit,49.47,Refund
R7463,507021,ORD-203409,04 Feb 2026,stitching came apart,58.72,Store credit
R7464,524772,ORD-211994,2026/07/27,other,220.71,REFUND
R7465,519924,ORD-209636,01-17-2026,changed mind,295.96,Exchange
R7466,534436,ORD-216648,2024-07-14,wrong size,176.16,REFUND
R7467,501271,ORD-200612,2025-07-21,looks different to photo,104.27,Refund
R7468,528407,ORD-213752,2026-08-04,Faulty,14.62,Exchange
R7469,525772,ORD-212470,2026-03-31,didnt fit,158.08,Store credit
R7470,538757,ORD-218741,2026-09-25,zip broke,39.75,Store credit
R7471,526331,ORD-212736,2024-12-10,changed mind,51.75,Store credit
R7472,543068,ORD-220776,21/07/2026,not as described,221.31,refund
R7473,504615,ORD-202272,2025-03-11,,30.36,Refund
R7474,500601,ORD-200276,2026-06-01,bought by mistake,225.73,Exchange
R7475,517528,ORD-208489,2025-12-04,wrong size,0.00,Exchange
R7476,520073,ORD-209711,2026-04-15,found cheaper,181.99,Store credit
R7477,542036,ORD-220296,2025-06-24,,71.17,Store credit
R7478,529319,ORD-214187,2026-02-14,too small,72.52,Exchange
R7479,531160,ORD-215061,2025-10-26,stitching came apart,32.78,Refund
R7480,544198,ORD-221309,2025-10-25,DAMAGED,58.02,refund
R7481,518590,ORD-209007,2026-07-17,Too Small,19.64,Store credit
R7482,510588,ORD-205160,2026-04-29,other,46.12,Refund
R7483,550419,ORD-224285,2026-07-29,looks different to photo,45.38,refund
R7484,525017,ORD-212110,TBC,didn't fit,29.67,Store credit
R7485,533726,ORD-216296,12-17-2025,Too Small,34.08,Store credit
R7486,500128,ORD-200067,2025-08-16,Too Small,301.73,Refund
R7487,540856,ORD-219729,2025-05-06,changed mind,47.53,Exchange
R7488,543492,ORD-220968,2026-05-09,didnt fit,83.64,refund
R7489,508196,ORD-203975,11-08-2025,found cheaper,81.11,Exchange
R7490,536895,ORD-217859,13/06/2024,TOO SMALL,172.97,refund
R7491,528282,ORD-213691,2024-07-24,wrong size,40.69,Exchange
R7492,550263,ORD-224211,2026/04/12,didn't fit,29.22,refund
R7493,538410,ORD-218568,2026-09-23,TOO SMALL,245.90,Exchange
R7494,540507,ORD-219560,2024-11-29,damaged in transit,71.17,Exchange
R7495,501388,ORD-200669,2026-07-10,wrong size,96.96,Refund
R7496,547295,ORD-222813,2025-04-24,box crushed,97.59,REFUND
R7497,538614,ORD-218672,2025-01-04,colour different,89.58,Store credit
R7498,512365,ORD-206027,2024-05-26,,74.97,refund
R7499,534530,ORD-216702,26.03.25,didnt fit,8.88,Store credit
R7500,546085,ORD-222242,03-27-2025,not waterproof,18.20,Store credit
R7501,520890,ORD-210111,2026-05-14,bought by mistake,168.87,refund
R7502,514852,ORD-207227,23.11.25,DAMAGED,65.67,refund
R7503,539006,ORD-218849,2026-09-30,no longer needed,60.95,Exchange
R7504,537036,ORD-217923,2026-07-18,didnt fit,48.73,Exchange
R7505,530519,ORD-214752,2026-01-07,zip broke,41.82,Exchange
R7506,529775,ORD-214395,2025-08-19,bought by mistake,29.04,Store credit
R7507,520031,ORD-209687,06-12-2025,looks different to photo,76.24,Exchange
R7508,510056,ORD-204888,2025-08-03,didn't fit,46.67,Refund
R7509,522981,ORD-211126,2025-03-29,Faulty,106.44,Refund
R7510,507648,ORD-203705,2026-09-30,too big,76.58,Store credit
R7511,546171,ORD-222286,2025/02/02,not as described,0.00,Exchange
R7512,538866,ORD-218790,2026-09-10,stitching came apart,5.55,refund
R7513,547489,ORD-222902,2024-09-20,found cheaper,152.23,Refund
R7514,509044,ORD-204379,2026-05-02,changed mind,12.53,refund
R7515,529509,ORD-214277,16 Jan 2026,too small,41.84,Store credit
R7516,529087,ORD-214072,2024-12-03,-,33.74,refund
R7517,529488,ORD-214267,09 Jul 2025,leaking,29.36,REFUND
R7518,539488,ORD-219081,TBC,wrong size,34.08,REFUND
R7519,522373,ORD-210827,2026-02-15,found cheaper,51.71,Exchange
R7520,547215,ORD-222775,31.12.24,Doesn't fit,177.44,refund
R7521,543175,ORD-220826,2024-08-08,not waterproof,36.54,REFUND
R7522,505881,ORD-202871,21 Jun 2025,box crushed,250.06,Store credit
R7523,541742,ORD-220150,2025-02-08,didn't fit,225.73,refund
R7524,533926,ORD-216388,28 Jun 2026,leaking,22.43,Exchange
R7525,516073,ORD-207796,2026-01-13,Doesn't fit,58.23,REFUND
R7526,505504,ORD-202687,2024-09-23,no longer needed,,Store credit
R7527,534915,ORD-216889,19/08/2025,not as described,250.06,REFUND
R7528,540761,ORD-219683,2025/09/25,changed mind,65.43,REFUND
R7529,515645,ORD-207593,08-09-2026,TOO SMALL,9.80,Exchange
R7530,515076,ORD-207338,2026-09-16,other,225.73,Store credit
R7531,537268,ORD-218032,"February 09, 2026",bought by mistake,31.11,REFUND
R7532,508184,ORD-203970,2025/12/28,NA,88.57,REFUND
R7533,519263,ORD-209325,2026-01-17,not as described,27.75,Store credit
R7534,516477,ORD-207987,10/05/2024,not as described,106.27,REFUND
R7535,500184,ORD-200090,2025-08-24,leaking,22.69,refund
R7536,544281,ORD-221346,2024-09-19,TOO SMALL,172.97,REFUND
R7537,545623,ORD-222005,07-05-2026,TOO SMALL,16.87,Exchange
R7538,539384,ORD-219029,2025-09-23,too small,8.59,Exchange
R7539,513229,ORD-206454,2024-08-10,colour different,59.18,REFUND
R7540,515855,ORD-207692,30.09.26,TOO SMALL,40.33,Exchange
R7541,546343,ORD-222367,2025-12-28,Faulty,7.15,Store credit
R7542,518565,ORD-208998,2025-05-15,looks different to photo,74.39,Refund
R7543,509618,ORD-204661,2025-11-06,Doesn't fit,81.56,REFUND
R7544,550826,ORD-224481,27/02/2025,leaking,5.55,REFUND
R7545,524847,ORD-212027,2026-07-11,too small,26.23,refund
R7546,506380,ORD-203116,2025-12-15,leaking,121.91,Refund
R7547,535490,ORD-217172,14/06/2025,damaged in transit,66.53,Exchange
R7548,532182,ORD-215535,2026-04-03,too small,58.02,REFUND
R7549,500333,ORD-200159,2025-06-30,too small,84.85,Exchange
R7550,512929,ORD-206299,2026-04-08,arrived damaged,34.50,Exchange
R7551,537324,ORD-218060,2026-04-23,TOO SMALL,80.07,Store credit
R7552,517213,ORD-208345,2025-10-16,changed mind,77.93,Store credit
R7553,536437,ORD-217633,25 Mar 2025,leaking,32.56,REFUND
R7554,535301,ORD-217082,2024-05-17,Too Small,28.07,Exchange
R7555,542178,ORD-220360,2025-06-23,TOO SMALL,135.10,Exchange
R7556,526106,ORD-212627,10/04/2026,,119.73,Store credit
R7557,516564,ORD-208028,2024-09-14,Too Small,275.89,REFUND
R7558,536023,ORD-217442,2024-07-24,bought by mistake,304.52,Exchange
R7559,551801,ORD-224958,2026-02-18,Too Small,175.13,Exchange
R7560,531099,ORD-215033,2026-09-30,not as described,29.67,REFUND
R7561,535886,ORD-217371,2025-09-15,box crushed,53.70,Refund
R7562,504044,ORD-201983,2024-08-06,Doesn't fit,26.05,refund
R7563,506425,ORD-203135,01.12.25,Faulty,177.44,REFUND
R7564,513523,ORD-206591,2026-07-27,TOO SMALL,20.05,Store credit
R7565,532733,ORD-215807,30 Sep 2026,box crushed,22.75,Store credit
R7566,508704,ORD-204215,2026-06-05,changed mind,295.96,refund
R7567,514389,ORD-207014,2026-02-25,zip broke,23.23,Refund
R7568,517159,ORD-208320,2025-04-16,wrong size,47.53,Exchange
R7569,501473,ORD-200716,,DAMAGED,64.46,REFUND
R7570,507969,ORD-203864,2025-09-15,looks different to photo,22.74,refund
R7571,503751,ORD-201848,2026-08-19,arrived damaged,77.37,Refund
R7572,538593,ORD-218663,2026-01-04,didn't fit,158.55,Refund
R7573,521013,ORD-210164,23.02.26,arrived damaged,19.64,Store credit
R7574,527786,ORD-213444,19.07.26,stitching came apart,176.16,Store credit
R7575,520391,ORD-209868,2024-11-01,not as described,89.58,REFUND
R7576,542809,ORD-220647,2025/11/05,Too Small,128.01,Exchange
R7577,513623,ORD-206643,2025-08-29,,22.43,Exchange
R7578,530356,ORD-214677,"June 03, 2026",Faulty,83.57,refund
R7579,525569,ORD-212371,2026-08-10,DAMAGED,53.52,REFUND
R7580,510976,ORD-205343,24/12/2025,looks different to photo,21.34,Exchange
R7581,514554,ORD-207089,"January 08, 2026",,44.88,refund
R7582,537585,ORD-218183,unknown,didn't fit,65.43,Store credit
R7583,508730,ORD-204228,2024/06/25,looks different to photo,48.79,Refund
R7584,535239,ORD-217050,"July 05, 2026",TOO SMALL,21.64,refund
R7585,542662,ORD-220581,2024-02-06,leaking,31.59,Exchange
R7586,511253,ORD-205481,2026-01-08,leaking,48.73,refund
R7587,511082,ORD-205399,2026-05-28,faulty zip,44.87,Exchange
R7588,537168,ORD-217988,2025/09/03,Doesn't fit,16.39,Store credit
R7589,511452,ORD-205582,29.07.25,DAMAGED,137.94,Store credit
R7590,522159,ORD-210727,2025-01-10,changed mind,48.60,REFUND
R7591,522771,ORD-211022,2024-12-30,leaking,228.17,Refund
R7592,518429,ORD-208930,05-24-2025,didn't fit,58.02,Store credit
R7593,520243,ORD-209793,2025-11-02,,49.47,REFUND
R7594,508039,ORD-203898,2026-09-27,too big,50.70,refund
R7595,534799,ORD-216836,2025-09-19,wrong size,51.75,Refund
R7596,506580,ORD-203206,2025-11-20,too small,204.82,REFUND
R7597,506649,ORD-203235,2025-12-31,didnt fit,29.23,REFUND
R7598,518723,ORD-209074,2026-08-11,bought by mistake,53.70,Store credit
R7599,503626,ORD-201776,2025-12-27,too big,158.08,Store credit
R7600,522284,ORD-210790,2025-01-08,too small,,Exchange
R7601,542798,ORD-220642,03.01.26,,148.02,refund
R7602,503319,ORD-201632,2025-07-15,,89.75,Exchange
R7603,541543,ORD-220059,27 May 2026,zip broke,19.64,Store credit
R7604,508812,ORD-204265,2025-05-22,-,106.65,refund
R7605,503004,ORD-201482,2025-04-23,Doesn't fit,,refund
R7606,521557,ORD-210441,12-11-2025,leaking,124.31,Store credit
R7607,545594,ORD-221989,2025-06-10,damaged in transit,9.80,Refund
R7608,545323,ORD-221857,2026-09-30,too big,19.68,refund
R7609,513013,ORD-206341,2024/10/27,bought by mistake,29.04,Store credit
R7610,530301,ORD-214649,"July 06, 2026",too small,213.87,Store credit
R7611,544390,ORD-221401,06.08.26,TOO SMALL,22.37,Refund
R7612,542344,ORD-220441,2025-05-12,bought by mistake,139.14,REFUND
R7613,504678,ORD-202299,2024-11-11,didn't fit,72.59,REFUND
R7614,514334,ORD-206989,2025-11-25,other,92.28,Refund
R7615,510559,ORD-205146,2026-09-30,-,67.31,refund
R7616,544597,ORD-221504,2026-05-27,found cheaper,129.59,refund
R7617,525529,ORD-212351,2026-07-02,DAMAGED,239.47,Exchange
R7618,531926,ORD-215419,2026-08-11,Too Small,22.75,Refund
R7619,538166,ORD-218460,2026-07-27,found cheaper,185.64,Refund
R7620,543320,ORD-220891,2025-10-07,not waterproof,77.66,refund
R7621,547689,ORD-222993,2025-12-27,not waterproof,147.58,Refund
R7622,509222,ORD-204467,2026-02-27,too big,295.96,refund
R7623,549636,ORD-223924,01-29-2025,found cheaper,51.09,refund
R7624,519593,ORD-209478,2026-04-19,bought by mistake,83.64,Exchange
R7625,514486,ORD-207057,14 Jan 2026,wrong size,53.03,REFUND
R7626,514832,ORD-207218,2026/02/05,arrived damaged,132.84,Exchange
R7627,511020,ORD-205366,25/10/2025,faulty zip,41.52,refund
R7628,538890,ORD-218803,27/09/2025,,29.67,REFUND
R7629,501200,ORD-200572,2025-08-29,didn't fit,239.47,REFUND
R7630,509440,ORD-204567,2026/01/18,didnt fit,42.68,REFUND
R7631,507635,ORD-203698,03.01.25,damaged in transit,275.89,Exchange
R7632,510888,ORD-205300,2025-12-15,Too Small,30.36,REFUND
R7633,500377,ORD-200178,2025/10/06,Too Small,77.66,REFUND
R7634,521678,ORD-210502,"February 16, 2025",too small,15.18,Refund
R7635,525520,ORD-212345,30/09/2026,stitching came apart,77.66,Store credit
R7636,537779,ORD-218287,2026-07-14,didnt fit,6.58,REFUND
R7637,544092,ORD-221257,2026-01-06,didn't fit,304.52,REFUND
R7638,518914,ORD-209156,12/04/2025,looks different to photo,155.62,refund
R7639,503594,ORD-201760,2026-06-21,DAMAGED,131.45,refund
R7640,527175,ORD-213150,2026-05-13,too small,6.10,Refund
R7641,530275,ORD-214636,2025-10-19,didnt fit,23.23,REFUND
R7642,513994,ORD-206829,2026-09-10,colour different,33.22,Exchange
R7643,504664,ORD-202293,2026-08-02,didn't fit,48.85,refund
R7644,522760,ORD-211016,"May 04, 2026",faulty zip,43.13,Store credit
R7645,521419,ORD-210373,2026-08-29,zip broke,170.39,refund
R7646,506328,ORD-203085,2026-06-18,Too Small,150.10,Store credit
R7647,532203,ORD-215544,23 Aug 2026,looks different to photo,65.43,refund
R7648,511189,ORD-205450,2026-06-21,Doesn't fit,246.25,Refund
R7649,506770,ORD-203290,2025-01-22,leaking,133.71,refund
R7650,503035,ORD-201498,2024-08-20,Doesn't fit,89.58,refund
R7651,551370,ORD-224753,2024-11-11,Doesn't fit,58.23,REFUND
R7652,511461,ORD-205587,2026-09-10,Faulty,30.36,Store credit
R7653,541486,ORD-220028,2025-06-26,Doesn't fit,276.21,Refund
R7654,533569,ORD-216223,2025-05-14,leaking,197.00,Refund
R7655,522398,ORD-210845,2024-09-03,Doesn't fit,0.00,Store credit
R7656,502649,ORD-201296,05.07.25,looks different to photo,89.58,refund
R7657,519602,ORD-209481,2025-02-08,wrong size,51.71,REFUND
R7658,508642,ORD-204186,2025-04-02,,19.64,REFUND
R7659,525685,ORD-212423,20/03/2026,stitching came apart,32.78,Exchange
R7660,521925,ORD-210618,2025-06-18,Doesn't fit,44.76,REFUND
R7661,537537,ORD-218158,2025-01-22,changed mind,21.57,Store credit
R7662,543751,ORD-221098,2025-12-30,arrived damaged,139.19,REFUND
R7663,502939,ORD-201451,2025-08-05,Doesn't fit,43.29,refund
R7664,524221,ORD-211733,06-23-2026,Doesn't fit,77.93,Exchange
R7665,519400,ORD-209383,2026-05-27,changed mind,25.86,Refund
R7666,532767,ORD-215825,04-19-2026,didnt fit,48.60,Refund
R7667,520338,ORD-209839,2026-08-02,wrong size,77.37,Store credit
R7668,541012,ORD-219807,12-22-2025,arrived damaged,8.59,Refund
R7669,546612,ORD-222491,2025-03-26,changed mind,58.72,refund
R7670,529015,ORD-214041,2026-05-13,damaged in transit,138.38,Refund
R7671,544228,ORD-221319,2026-03-23,too big,190.29,Store credit
R7672,513163,ORD-206420,2025-12-03,too big,60.99,Store credit
R7673,529205,ORD-214131,2026-04-07,didn't fit,92.28,Exchange
R7674,523431,ORD-211342,0000-00-00,DAMAGED,114.08,Refund
R7675,508047,ORD-203903,2026-02-16,found cheaper,190.29,Exchange
R7676,551255,ORD-224697,07-30-2026,box crushed,167.14,Refund
R7677,509530,ORD-204612,2025-04-30,no longer needed,44.76,Store credit
R7678,505096,ORD-202500,2025-12-09,didn't fit,0.00,Store credit
R7679,527943,ORD-213532,2025-07-23,colour different,246.25,Exchange
R7680,526570,ORD-212858,2026-03-16,damaged in transit,65.43,Refund
R7681,510664,ORD-205197,07 Nov 2025,colour different,73.35,Exchange
R7682,544222,ORD-221318,2026-01-02,too big,29.22,Store credit
R7683,546457,ORD-222419,2025-08-11,too big,30.48,Exchange
R7684,540406,ORD-219509,2026-04-26,,135.10,REFUND
R7685,509695,ORD-204702,28 Oct 2024,arrived damaged,51.75,Store credit
R7686,505730,ORD-202798,"August 08, 2026",,132.05,Refund
R7687,519633,ORD-209493,2024-05-29,didnt fit,202.06,Refund
R7688,551898,ORD-224998,2025-08-04,too big,150.10,REFUND
R7689,523260,ORD-211261,2024-12-31,box crushed,75.05,Store credit
R7690,530394,ORD-214689,26 Sep 2026,,85.19,Exchange
R7691,551708,ORD-224918,2026-09-30,not as described,301.73,Refund
R7692,540242,ORD-219431,2026-08-09,Too Small,22.38,refund
R7693,533321,ORD-216103,2025/09/16,,42.68,Exchange
R7694,508586,ORD-204157,2026-05-06,no longer needed,7.01,Refund
R7695,516225,ORD-207873,2026-01-28,no longer needed,29.59,Store credit
R7696,534030,ORD-216439,2024-12-30,,19.68,Exchange
R7697,513139,ORD-206406,2025-02-26,didn't fit,103.25,Store credit
R7698,534489,ORD-216679,2026-08-08,arrived damaged,58.44,Store credit
R7699,548762,ORD-223514,2025-04-12,box crushed,35.90,Exchange
R7700,509007,ORD-204359,2025-02-03,bought by mistake,276.21,refund
R7701,522650,ORD-210972,23.02.25,colour different,41.52,Store credit
R7702,548721,ORD-223495,04/12/2025,wrong size,26.23,refund
R7703,535055,ORD-216953,2026-05-06,Too Small,180.58,refund
R7704,544445,ORD-221422,21 Dec 2025,too big,301.73,Exchange
R7705,528785,ORD-213931,2026-07-12,no longer needed,29.04,Refund
R7706,518458,ORD-208943,0000-00-00,,22.75,REFUND
R7707,517809,ORD-208617,2025-11-25,bought by mistake,188.89,Refund
R7708,533944,ORD-216398,04.03.25,DAMAGED,38.88,Store credit
R7709,541550,ORD-220062,"February 14, 2025",too small,97.70,Store credit
R7710,518733,ORD-209079,2026-09-30,didn't fit,22.37,Exchange
R7711,545417,ORD-221899,2024-11-28,no longer needed,29.23,Store credit
R7712,547914,ORD-223105,2026-06-11,too small,66.94,Exchange
R7713,518613,ORD-209016,23/09/2025,colour different,45.48,refund
R7714,527999,ORD-213558,2025-12-11,DAMAGED,170.39,Exchange
R7715,541444,ORD-220009,2025-04-19,-,34.14,Refund
R7716,535254,ORD-217056,2026-07-05,not as described,51.09,refund
R7717,547242,ORD-222791,2025-03-18,Faulty,22.69,Store credit
R7718,550572,ORD-224355,2026-06-30,Too Small,245.90,Refund
R7719,530835,ORD-214898,2025-10-12,wrong size,13.17,REFUND
R7720,548186,ORD-223232,2024-11-30,box crushed,34.63,REFUND
R7721,518929,ORD-209162,"July 01, 2025",not as described,145.19,refund
R7722,511585,ORD-205645,"April 27, 2025",didn't fit,245.63,Exchange
R7723,517137,ORD-208309,05.08.26,wrong size,29.23,Refund
R7724,501645,ORD-200802,2026-05-30,colour different,33.74,refund
R7725,531467,ORD-215205,"May 08, 2026",arrived damaged,185.02,REFUND
R7726,517465,ORD-208459,2024-06-18,colour different,312.22,Store credit
R7727,548149,ORD-223215,2026-04-28,faulty zip,178.78,Exchange
R7728,507427,ORD-203598,2026-03-14,stitching came apart,67.31,REFUND
R7729,531252,ORD-215103,"September 30, 2026",found cheaper,121.99,REFUND
R7730,514907,ORD-207256,02 Sep 2026,zip broke,148.51,Exchange
R7731,528260,ORD-213681,2026-03-23,didnt fit,8.45,REFUND
R7732,503851,ORD-201895,2026-01-28,too small,58.72,refund
R7733,504793,ORD-202357,2025-07-29,no longer needed,22.74,REFUND
R7734,513447,ORD-206560,2026-09-03,no longer needed,66.53,Store credit
R7735,550121,ORD-224148,2026-05-03,Faulty,185.64,REFUND
R7736,541824,ORD-220189,07 Jan 2025,TOO SMALL,50.05,Refund
R7737,506361,ORD-203107,23 Dec 2024,changed mind,220.97,REFUND
R7738,546950,ORD-222646,02/05/2025,faulty zip,64.46,Exchange
R7739,543285,ORD-220879,2025-09-29,no longer needed,188.89,Refund
R7740,507447,ORD-203609,2026-09-30,,59.40,REFUND
R7741,549383,ORD-223801,22 Sep 2026,-,17.90,refund
R7742,541214,ORD-219907,2025-04-04,found cheaper,56.09,Exchange
R7743,539035,ORD-218859,06-19-2026,changed mind,29.04,REFUND
R7744,529342,ORD-214197,unknown,didn't fit,112.86,Exchange
R7745,542066,ORD-220309,2024-06-11,Faulty,28.95,Store credit
R7746,534528,ORD-216700,2026-06-14,Doesn't fit,150.10,refund
R7747,549654,ORD-223934,"September 30, 2026",zip broke,137.65,Store credit
R7748,501190,ORD-200568,2025-12-05,too big,8.88,Store credit
R7749,503668,ORD-201796,"September 30, 2026",zip broke,97.59,Exchange
R7750,522113,ORD-210709,2024-12-23,arrived damaged,31.11,REFUND
R7751,512205,ORD-205951,2024-12-04,too big,8.59,refund
R7752,508094,ORD-203923,2026-09-25,looks different to photo,45.38,Store credit
R7753,506234,ORD-203047,2026-06-16,-,97.59,Store credit
R7754,547639,ORD-222970,2026-09-30,didn't fit,40.69,Store credit
R7755,526451,ORD-212799,2025-08-01,found cheaper,12.20,Refund
R7756,542301,ORD-220416,08/12/2025,too small,58.02,refund
R7757,545517,ORD-221948,2025-03-15,faulty zip,191.50,REFUND
R7758,514193,ORD-206918,2026-06-03,Doesn't fit,47.53,Refund
R7759,529889,ORD-214448,2026-01-27,TOO SMALL,24.73,refund
R7760,540633,ORD-219616,24 Jun 2026,bought by mistake,103.67,Refund
R7761,532045,ORD-215473,2025-04-16,DAMAGED,44.87,refund
R7762,536079,ORD-217470,18.12.25,stitching came apart,39.58,Refund
R7763,511681,ORD-205694,2024-07-02,faulty zip,29.23,Store credit
R7764,502343,ORD-201140,31 Dec 2025,colour different,20.05,refund
R7765,538578,ORD-218653,2026-05-23,changed mind,48.79,Refund
R7766,505430,ORD-202657,2026-07-22,stitching came apart,110.10,Store credit
R7767,519447,ORD-209404,02 Dec 2025,too big,45.76,Store credit
R7768,544608,ORD-221509,30.08.25,looks different to photo,12.53,Store credit
R7769,502943,ORD-201454,2026-07-23,Too Small,138.32,refund
R7770,536769,ORD-217798,,too big,,refund
R7771,532854,ORD-215869,2026-09-30,zip broke,35.81,Exchange
R7772,546411,ORD-222401,2024-05-24,too big,9.80,Refund
R7773,547483,ORD-222899,"December 20, 2025",TOO SMALL,58.23,refund
R7774,515509,ORD-207525,04-30-2026,faulty zip,31.11,Refund
R7775,506721,ORD-203266,2025-12-02,,304.52,Exchange
R7776,535519,ORD-217186,2025-12-22,DAMAGED,54.57,Exchange
R7777,532541,ORD-215714,25 May 2026,Faulty,46.14,Refund
R7778,504120,ORD-202018,2024-12-20,too small,49.69,Refund
R7779,503310,ORD-201628,2024-08-27,too small,48.60,Store credit
R7780,503512,ORD-201717,16.03.24,,121.20,REFUND
R7781,524832,ORD-212022,2024-12-04,Doesn't fit,19.68,refund
R7782,513142,ORD-206408,2026-09-17,,75.01,Exchange
R7783,538098,ORD-218427,2026/09/30,leaking,153.69,Refund
R7784,518835,ORD-209122,2026-02-06,leaking,41.37,refund
R7785,551343,ORD-224740,08.06.25,stitching came apart,13.17,Exchange
R7786,544428,ORD-221415,01-01-2026,too small,124.37,Refund
R7787,523577,ORD-211413,11/10/2025,not waterproof,,Store credit
R7788,502438,ORD-201188,2026-02-15,bought by mistake,23.16,REFUND
R7789,517171,ORD-208326,2026-04-15,too small,40.87,refund
R7790,514843,ORD-207224,2026-09-08,arrived damaged,111.31,Exchange
R7791,516067,ORD-207793,2026-05-22,faulty zip,41.52,Exchange
R7792,551482,ORD-224813,2024-09-26,too big,133.17,Store credit
R7793,522041,ORD-210673,2026-06-22,Faulty,65.10,refund
R7794,542855,ORD-220667,25/04/2026,DAMAGED,225.73,Store credit
R7795,534887,ORD-216877,11-16-2025,arrived damaged,13.17,Store credit
R7796,544294,ORD-221353,05-08-2026,didnt fit,177.44,Exchange
R7797,543952,ORD-221194,2025-05-29,arrived damaged,56.14,Refund
R7798,513799,ORD-206729,2026-04-20,colour different,74.39,refund
R7799,526425,ORD-212788,2026-07-06,Too Small,239.47,refund
R7800,537828,ORD-218308,2026/09/01,too big,104.27,REFUND
R7801,550015,ORD-224100,19/08/2024,Faulty,121.91,refund
R7802,508482,ORD-204114,2025-09-07,wrong size,38.69,REFUND
R7803,516936,ORD-208206,2026-01-13,found cheaper,178.61,Exchange
R7804,542100,ORD-220329,27 Sep 2025,NA,28.92,REFUND
R7805,544369,ORD-221392,2026-05-11,zip broke,58.23,REFUND
R7806,501710,ORD-200826,"May 18, 2026",zip broke,225.73,Exchange
R7807,510118,ORD-204918,2026-06-04,too big,22.75,Exchange
R7808,533273,ORD-216078,07-05-2025,box crushed,275.89,Exchange
R7809,538629,ORD-218678,2025-09-15,Faulty,8.88,Store credit
R7810,516297,ORD-207910,"January 21, 2025",found cheaper,33.45,Refund
R7811,549149,ORD-223692,2025/02/18,colour different,12.53,Refund
R7812,528020,ORD-213568,"September 30, 2026",too big,132.84,refund
R7813,549334,ORD-223775,"October 15, 2025",faulty zip,150.10,Store credit
R7814,504880,ORD-202399,29 Apr 2025,Too Small,48.60,refund
R7815,517444,ORD-208448,2026-04-08,damaged in transit,178.61,refund
R7816,519683,ORD-209519,,didnt fit,14.62,Store credit
R7817,529259,ORD-214158,N/A,no longer needed,57.84,Store credit
R7818,550304,ORD-224231,"January 21, 2026",no longer needed,16.87,Refund
R7819,513648,ORD-206653,2026-04-26,wrong size,51.71,refund
R7820,525578,ORD-212376,2025/12/10,didn't fit,181.99,REFUND
R7821,540134,ORD-219374,2025-12-25,colour different,34.50,refund
R7822,545292,ORD-221844,2026/06/07,,228.17,refund
R7823,545940,ORD-222162,2024-12-03,bought by mistake,99.45,Store credit
R7824,530026,ORD-214518,2025-01-08,leaking,19.75,REFUND
R7825,542660,ORD-220580,2025-10-26,leaking,42.68,Store credit
R7826,551136,ORD-224636,2025-09-30,,185.57,Refund
R7827,502602,ORD-201267,2026-01-16,Doesn't fit,23.23,refund
R7828,533892,ORD-216373,2026-05-07,didn't fit,236.77,Refund
R7829,541906,ORD-220231,2025/09/04,didn't fit,29.04,refund
R7830,534449,ORD-216659,12.01.26,arrived damaged,86.66,Refund
R7831,534307,ORD-216572,2025-05-05,too big,152.26,refund
R7832,504337,ORD-202130,2026-08-19,found cheaper,170.39,Store credit
R7833,519934,ORD-209641,2026-01-01,didn't fit,44.91,Store credit
R7834,517619,ORD-208529,2025-05-02,,123.89,refund
R7835,516261,ORD-207894,2026-09-26,,45.48,Store credit
R7836,528424,ORD-213760,05-09-2025,TOO SMALL,241.38,Refund
R7837,529801,ORD-214406,2026-09-02,zip broke,77.19,Refund
R7838,526013,ORD-212588,06 Apr 2026,box crushed,43.29,refund
R7839,511529,ORD-205621,2025-07-07,didnt fit,185.02,Exchange
R7840,535682,ORD-217269,2024-11-17,Too Small,133.17,refund
R7841,538946,ORD-218828,2026-02-26,didn't fit,46.12,refund
R7842,551502,ORD-224821,2025-02-17,damaged in transit,204.82,Refund
R7843,523329,ORD-211295,2024-12-04,stitching came apart,89.58,refund
R7844,550578,ORD-224359,2025-10-07,,63.17,Exchange
R7845,542609,ORD-220554,2025-11-20,found cheaper,145.19,Exchange
R7846,536596,ORD-217709,04-23-2026,,124.50,refund
R7847,518335,ORD-208882,2026-06-30,colour different,116.15,Exchange
R7848,513192,ORD-206435,2026-02-06,DAMAGED,7.15,REFUND
R7849,508255,ORD-204006,2024-11-05,found cheaper,82.09,Store credit
R7850,547930,ORD-223112,2026-07-30,bought by mistake,220.97,Exchange
R7851,514961,ORD-207278,2024/06/28,Faulty,310.13,Exchange
R7852,525778,ORD-212473,"August 19, 2026",found cheaper,202.06,Refund
R7853,520125,ORD-209736,"November 02, 2025",Faulty,75.01,refund
R7854,511798,ORD-205748,06-19-2026,TOO SMALL,194.69,Refund
R7855,500690,ORD-200320,2025-12-31,,69.59,refund
R7856,526639,ORD-212889,2025-11-23,DAMAGED,250.06,refund
R7857,515033,ORD-207312,2026-09-19,Too Small,66.85,Refund
R7858,516316,ORD-207920,18/10/2025,leaking,181.99,Refund
R7859,539876,ORD-219261,2025-12-16,box crushed,36.30,Refund
R7860,518611,ORD-209016,09-26-2025,found cheaper,53.52,Refund
R7861,526155,ORD-212652,2026-04-24,bought by mistake,82.60,refund
R7862,513644,ORD-206652,2026-09-30,wrong size,,refund
R7863,536188,ORD-217520,2026/01/09,faulty zip,191.50,REFUND
R7864,548380,ORD-223320,2025-05-26,Doesn't fit,106.44,REFUND
R7865,511679,ORD-205694,2024-06-06,leaking,133.71,refund
R7866,516020,ORD-207770,2025-03-16,arrived damaged,7.01,Store credit
R7867,545203,ORD-221803,24/01/2025,colour different,6.87,refund
R7868,527458,ORD-213280,2026-05-05,Doesn't fit,58.72,REFUND
R7869,541078,ORD-219844,08-03-2025,zip broke,33.22,Exchange
R7870,515539,ORD-207540,2026-09-18,didn't fit,84.44,Store credit
R7871,502479,ORD-201204,28/07/2025,didn't fit,89.76,Store credit
R7872,510083,ORD-204900,2025-03-21,didn't fit,139.19,REFUND
R7873,511337,ORD-205524,2026-01-02,not waterproof,60.97,Exchange
R7874,506807,ORD-203305,"May 27, 2026",box crushed,184.48,Store credit
R7875,518008,ORD-208728,2026-02-09,damaged in transit,73.35,Exchange
R7876,526472,ORD-212811,2026-03-29,,60.01,Exchange
R7877,543540,ORD-220993,"November 21, 2025",no longer needed,20.05,REFUND
R7878,522390,ORD-210838,2025-10-07,didn't fit,47.52,refund
R7879,506102,ORD-202984,2024-06-18,too big,22.37,Refund
R7880,525374,ORD-212276,2026-08-19,looks different to photo,28.95,Store credit
R7881,542215,ORD-220377,2026-09-16,stitching came apart,276.64,Store credit
R7882,542373,ORD-220452,2026-09-30,faulty zip,32.56,refund
R7883,511687,ORD-205698,2025-12-09,didnt fit,24.84,Exchange
R7884,543858,ORD-221152,02/03/2025,Too Small,106.65,Store credit
R7885,531191,ORD-215075,2026-09-01,Too Small,15.71,Store credit
R7886,541048,ORD-219830,2025-04-29,TOO SMALL,168.87,refund
R7887,502869,ORD-201413,unknown,didnt fit,167.14,Refund
R7888,540880,ORD-219742,02-15-2026,zip broke,190.29,Exchange
R7889,527837,ORD-213473,2026-05-19,wrong size,19.56,Store credit
R7890,530049,ORD-214529,2026-03-13,Faulty,121.99,Refund
R7891,550522,ORD-224334,2024-01-31,changed mind,29.59,Refund
R7892,516093,ORD-207803,2025-09-19,found cheaper,121.20,refund
R7893,508537,ORD-204138,06/01/2025,DAMAGED,191.50,refund
R7894,535399,ORD-217130,"November 30, 2025",,33.74,Store credit
R7895,543264,ORD-220867,,colour different,78.16,Exchange
R7896,548370,ORD-223315,2025-08-08,n/a,275.89,refund
R7897,518162,ORD-208805,2024-10-31,Faulty,104.27,REFUND
R7898,514573,ORD-207096,2026/07/17,faulty zip,67.31,Refund
R7899,510941,ORD-205325,2024-12-31,,156.11,Refund
R7900,530062,ORD-214535,2026-08-13,no longer needed,202.06,Store credit
R7901,532888,ORD-215886,05-21-2025,wrong size,81.38,Store credit
R7902,518036,ORD-208738,2026-03-19,leaking,23.77,REFUND
R7903,522602,ORD-210951,2025-07-19,didn't fit,129.59,Exchange
R7904,521834,ORD-210573,2025-04-07,colour different,192.11,refund
R7905,515014,ORD-207303,2026/08/30,leaking,34.08,refund
R7906,547782,ORD-223040,2025-01-19,-,21.57,refund
R7907,517598,ORD-208521,2026-03-01,not waterproof,89.58,Store credit
R7908,549436,ORD-223827,09-20-2026,Doesn't fit,66.90,Exchange
R7909,516649,ORD-208068,,colour different,220.20,Exchange
R7910,502881,ORD-201418,2025-01-05,zip broke,71.81,Store credit
R7911,529047,ORD-214056,22/06/2026,bought by mistake,28.95,REFUND
R7912,545033,ORD-221719,2026-07-28,Faulty,43.13,Store credit
R7913,530425,ORD-214703,2026-06-21,Too Small,42.68,Refund
R7914,512008,ORD-205851,08-29-2025,,,Refund
R7915,536134,ORD-217494,2026-09-05,stitching came apart,240.05,Exchange
R7916,544979,ORD-221693,2025-10-31,wrong size,137.65,REFUND
R7917,512750,ORD-206208,2026-06-21,no longer needed,,refund
R7918,535985,ORD-217424,2024-12-03,changed mind,29.11,refund
R7919,518713,ORD-209068,2026-09-16,zip broke,256.03,Exchange
R7920,506845,ORD-203322,2026-09-30,not as described,71.81,refund
R7921,544895,ORD-221649,2025-02-12,changed mind,10.54,Exchange
R7922,507354,ORD-203558,2026-09-18,changed mind,29.59,refund
R7923,544439,ORD-221420,2026-09-30,TOO SMALL,178.61,Store credit
R7924,539145,ORD-218908,18 Sep 2026,didn't fit,73.82,REFUND
R7925,520592,ORD-209960,2024-09-24,no longer needed,97.59,REFUND
R7926,549357,ORD-223789,2025-07-14,DAMAGED,191.50,REFUND
R7927,500967,ORD-200458,2025-02-19,bought by mistake,304.52,REFUND
R7928,542619,ORD-220560,2024-11-19,too big,48.24,Refund
R7929,547739,ORD-223019,2026-09-30,arrived damaged,190.29,REFUND
R7930,520353,ORD-209846,2026/08/18,didnt fit,16.61,Refund
R7931,522274,ORD-210783,2025-11-05,NA,41.40,Store credit
R7932,518096,ORD-208772,03-06-2026,too small,60.99,REFUND
R7933,548579,ORD-223425,2025-11-15,wrong size,8.76,Refund
R7934,540944,ORD-219773,2026/04/26,,66.58,Exchange
R7935,521208,ORD-210263,2025-12-06,no longer needed,46.12,refund
R7936,549323,ORD-223771,2026-07-20,colour different,32.78,REFUND
R7937,513983,ORD-206822,2025-10-06,didnt fit,139.19,Store credit
R7938,518863,ORD-209136,2025-06-20,Doesn't fit,14.52,REFUND
R7939,535862,ORD-217358,2026-06-25,found cheaper,161.65,Refund
R7940,543378,ORD-220914,TBC,,22.69,Refund
R7941,504632,ORD-202278,2026-03-20,colour different,132.84,Refund
R7942,503516,ORD-201718,13.01.26,TOO SMALL,56.14,Store credit
R7943,510963,ORD-205336,2025-08-24,colour different,33.22,Exchange
R7944,537400,ORD-218092,2025-11-04,changed mind,46.85,refund
R7945,544152,ORD-221289,2026-05-25,too big,158.55,Refund
R7946,500097,ORD-200051,2026-07-31,didnt fit,128.01,Refund
R7947,549544,ORD-223880,2025-10-08,,45.38,Store credit
R7948,531162,ORD-215062,2024-09-18,leaking,66.58,Exchange
R7949,524796,ORD-212003,2026-01-26,faulty zip,48.80,REFUND
R7950,532382,ORD-215632,"September 13, 2025",didn't fit,41.96,REFUND
R7951,528932,ORD-213999,2026/05/19,leaking,22.69,Exchange
R7952,530678,ORD-214827,02-02-2026,no longer needed,131.45,Refund
R7953,529589,ORD-214306,2026-09-30,leaking,106.06,Refund
R7954,551521,ORD-224828,2026/01/09,box crushed,30.63,refund
R7955,505306,ORD-202599,25.04.25,didn't fit,81.56,Store credit
R7956,533751,ORD-216306,2026-03-25,found cheaper,92.24,Refund
R7957,525503,ORD-212334,2026-01-06,stitching came apart,153.69,Refund
R7958,514816,ORD-207212,2024-11-25,leaking,59.18,REFUND
R7959,528146,ORD-213627,25 Jul 2026,,22.43,refund
R7960,526923,ORD-213030,2026-05-23,Doesn't fit,22.75,Store credit
R7961,533045,ORD-215964,2024-12-13,damaged in transit,301.73,refund
R7962,536544,ORD-217684,27 Jun 2026,found cheaper,60.97,Exchange
R7963,501969,ORD-200951,2025-01-18,box crushed,191.50,refund
R7964,532772,ORD-215828,2025-07-14,box crushed,185.02,REFUND
R7965,530647,ORD-214808,2026-08-11,faulty zip,9.80,Refund
R7966,531509,ORD-215227,16 Sep 2026,not as described,51.09,REFUND
R7967,540666,ORD-219631,29/06/2025,didnt fit,304.52,Refund
R7968,532954,ORD-215917,2026-02-28,no longer needed,83.57,refund
R7969,524506,ORD-211864,28.10.24,,178.78,Exchange
R7970,502567,ORD-201248,2026-05-26,TOO SMALL,88.57,REFUND
R7971,542293,ORD-220413,2025-09-14,faulty zip,167.14,refund
R7972,546214,ORD-222307,07 Jun 2025,box crushed,92.78,REFUND
R7973,503293,ORD-201618,2025-10-26,Too Small,66.85,refund
R7974,535841,ORD-217347,2025-07-03,wrong size,285.23,Refund
R7975,508330,ORD-204037,2024-07-13,didn't fit,53.03,REFUND
R7976,518420,ORD-208925,2026-02-15,,72.52,Exchange
R7977,519326,ORD-209352,2026-03-08,Faulty,3.58,Refund
R7978,509334,ORD-204514,2026-09-30,changed mind,128.01,Refund
R7979,535456,ORD-217158,05-25-2024,too big,34.08,REFUND
R7980,549577,ORD-223896,2026/04/13,bought by mistake,204.82,refund
R7981,516095,ORD-207803,08.09.25,faulty zip,188.89,refund
R7982,535331,ORD-217095,2025-12-09,DAMAGED,16.39,Store credit
R7983,522774,ORD-211025,"July 09, 2026",faulty zip,236.77,Store credit
R7984,548439,ORD-223350,"December 26, 2025",,185.64,Store credit
R7985,551777,ORD-224949,2025-08-02,leaking,173.32,Store credit
R7986,537004,ORD-217907,2026-09-30,arrived damaged,60.01,Exchange
R7987,515468,ORD-207505,2024-12-26,not as described,,Exchange
R7988,530221,ORD-214614,28.08.26,,24.30,refund
R7989,537096,ORD-217952,02/08/2025,arrived damaged,73.82,Exchange
R7990,518443,ORD-208938,12/03/2024,didn't fit,21.57,refund
R7991,509582,ORD-204640,2026-04-07,found cheaper,34.50,REFUND
R7992,541725,ORD-220142,2026-03-23,too big,64.46,Refund
R7993,530409,ORD-214695,2026-06-07,TOO SMALL,136.31,Store credit
R7994,519996,ORD-209670,2026-05-20,TOO SMALL,185.64,Exchange
R7995,532814,ORD-215850,2025-10-01,too small,92.28,REFUND
R7996,535245,ORD-217053,2026-01-08,too big,45.76,Store credit
R7997,525890,ORD-212532,2025-12-03,didn't fit,7.15,Store credit
R7998,533837,ORD-216347,2024-12-20,wrong size,77.18,Refund
R7999,513488,ORD-206578,2024-11-24,didnt fit,15.80,Refund
R8000,526327,ORD-212734,2025-11-21,didnt fit,213.87,REFUND
R8001,531192,ORD-215075,2026/09/09,Too Small,148.04,REFUND
R8002,517762,ORD-208592,2024-11-23,bought by mistake,45.48,Store credit
R8003,512451,ORD-206067,12-26-2024,changed mind,22.74,refund
R8004,510293,ORD-205006,2026-07-14,DAMAGED,4.29,Refund
R8005,515366,ORD-207465,2025/10/22,TOO SMALL,46.67,Store credit
R8006,537156,ORD-217981,,Too Small,304.52,Refund
R8007,528428,ORD-213762,2025-04-25,looks different to photo,155.46,REFUND
R8008,538745,ORD-218736,2025-11-30,looks different to photo,121.91,Store credit
R8009,511926,ORD-205807,2025-05-10,zip broke,245.63,refund
R8010,515533,ORD-207537,2026-07-16,Too Small,,Refund
R8011,526057,ORD-212608,2025-02-06,,,Exchange
R8012,540746,ORD-219675,2025-12-08,didn't fit,155.62,REFUND
R8013,525734,ORD-212451,03/10/2025,no longer needed,121.20,Exchange
R8014,524124,ORD-211682,2025-08-17,bought by mistake,145.59,Refund
R8015,544408,ORD-221406,2026-06-21,arrived damaged,41.05,refund
R8016,529306,ORD-214179,2025-07-11,leaking,220.71,REFUND
R8017,518550,ORD-208989,2026-09-30,arrived damaged,29.17,Refund
R8018,534691,ORD-216780,13/09/2026,n/a,31.11,Store credit
R8019,504788,ORD-202353,2025-09-28,wrong size,58.34,Refund
R8020,545622,ORD-222004,2025-06-24,bought by mistake,77.96,Store credit
R8021,527158,ORD-213144,,Too Small,202.06,REFUND
R8022,534288,ORD-216561,2025-12-27,Doesn't fit,285.23,refund
R8023,529570,ORD-214300,2025-09-26,found cheaper,8.76,REFUND
R8024,511459,ORD-205585,2026-09-30,arrived damaged,23.06,Refund
R8025,527144,ORD-213137,12-31-2025,colour different,64.52,refund
R8026,548900,ORD-223578,2025-09-05,too small,33.22,REFUND
R8027,511502,ORD-205607,2026-09-30,didnt fit,45.48,refund
R8028,532370,ORD-215626,2024-08-21,wrong size,,Exchange
R8029,548433,ORD-223346,2025-10-15,looks different to photo,65.25,REFUND
R8030,540520,ORD-219567,04-03-2026,leaking,250.06,REFUND
R8031,505539,ORD-202704,2026-01-13,no longer needed,145.19,refund
R8032,532560,ORD-215726,13/12/2025,Faulty,172.97,Refund
R8033,507336,ORD-203551,2026-07-02,,126.46,REFUND
R8034,535090,ORD-216970,2025-08-12,leaking,58.34,Store credit
R8035,515300,ORD-207436,2026-07-25,box crushed,18.27,Store credit
R8036,546224,ORD-222311,2025-06-08,damaged in transit,27.29,Store credit
R8037,527626,ORD-213366,23/10/2025,,52.45,Store credit
R8038,511756,ORD-205733,2025-09-22,changed mind,275.89,REFUND
R8039,533443,ORD-216159,2025-07-28,found cheaper,77.93,Refund
R8040,537768,ORD-218282,2025-08-14,changed mind,97.70,Store credit
R8041,519674,ORD-209514,2026-07-09,too big,138.32,refund
R8042,528355,ORD-213724,20/05/2026,,46.98,Refund
R8043,504021,ORD-201972,2024-09-08,stitching came apart,39.83,Refund
R8044,509157,ORD-204438,2026-05-25,Faulty,8.76,REFUND
R8045,513224,ORD-206451,2025-05-10,box crushed,54.57,Refund
R8046,550602,ORD-224371,2025-06-03,bought by mistake,70.86,Exchange
R8047,516040,ORD-207779,2026-01-13,faulty zip,43.13,Refund
R8048,539365,ORD-219021,2026/07/02,changed mind,14.62,refund
R8049,508504,ORD-204122,2025-07-14,,97.45,refund
R8050,527808,ORD-213454,2025-11-02,,60.95,Exchange
R8051,537514,ORD-218146,18.10.25,Faulty,63.17,Exchange
R8052,519173,ORD-209284,29/05/2026,box crushed,103.25,refund
R8053,523972,ORD-211614,2025-11-03,,246.25,refund
R8054,522863,ORD-211073,2025-05-23,bought by mistake,202.06,Refund
R8055,550025,ORD-224106,"August 12, 2026",TOO SMALL,275.89,Refund
R8056,506804,ORD-203305,2026-06-10,too big,8.45,REFUND
R8057,513825,ORD-206741,2026-03-18,found cheaper,46.75,REFUND
R8058,507638,ORD-203700,22.12.25,found cheaper,28.92,Exchange
R8059,532158,ORD-215524,2025-10-22,box crushed,155.24,Refund
R8060,526177,ORD-212662,2025-10-25,Faulty,77.66,Refund
R8061,547859,ORD-223076,2026-08-21,colour different,77.37,Store credit
R8062,527417,ORD-213261,2026-09-30,zip broke,37.51,Store credit
R8063,502598,ORD-201264,2025-12-10,NA,184.48,Exchange
R8064,540408,ORD-219509,03-26-2026,TOO SMALL,44.91,Store credit
R8065,505966,ORD-202910,2025-10-09,no longer needed,312.22,Exchange
R8066,514656,ORD-207134,"March 28, 2024",stitching came apart,103.25,refund
R8067,530230,ORD-214617,2026-08-19,,15.71,Refund
R8068,543793,ORD-221117,2025-11-29,didn't fit,256.03,Refund
R8069,503728,ORD-201832,"July 24, 2025",no longer needed,46.27,REFUND
R8070,545460,ORD-221923,2026-09-30,wrong size,9.80,Store credit
R8071,526525,ORD-212835,2025-07-12,TOO SMALL,0.00,REFUND
R8072,523481,ORD-211364,2026-01-26,changed mind,249.78,Exchange
R8073,541485,ORD-220027,2025-04-24,found cheaper,82.09,Refund
R8074,537836,ORD-218312,2026-03-21,TOO SMALL,32.23,REFUND
R8075,502698,ORD-201319,2025-08-28,no longer needed,40.33,Store credit
R8076,549583,ORD-223897,2025-12-25,not as described,74.39,Refund
R8077,509545,ORD-204624,2026-03-27,damaged in transit,33.74,REFUND
R8078,503075,ORD-201516,2025-10-20,DAMAGED,48.24,REFUND
R8079,539814,ORD-219231,2025-03-30,leaking,56.09,Store credit
R8080,536672,ORD-217745,2026-08-18,didnt fit,29.59,Refund
R8081,501677,ORD-200817,2025-04-29,found cheaper,131.45,Refund
R8082,505933,ORD-202896,2026-03-20,TOO SMALL,42.96,refund
R8083,543333,ORD-220896,"December 18, 2025",,46.12,refund
R8084,504158,ORD-202037,2025-12-13,looks different to photo,58.34,refund
R8085,521482,ORD-210401,04 Jan 2025,didn't fit,78.16,Exchange
R8086,503818,ORD-201881,2024-02-29,not waterproof,44.91,Store credit
R8087,500883,ORD-200418,2026-05-01,wrong size,56.14,refund
R8088,543690,ORD-221067,2025/07/24,didnt fit,8.59,Store credit
R8089,512636,ORD-206150,2024-10-13,,,Refund
R8090,530379,ORD-214684,2026-05-22,not as described,295.96,Exchange
R8091,528859,ORD-213965,2026-09-30,TOO SMALL,32.72,Store credit
R8092,504180,ORD-202048,"September 30, 2026",Doesn't fit,66.85,REFUND
R8093,538272,ORD-218509,2025-06-19,bought by mistake,45.76,refund
R8094,507166,ORD-203473,2026-02-04,TOO SMALL,5.55,REFUND
R8095,545987,ORD-222187,2026-04-29,box crushed,9.82,REFUND
R8096,540533,ORD-219572,2025-12-06,Too Small,112.19,Exchange
R8097,512272,ORD-205983,27 Sep 2026,found cheaper,43.13,refund
R8098,529438,ORD-214243,09-25-2026,no longer needed,124.31,refund
R8099,512244,ORD-205971,2026-02-10,stitching came apart,135.75,refund
R8100,508131,ORD-203941,"November 14, 2025",leaking,29.22,Exchange
R8101,503872,ORD-201901,2024-09-07,Doesn't fit,121.20,Refund
R8102,502766,ORD-201356,2024-12-03,Doesn't fit,178.61,REFUND
R8103,534272,ORD-216556,26/09/2026,,126.84,Store credit
R8104,531357,ORD-215153,2025-11-22,wrong size,33.86,Store credit
R8105,514393,ORD-207016,2026-04-12,TOO SMALL,38.88,Store credit
R8106,510718,ORD-205219,2025/07/11,DAMAGED,29.23,Refund
R8107,523134,ORD-211197,2024-12-15,Too Small,60.99,Exchange
R8108,548471,ORD-223366,2026-07-30,bought by mistake,153.20,refund
R8109,517148,ORD-208314,2025-09-08,looks different to photo,64.52,Refund
R8110,512018,ORD-205854,2025-12-17,too big,36.26,Refund
R8111,539739,ORD-219194,2024-04-11,no longer needed,181.99,refund
R8112,539325,ORD-219000,2024-10-11,not as described,228.17,Exchange
R8113,513545,ORD-206602,30 Jun 2025,zip broke,188.89,REFUND
R8114,538983,ORD-218842,2024/10/05,found cheaper,97.70,Refund
R8115,551586,ORD-224858,2026-05-22,Too Small,78.07,refund
R8116,551733,ORD-224927,2024-08-02,Too Small,36.54,REFUND
R8117,550372,ORD-224262,2025/01/17,Faulty,158.55,refund
R8118,510677,ORD-205203,2024-07-24,changed mind,5.55,Exchange
R8119,524786,ORD-211999,2026-02-01,not waterproof,66.94,REFUND
R8120,536944,ORD-217880,2025-07-16,changed mind,19.75,REFUND
R8121,509556,ORD-204629,03-04-2024,Too Small,21.34,refund
R8122,509654,ORD-204678,2025-12-22,zip broke,39.03,REFUND
R8123,531421,ORD-215183,2026/09/30,changed mind,9.80,Exchange
R8124,548774,ORD-223518,2025-11-29,Faulty,124.37,refund
R8125,519485,ORD-209424,2025-09-11,changed mind,,Store credit
R8126,521389,ORD-210358,2026-02-11,Too Small,256.03,REFUND
R8127,502419,ORD-201180,20/03/2025,wrong size,29.04,Store credit
R8128,500829,ORD-200391,09 May 2026,Too Small,62.16,Refund
R8129,509192,ORD-204454,2026-08-24,too big,111.31,refund
R8130,506918,ORD-203355,2026-03-18,n/a,19.64,Store credit
R8131,544944,ORD-221677,02/04/2026,not waterproof,48.73,Exchange
R8132,539171,ORD-218923,05-21-2026,too small,13.17,Exchange
R8133,548431,ORD-223345,07-09-2026,colour different,188.89,Refund
R8134,507741,ORD-203749,2026/06/13,TOO SMALL,52.45,Store credit
R8135,526354,ORD-212750,2025-09-30,,9.82,Refund
R8136,532570,ORD-215730,2026-03-19,see email,101.03,refund
R8137,513049,ORD-206361,2025-01-13,Doesn't fit,133.05,REFUND
R8138,513388,ORD-206531,2026-07-10,not as described,155.46,REFUND
R8139,540977,ORD-219787,2025-03-07,didn't fit,33.74,REFUND
R8140,529408,ORD-214228,2024-10-21,found cheaper,9.80,Refund
R8141,520561,ORD-209944,2026-03-25,colour different,20.00,Exchange
R8142,539476,ORD-219075,2026-06-16,bought by mistake,47.53,REFUND
R8143,534281,ORD-216558,11-21-2024,Too Small,17.81,REFUND
R8144,509080,ORD-204399,2026-05-24,,301.73,Store credit
R8145,506164,ORD-203011,2025-06-20,found cheaper,161.65,REFUND
R8146,537133,ORD-217971,2026-04-16,DAMAGED,30.36,Exchange
R8147,520141,ORD-209745,21.07.25,Faulty,71.17,REFUND
R8148,510778,ORD-205247,2026-03-25,Doesn't fit,19.91,refund
R8149,537978,ORD-218370,2024-12-05,damaged in transit,245.63,Refund
R8150,549792,ORD-224002,13.08.25,damaged in transit,16.89,Store credit
R8151,532216,ORD-215551,2026-03-14,didn't fit,80.65,Exchange
R8152,516359,ORD-207938,,changed mind,158.55,Refund
R8153,515852,ORD-207691,2026-07-14,didnt fit,13.17,REFUND
R8154,510358,ORD-205041,2026-09-30,no longer needed,57.84,refund
R8155,538842,ORD-218779,2026-04-15,stitching came apart,414.35,Store credit
R8156,501720,ORD-200831,2025-05-09,Too Small,46.67,REFUND
R8157,528480,ORD-213787,2025-04-25,,155.24,REFUND
R8158,522461,ORD-210878,2024-05-25,bought by mistake,24.50,REFUND
R8159,524056,ORD-211652,2026-05-10,didnt fit,46.36,REFUND
R8160,529287,ORD-214172,12-12-2025,NA,73.82,Store credit
R8161,526343,ORD-212745,2026-08-26,too small,10.54,Exchange
R8162,508645,ORD-204187,06-13-2026,didn't fit,141.95,Refund
R8163,526206,ORD-212675,2026-01-26,Faulty,197.00,Refund
R8164,549213,ORD-223720,2026-04-28,bought by mistake,80.65,Exchange
R8165,531611,ORD-215278,10/12/2024,not as described,304.52,Store credit
R8166,536966,ORD-217890,2025-12-12,zip broke,89.58,Refund
R8167,518019,ORD-208732,2026-04-10,didnt fit,275.89,Store credit
R8168,528252,ORD-213677,2026-07-14,Too Small,57.84,REFUND
R8169,534645,ORD-216756,03-26-2025,Too Small,97.70,Exchange
R8170,514964,ORD-207279,08.05.25,too small,,Store credit
R8171,519699,ORD-209526,2025/07/02,Too Small,19.91,refund
R8172,551673,ORD-224902,2026-01-29,DAMAGED,185.57,REFUND
R8173,547419,ORD-222866,2026-05-18,didnt fit,45.38,REFUND
R8174,540138,ORD-219377,2026-02-20,arrived damaged,121.20,Store credit
R8175,538433,ORD-218581,07.03.25,no longer needed,106.54,REFUND
R8176,543567,ORD-221008,2026-09-19,stitching came apart,106.06,refund
R8177,504090,ORD-202006,2025-11-03,Doesn't fit,184.48,Refund
R8178,511323,ORD-205517,2026/05/20,looks different to photo,51.75,REFUND
R8179,535026,ORD-216941,2025-12-09,TOO SMALL,188.89,REFUND
R8180,508865,ORD-204293,2025-09-28,found cheaper,44.76,Refund
R8181,526012,ORD-212588,2026-04-12,arrived damaged,46.58,refund
R8182,530853,ORD-214907,21/05/2026,TOO SMALL,17.34,Store credit
R8183,518663,ORD-209043,27.12.24,Too Small,22.37,REFUND
R8184,551665,ORD-224897,2025-10-20,found cheaper,304.52,Store credit
R8185,528976,ORD-214018,2025-10-26,box crushed,48.78,Exchange
R8186,551616,ORD-224869,"May 23, 2026",wrong size,172.97,REFUND
R8187,529119,ORD-214089,2025-12-12,Doesn't fit,42.60,Refund
R8188,522426,ORD-210860,2024-07-21,too big,29.59,Store credit
R8189,525208,ORD-212197,2025-10-26,no longer needed,39.58,Exchange
R8190,526314,ORD-212727,2024-09-02,didnt fit,51.09,Store credit
R8191,548633,ORD-223452,2024-06-12,too small,58.72,refund
R8192,550206,ORD-224182,2026-05-09,NA,106.94,refund
R8193,505148,ORD-202522,2026-04-23,TOO SMALL,48.79,Exchange
R8194,522776,ORD-211026,2024-11-08,see email,139.19,Exchange
R8195,535435,ORD-217149,2026-08-16,n/a,131.45,Refund
R8196,548642,ORD-223456,2026-09-16,bought by mistake,25.88,Store credit
R8197,503081,ORD-201519,2024-04-03,looks different to photo,295.96,Store credit
R8198,536977,ORD-217896,"July 29, 2025",zip broke,167.14,Store credit
R8199,523448,ORD-211350,2024-09-12,zip broke,73.35,refund
R8200,542377,ORD-220456,2025-05-23,looks different to photo,33.74,refund
R8201,527701,ORD-213404,2026-01-25,wrong size,145.19,Refund
R8202,511446,ORD-205578,2026-02-28,faulty zip,77.66,Refund
R8203,506248,ORD-203055,2026/08/16,found cheaper,45.48,refund
R8204,543117,ORD-220797,2026-03-01,,173.32,refund
R8205,544165,ORD-221296,2026-07-30,bought by mistake,158.55,Exchange
R8206,539601,ORD-219130,2025-12-02,stitching came apart,312.22,Refund
R8207,508836,ORD-204277,12-12-2025,didnt fit,,refund
R8208,512791,ORD-206226,14/02/2026,found cheaper,97.70,REFUND
R8209,549501,ORD-223863,"January 02, 2025",wrong size,101.03,Store credit
R8210,520590,ORD-209959,2025-08-26,zip broke,88.57,REFUND
R8211,510331,ORD-205027,"September 11, 2024",didn't fit,21.64,REFUND
R8212,500136,ORD-200070,2025-12-06,stitching came apart,150.10,Exchange
R8213,516715,ORD-208099,2025-12-24,bought by mistake,111.35,Exchange
R8214,521524,ORD-210422,2025-10-01,stitching came apart,32.56,Exchange
R8215,504655,ORD-202288,30 Sep 2026,box crushed,19.68,Refund
R8216,529796,ORD-214404,2025-09-12,wrong size,18.27,Refund
R8217,533769,ORD-216317,2026-08-28,looks different to photo,35.62,Exchange
R8218,536237,ORD-217543,09-03-2024,DAMAGED,21.16,REFUND
R8219,549421,ORD-223819,2025-12-28,box crushed,202.06,REFUND
R8220,509662,ORD-204682,12/11/2025,leaking,83.68,Refund
R8221,513532,ORD-206597,31 May 2025,faulty zip,68.83,Refund
R8222,527472,ORD-213286,2025-11-05,no longer needed,49.47,refund
R8223,542953,ORD-220717,2024-03-07,didn't fit,74.39,refund
R8224,522503,ORD-210900,2025-10-12,damaged in transit,10.54,Store credit
R8225,522856,ORD-211068,08-05-2025,not as described,41.40,refund
R8226,542246,ORD-220392,2025-05-11,wrong size,88.57,REFUND
R8227,515412,ORD-207486,20 May 2025,didnt fit,170.39,Refund
R8228,539875,ORD-219261,2026-01-05,no longer needed,59.18,refund
R8229,545655,ORD-222024,2024-06-26,not as described,158.08,Store credit
R8230,511833,ORD-205765,2026-09-27,Too Small,,Exchange
R8231,546731,ORD-222545,27.07.25,other,38.12,Store credit
R8232,537326,ORD-218060,2026/04/05,too small,190.29,Refund
R8233,535005,ORD-216934,2026-02-01,didnt fit,19.56,REFUND
R8234,522260,ORD-210777,2025-08-24,didnt fit,320.27,refund
R8235,542441,ORD-220480,2025-04-30,faulty zip,53.52,refund
R8236,539780,ORD-219212,05-24-2025,see email,121.91,Refund
R8237,541104,ORD-219855,16/05/2026,not as described,44.91,REFUND
R8238,537691,ORD-218240,2026-04-26,colour different,256.03,Refund
R8239,532534,ORD-215711,2026-06-20,DAMAGED,100.09,REFUND
R8240,503140,ORD-201546,2024/12/10,not as described,97.70,Refund
R8241,517428,ORD-208443,N/A,box crushed,43.13,Store credit
R8242,502868,ORD-201413,2024-11-26,,202.06,REFUND
R8243,537591,ORD-218185,2025-10-28,DAMAGED,26.22,Store credit
R8244,547821,ORD-223057,2025-12-23,no longer needed,106.54,Exchange
R8245,543833,ORD-221140,,TOO SMALL,52.13,refund
R8246,549650,ORD-223932,2026-08-09,too big,70.86,REFUND
R8247,549836,ORD-224022,17.10.25,see email,49.47,Store credit
R8248,516485,ORD-207990,"March 27, 2025",faulty zip,75.01,Store credit
R8249,504351,ORD-202138,2025-06-26,zip broke,142.34,Refund
R8250,528259,ORD-213681,2026-04-14,looks different to photo,25.88,refund
R8251,523734,ORD-211492,2026-09-30,no longer needed,45.38,Store credit
R8252,548637,ORD-223453,2026-06-30,bought by mistake,250.06,refund
R8253,546370,ORD-222380,13 Mar 2026,n/a,223.48,Store credit
R8254,516623,ORD-208058,"November 26, 2025",TOO SMALL,7.15,Refund
R8255,514604,ORD-207109,2026-01-07,didn't fit,124.19,Store credit
R8256,527091,ORD-213105,08-23-2026,didnt fit,108.60,Refund
R8257,520418,ORD-209879,2026-09-30,Doesn't fit,28.95,Store credit
R8258,511703,ORD-205705,02 Jan 2025,no longer needed,47.52,Refund
R8259,518009,ORD-208728,2026-03-02,,184.48,Refund
R8260,534062,ORD-216456,2024-10-04,didnt fit,312.22,Store credit
R8261,530402,ORD-214692,2026-09-25,Doesn't fit,40.33,Store credit
R8262,545434,ORD-221906,2025-11-03,found cheaper,46.12,refund
R8263,544592,ORD-221501,2026-01-05,Doesn't fit,225.73,Store credit
R8264,546525,ORD-222455,2024-10-14,box crushed,106.06,Exchange
R8265,550662,ORD-224400,2025-07-25,didn't fit,48.60,REFUND
R8266,524435,ORD-211831,2025-09-27,DAMAGED,71.17,Exchange
R8267,523766,ORD-211511,2025-10-11,too big,97.70,Refund
R8268,518059,ORD-208753,2024-11-28,too big,202.06,Store credit
R8269,538281,ORD-218513,2026-05-05,box crushed,48.85,Refund
R8270,517499,ORD-208475,08.08.26,changed mind,82.09,REFUND
R8271,514721,ORD-207160,2024-08-11,see email,251.57,Store credit
R8272,549284,ORD-223752,"June 03, 2024",stitching came apart,129.59,Exchange
R8273,510515,ORD-205124,2026-09-19,bought by mistake,103.25,REFUND
R8274,515071,ORD-207335,2026-09-30,TOO SMALL,,Store credit
R8275,548619,ORD-223443,08-05-2026,leaking,121.99,refund
R8276,514850,ORD-207227,2025-11-22,found cheaper,28.95,Exchange
R8277,544524,ORD-221465,2025-10-23,zip broke,256.03,Exchange
R8278,531948,ORD-215430,2026-04-29,too big,42.96,Store credit
R8279,513986,ORD-206824,N/A,colour different,145.59,Store credit
R8280,527581,ORD-213343,2026-09-29,,39.83,REFUND
R8281,503698,ORD-201816,2025-07-26,TOO SMALL,0.00,refund
R8282,526823,ORD-212981,0000-00-00,not waterproof,54.63,refund
R8283,535820,ORD-217336,2026-08-09,leaking,228.17,Exchange
R8284,550788,ORD-224462,2026-08-15,faulty zip,45.76,Refund
R8285,525180,ORD-212183,2026-08-14,too small,168.87,Store credit
R8286,504001,ORD-201962,08-01-2026,see email,132.84,REFUND
R8287,536670,ORD-217744,2025-03-25,not waterproof,30.36,refund
R8288,542335,ORD-220435,2025-10-10,too small,59.40,Refund
R8289,508291,ORD-204020,"April 04, 2025",too small,241.38,REFUND
R8290,523245,ORD-211254,2026-08-30,damaged in transit,190.29,REFUND
R8291,550814,ORD-224476,23 Sep 2026,didn't fit,22.37,REFUND
R8292,514873,ORD-207235,2026-02-06,stitching came apart,184.48,Refund
R8293,530324,ORD-214660,30 Sep 2026,colour different,7.15,refund
R8294,516197,ORD-207857,2025-06-06,bought by mistake,236.77,refund
R8295,529485,ORD-214266,2026-09-30,stitching came apart,77.19,Store credit
R8296,529522,ORD-214282,2025-05-04,no longer needed,82.60,Refund
R8297,537557,ORD-218167,2025-09-15,didn't fit,16.89,REFUND
R8298,539433,ORD-219056,2025-04-25,wrong size,36.38,refund
R8299,519416,ORD-209390,2026-07-28,looks different to photo,81.38,Store credit
R8300,542704,ORD-220599,21.08.25,-,48.60,refund
R8301,518742,ORD-209083,"September 30, 2026",zip broke,256.03,Refund
R8302,542529,ORD-220522,05.10.25,,16.89,refund
R8303,521701,ORD-210513,"April 16, 2026",not waterproof,14.52,REFUND
R8304,537205,ORD-218006,01.01.26,bought by mistake,295.96,Refund
R8305,526581,ORD-212865,02.08.24,Doesn't fit,77.66,refund
R8306,538905,ORD-218812,2025-08-26,NA,32.56,Store credit
R8307,534011,ORD-216430,2026-07-30,see email,72.59,refund
R8308,504681,ORD-202299,2024-11-10,colour different,124.31,Refund
R8309,510217,ORD-204963,2024-11-28,see email,22.69,Exchange
R8310,513227,ORD-206453,2026-08-31,Doesn't fit,96.96,Store credit
R8311,541677,ORD-220120,2026-09-30,,88.07,refund
R8312,541283,ORD-219935,22.03.26,,79.28,Store credit
R8313,515293,ORD-207433,2026-03-26,arrived damaged,25.86,Store credit
R8314,507767,ORD-203760,10.12.25,bought by mistake,31.59,Exchange
R8315,502885,ORD-201420,2026-06-13,didnt fit,77.37,Exchange
R8316,525703,ORD-212436,2024-07-10,didn't fit,223.48,REFUND
R8317,542628,ORD-220564,08-29-2024,damaged in transit,36.30,Store credit
R8318,500686,ORD-200317,2026-09-29,TOO SMALL,28.95,Store credit
R8319,511827,ORD-205764,12/02/2026,arrived damaged,54.63,Refund
R8320,520501,ORD-209915,2026-09-24,,28.07,REFUND
R8321,541735,ORD-220147,2025-11-24,found cheaper,21.64,Exchange
R8322,519338,ORD-209356,2025-08-01,DAMAGED,25.86,refund
R8323,524478,ORD-211850,2025-12-16,found cheaper,15.31,Exchange
R8324,549384,ORD-223801,2026-09-09,too small,178.61,refund
R8325,535375,ORD-217119,2025-11-14,colour different,135.10,Store credit
R8326,528356,ORD-213724,2026-05-14,no longer needed,133.17,Exchange
R8327,543174,ORD-220825,2025-12-23,didnt fit,58.34,REFUND
R8328,551228,ORD-224681,05.01.26,no longer needed,22.74,Refund
R8329,523508,ORD-211377,2025-12-13,Faulty,57.84,refund
R8330,545846,ORD-222116,"March 23, 2026",no longer needed,22.37,Exchange
R8331,521068,ORD-210191,2026-05-03,changed mind,220.20,Refund
R8332,503386,ORD-201665,2025-11-29,Too Small,97.70,Exchange
R8333,544766,ORD-221587,2025-10-15,looks different to photo,97.45,Store credit
R8334,513397,ORD-206534,2024-12-29,found cheaper,38.97,refund
R8335,529676,ORD-214347,26/06/2026,TOO SMALL,35.81,Refund
R8336,508084,ORD-203919,2026-09-14,no longer needed,66.90,Exchange
R8337,514621,ORD-207119,2026-03-27,,192.11,Refund
R8338,501399,ORD-200676,23.08.24,,0.00,refund
R8339,534450,ORD-216659,2026-02-05,Doesn't fit,57.84,Store credit
R8340,520909,ORD-210119,2026-03-21,arrived damaged,8.88,Store credit
R8341,524937,ORD-212069,2026-07-22,Too Small,245.63,Store credit
R8342,528390,ORD-213743,2026-07-06,not waterproof,220.97,Store credit
R8343,532781,ORD-215833,10/06/2024,found cheaper,45.48,refund
R8344,518750,ORD-209085,,changed mind,168.87,Refund
R8345,510580,ORD-205157,"May 02, 2026",leaking,142.34,Exchange
R8346,519700,ORD-209527,04 Feb 2025,DAMAGED,42.32,Refund
R8347,500010,ORD-200005,2025-10-30,didn't fit,176.16,REFUND
R8348,542336,ORD-220436,16 Mar 2025,stitching came apart,38.12,Store credit
R8349,526478,ORD-212814,2026-04-16,,30.36,refund
R8350,508228,ORD-203988,"September 16, 2026",TOO SMALL,48.78,REFUND
R8351,518833,ORD-209120,2025-05-04,too big,185.02,REFUND
R8352,516097,ORD-207805,2025-01-21,damaged in transit,133.17,REFUND
R8353,524392,ORD-211812,01.10.24,looks different to photo,97.59,refund
R8354,531641,ORD-215291,13.11.25,too big,96.48,refund
R8355,506841,ORD-203321,2025-07-06,Faulty,66.42,REFUND
R8356,537880,ORD-218331,2024-08-14,bought by mistake,9.82,Exchange
R8357,502209,ORD-201067,03 Apr 2026,leaking,59.18,Refund
R8358,539926,ORD-219284,2025-12-09,bought by mistake,213.87,refund
R8359,505214,ORD-202554,2024-05-02,too small,111.31,refund
R8360,509343,ORD-204517,2025-12-12,not waterproof,36.61,Exchange
R8361,528192,ORD-213645,2026-01-21,changed mind,41.05,Refund
R8362,506334,ORD-203089,2024-11-27,wrong size,121.20,Store credit
R8363,537320,ORD-218059,"April 04, 2025",didnt fit,31.11,refund
R8364,539107,ORD-218892,14 Oct 2025,Faulty,25.06,Refund
R8365,523418,ORD-211336,2024-07-05,colour different,23.16,Exchange
R8366,534421,ORD-216639,2026-07-28,too small,9.76,REFUND
R8367,542642,ORD-220571,2025-12-14,DAMAGED,139.19,Refund
R8368,504703,ORD-202310,2026-07-03,DAMAGED,56.14,Refund
R8369,508478,ORD-204111,02.11.25,no longer needed,47.53,REFUND
R8370,510724,ORD-205222,2026/09/30,looks different to photo,81.56,refund
R8371,512200,ORD-205949,2024-08-11,TOO SMALL,95.75,refund
R8372,511664,ORD-205687,2026-07-09,arrived damaged,9.80,Refund
R8373,503556,ORD-201741,2026-05-02,colour different,170.39,Store credit
R8374,546459,ORD-222421,2025/07/18,TOO SMALL,129.59,Exchange
R8375,518129,ORD-208786,2026-06-07,Doesn't fit,56.14,Refund
R8376,547103,ORD-222721,2025-05-25,too small,71.66,Refund
R8377,511025,ORD-205369,2026-09-08,damaged in transit,23.23,Refund
R8378,504353,ORD-202140,"April 15, 2026",wrong size,51.71,refund
R8379,509418,ORD-204556,09-24-2025,too big,135.75,refund
R8380,529128,ORD-214093,2025-01-26,damaged in transit,36.61,Store credit
R8381,525603,ORD-212387,2025-07-07,Too Small,221.31,Refund
R8382,501234,ORD-200586,2025-07-31,didn't fit,155.62,Exchange
R8383,506324,ORD-203084,2026/01/05,stitching came apart,246.25,Store credit
R8384,500802,ORD-200379,2026-09-26,not as described,86.66,Exchange
R8385,541768,ORD-220162,17/05/2026,faulty zip,32.56,Store credit
R8386,523947,ORD-211601,02-22-2026,looks different to photo,41.82,Refund
R8387,522328,ORD-210810,21.04.26,Doesn't fit,94.44,REFUND
R8388,538623,ORD-218675,2026-07-31,,181.10,refund
R8389,547011,ORD-222671,2026-02-13,bought by mistake,153.16,refund
R8390,542968,ORD-220726,"June 15, 2025",too big,137.94,REFUND
R8391,514910,ORD-207256,2026-08-16,colour different,44.28,Refund
R8392,530334,ORD-214663,2025-04-01,leaking,72.52,refund
R8393,511922,ORD-205804,2026-03-21,DAMAGED,23.23,Store credit
R8394,517107,ORD-208295,2026-09-30,Doesn't fit,78.16,Store credit
R8395,514399,ORD-207019,2026-08-23,Faulty,89.31,refund
R8396,542610,ORD-220555,2026-01-01,Too Small,150.87,REFUND
R8397,550258,ORD-224208,2025-11-13,Too Small,96.48,Exchange
R8398,525729,ORD-212449,2026-03-15,found cheaper,30.63,Refund
R8399,502540,ORD-201235,"January 21, 2026",box crushed,54.63,REFUND
R8400,544900,ORD-221652,2026-09-20,wrong size,22.75,refund
R8401,526092,ORD-212623,2026-01-09,changed mind,11.10,REFUND
R8402,530583,ORD-214779,2025-12-20,looks different to photo,21.16,Refund
R8403,536915,ORD-217869,2026/07/27,not as described,172.97,Store credit
R8404,502351,ORD-201144,2025-09-17,too big,16.39,Refund
R8405,523349,ORD-211304,2025-06-23,too big,19.64,refund
R8406,550481,ORD-224316,2026-09-06,too big,29.67,Store credit
R8407,503078,ORD-201517,2026-06-02,colour different,35.81,Refund
R8408,512438,ORD-206061,2026-05-17,didnt fit,223.48,Refund
R8409,528797,ORD-213937,2024-10-14,didn't fit,19.75,refund
R8410,512745,ORD-206205,2026-06-13,didn't fit,20.76,Store credit
R8411,502335,ORD-201136,2026-04-11,,168.87,refund
R8412,526439,ORD-212796,2026-09-30,Faulty,136.31,Refund
R8413,515729,ORD-207634,2026-05-30,stitching came apart,51.09,refund
R8414,533343,ORD-216113,"July 26, 2026",zip broke,188.89,Exchange
R8415,532744,ORD-215813,2025-12-17,too small,138.10,REFUND
R8416,506874,ORD-203334,"June 26, 2026",n/a,19.75,Store credit
R8417,513944,ORD-206803,2025-06-18,leaking,74.18,refund
R8418,537403,ORD-218094,2026-07-30,too small,35.62,REFUND
R8419,549631,ORD-223921,2025-03-28,not as described,15.80,refund
R8420,536602,ORD-217713,2024-08-13,TOO SMALL,101.39,Refund
R8421,513607,ORD-206636,2024-11-09,changed mind,81.56,refund
R8422,533361,ORD-216120,01.08.25,DAMAGED,19.56,Refund
R8423,513272,ORD-206472,04-24-2024,Too Small,36.67,refund
R8424,551009,ORD-224573,2026-07-27,,15.55,Store credit
R8425,513923,ORD-206793,2026-04-20,didn't fit,66.85,REFUND
R8426,544615,ORD-221512,2025-07-21,looks different to photo,53.33,Store credit
R8427,517532,ORD-208490,2026-04-12,leaking,21.30,REFUND
R8428,507167,ORD-203473,09.02.26,too big,97.59,Refund
R8429,535953,ORD-217410,2024-07-30,,93.71,Store credit
R8430,549721,ORD-223969,2025-10-04,,205.25,Exchange
R8431,522311,ORD-210802,2024-12-31,too small,158.55,Refund
R8432,541988,ORD-220274,07.12.24,bought by mistake,5.55,refund
R8433,540935,ORD-219767,29.12.24,didnt fit,42.32,Store credit
R8434,536334,ORD-217585,10 May 2026,bought by mistake,112.86,REFUND
R8435,512811,ORD-206236,2026-06-10,Doesn't fit,170.39,Exchange
R8436,519452,ORD-209406,10/09/2025,see email,14.84,Exchange
R8437,504199,ORD-202058,"August 10, 2025",found cheaper,19.68,REFUND
R8438,545289,ORD-221843,2025-06-03,Faulty,145.19,REFUND
R8439,513823,ORD-206741,30 Mar 2026,no longer needed,82.09,Store credit
R8440,521928,ORD-210620,2025-06-18,DAMAGED,78.16,REFUND
R8441,549764,ORD-223990,2024-11-22,Too Small,43.13,refund
R8442,507126,ORD-203453,12-11-2025,DAMAGED,,Exchange
R8443,523641,ORD-211443,2026-09-30,too small,44.76,Exchange
R8444,512207,ORD-205952,2026-04-23,,54.57,refund
R8445,511376,ORD-205541,28/07/2025,arrived damaged,310.13,refund
R8446,547365,ORD-222842,"February 20, 2025",too big,12.53,Exchange
R8447,543860,ORD-221154,2024-05-05,damaged in transit,246.25,Refund
R8448,525908,ORD-212541,2025-09-30,faulty zip,19.68,refund
R8449,539646,ORD-219150,2026-09-14,,33.42,Refund
R8450,547268,ORD-222802,2026-03-09,Doesn't fit,191.50,REFUND
R8451,529884,ORD-214447,2026-03-17,changed mind,31.11,Refund
R8452,535515,ORD-217184,2025-04-21,colour different,14.62,REFUND
R8453,527722,ORD-213416,20/02/2025,,56.14,Refund
R8454,536125,ORD-217489,2025-09-26,,301.73,REFUND
R8455,544264,ORD-221338,10-24-2025,leaking,135.75,Store credit
R8456,508920,ORD-204321,2026-09-24,not waterproof,42.32,Store credit
R8457,532554,ORD-215722,2025-11-06,box crushed,126.46,REFUND
R8458,550137,ORD-224154,2026-02-10,found cheaper,66.90,REFUND
R8459,510026,ORD-204873,11.03.25,TOO SMALL,184.48,REFUND
R8460,547612,ORD-222959,2025-01-14,not waterproof,167.14,Store credit
R8461,528582,ORD-213833,17.03.26,NA,145.19,refund
R8462,513727,ORD-206691,2025-07-28,too small,14.84,REFUND
R8463,549946,ORD-224065,2025/06/16,too big,78.07,refund
R8464,507271,ORD-203519,2026-02-13,leaking,64.46,refund
R8465,517658,ORD-208542,2026-07-04,stitching came apart,9.80,REFUND
R8466,538058,ORD-218404,01-05-2025,,42.60,REFUND
R8467,532160,ORD-215524,2025-11-12,zip broke,77.66,Store credit
R8468,541721,ORD-220141,14 Aug 2024,zip broke,33.74,refund
R8469,545134,ORD-221765,2026-03-02,not waterproof,64.46,Store credit
R8470,525303,ORD-212241,N/A,changed mind,,Exchange
R8471,523228,ORD-211245,2025-03-01,didn't fit,44.87,Exchange
R8472,539445,ORD-219063,12 Dec 2025,found cheaper,59.18,Exchange
R8473,538954,ORD-218830,2026-09-24,bought by mistake,34.50,refund
R8474,511002,ORD-205357,2026-04-05,box crushed,121.99,Exchange
R8475,539727,ORD-219189,25 Aug 2025,no longer needed,185.02,Refund
R8476,517035,ORD-208258,2026-02-22,TOO SMALL,135.77,Refund
R8477,500044,ORD-200024,2025-12-24,zip broke,66.58,refund
R8478,542337,ORD-220436,2025-03-18,wrong size,39.75,refund
R8479,541492,ORD-220031,2025-11-29,stitching came apart,34.69,REFUND
R8480,511375,ORD-205541,2025-07-31,no longer needed,46.67,Store credit
R8481,550032,ORD-224108,2025-06-30,box crushed,220.71,Store credit
R8482,521591,ORD-210458,06-29-2026,looks different to photo,19.56,Refund
R8483,540697,ORD-219648,2026-09-30,,76.24,refund
R8484,504513,ORD-202222,2026-09-21,Doesn't fit,53.03,refund
R8485,500329,ORD-200157,2025-12-09,-,44.76,Refund
R8486,513137,ORD-206405,2026/06/03,too small,150.10,Store credit
R8487,545575,ORD-221980,2025-12-15,DAMAGED,106.54,Refund
R8488,512642,ORD-206152,2026-09-25,not as described,66.90,Store credit
R8489,522937,ORD-211105,2026-01-15,no longer needed,71.81,refund
R8490,506906,ORD-203349,18 Oct 2025,changed mind,60.99,Exchange
R8491,549963,ORD-224073,"September 28, 2024",Doesn't fit,51.09,Store credit
R8492,548041,ORD-223166,2026-05-23,found cheaper,40.69,Refund
R8493,538380,ORD-218556,2025-12-02,TOO SMALL,256.03,REFUND
R8494,542916,ORD-220698,,didn't fit,77.37,Refund
R8495,505399,ORD-202644,2025-01-30,found cheaper,241.38,REFUND
R8496,536988,ORD-217901,2026-03-15,-,96.48,REFUND
R8497,535772,ORD-217313,2026-09-30,wrong size,74.39,REFUND
R8498,506437,ORD-203142,2025-12-25,,,REFUND
R8499,522060,ORD-210683,2026-08-16,didn't fit,155.46,REFUND
R8500,520987,ORD-210153,2026-07-22,wrong size,0.00,Store credit
R8501,509990,ORD-204854,2024/12/12,looks different to photo,75.01,Exchange
R8502,526376,ORD-212759,2026/05/17,didn't fit,8.45,Exchange
R8503,532617,ORD-215750,2025-01-20,not waterproof,129.59,refund
R8504,507563,ORD-203661,2026-04-02,looks different to photo,37.51,Refund
R8505,520762,ORD-210043,2025/11/09,Too Small,50.54,Store credit
R8506,540853,ORD-219728,"June 16, 2026",stitching came apart,43.13,refund
R8507,532332,ORD-215607,2026-01-11,no longer needed,33.22,REFUND
R8508,500342,ORD-200164,"December 14, 2025",colour different,65.25,Refund
R8509,516909,ORD-208192,2026-08-17,bought by mistake,54.63,refund
R8510,549493,ORD-223857,2026-05-17,Too Small,,refund
R8511,535911,ORD-217388,2024-10-31,wrong size,181.99,REFUND
R8512,551365,ORD-224751,2025-06-13,didn't fit,124.37,REFUND
R8513,531458,ORD-215199,2026-06-07,changed mind,53.70,REFUND
R8514,517574,ORD-208509,2026-09-30,didn't fit,148.02,refund
R8515,527024,ORD-213073,2026/08/31,box crushed,59.18,refund
R8516,519506,ORD-209435,2025-12-24,changed mind,30.48,Refund
R8517,545127,ORD-221763,2025-06-25,NA,45.48,Store credit
R8518,537136,ORD-217972,2026-04-13,didnt fit,86.66,REFUND
R8519,535077,ORD-216963,2026-08-15,Faulty,44.79,Refund
R8520,507127,ORD-203453,2025-12-12,looks different to photo,19.64,REFUND
R8521,548226,ORD-223246,2026-07-01,faulty zip,76.58,Exchange
R8522,506709,ORD-203259,2025-05-29,found cheaper,82.09,refund
R8523,525100,ORD-212146,unknown,Too Small,11.10,Refund
R8524,531246,ORD-215101,2026-04-04,faulty zip,77.37,REFUND
R8525,510974,ORD-205342,2025-04-21,wrong size,29.67,REFUND
R8526,549603,ORD-223905,2025-10-19,didnt fit,447.02,Store credit
R8527,501590,ORD-200773,2026-08-17,DAMAGED,184.48,Store credit
R8528,529052,ORD-214058,2025/10/05,,76.24,Store credit
R8529,538589,ORD-218660,2024-04-24,too small,92.82,REFUND
R8530,503323,ORD-201634,2026-05-25,no longer needed,50.54,Refund
R8531,522839,ORD-211057,2026-03-02,,45.76,REFUND
R8532,534425,ORD-216641,2026-05-31,stitching came apart,46.14,Store credit
R8533,526646,ORD-212891,2026-02-26,leaking,83.68,Store credit
R8534,547261,ORD-222800,2026-06-15,,51.09,Exchange
R8535,515360,ORD-207463,2025-07-16,Too Small,204.82,refund
R8536,523405,ORD-211331,2026-02-24,wrong size,168.87,refund
R8537,504111,ORD-202016,2025-10-28,wrong size,42.32,Refund
R8538,527446,ORD-213274,2024-12-12,NA,33.74,Exchange
R8539,519439,ORD-209401,2026-01-27,not as described,53.70,Exchange
R8540,510971,ORD-205340,"May 23, 2026",no longer needed,48.60,Exchange
R8541,513725,ORD-206690,2025-11-17,zip broke,21.64,refund
R8542,539449,ORD-219066,2026-02-12,not as described,,refund
R8543,502934,ORD-201447,2026-09-30,TOO SMALL,142.34,refund
R8544,542102,ORD-220329,2025-10-11,not as described,38.02,refund
R8545,548487,ORD-223376,14 Sep 2025,not waterproof,124.19,REFUND
R8546,501214,ORD-200577,2025-08-13,TOO SMALL,56.14,Exchange
R8547,549088,ORD-223666,2026-09-02,didn't fit,15.31,Refund
R8548,544382,ORD-221397,2025-12-01,,44.28,Refund
R8549,523348,ORD-211304,2025-07-09,zip broke,228.17,refund
R8550,541970,ORD-220265,2025-07-13,leaking,31.11,Store credit
R8551,507715,ORD-203735,2026/06/18,too small,202.06,Store credit
R8552,543627,ORD-221037,"March 14, 2026",box crushed,56.14,Refund
R8553,519596,ORD-209479,19.03.26,no longer needed,77.93,refund
R8554,526969,ORD-213052,2025-12-08,,1383.76,Exchange
R8555,522403,ORD-210848,2025-10-08,faulty zip,44.76,Store credit
R8556,516570,ORD-208032,2025-12-27,Too Small,245.63,Exchange
R8557,505363,ORD-202625,2024-07-03,colour different,47.53,refund
R8558,519174,ORD-209284,2026-06-02,didn't fit,48.60,Exchange
R8559,535752,ORD-217304,2026-06-08,bought by mistake,885.70,Store credit
R8560,514459,ORD-207048,2026-01-09,found cheaper,95.14,Exchange
R8561,503994,ORD-201959,"January 15, 2026",looks different to photo,104.27,Exchange
R8562,548559,ORD-223414,2026-03-01,didn't fit,44.28,REFUND
R8563,502302,ORD-201118,"March 18, 2026",arrived damaged,38.12,Exchange
R8564,511462,ORD-205587,2026-09-03,,111.74,refund
R8565,506500,ORD-203166,2024-10-08,not as described,35.81,Refund
R8566,528942,ORD-214002,2026-08-15,damaged in transit,65.25,refund
R8567,524018,ORD-211635,2024-12-28,leaking,30.63,Store credit
R8568,539932,ORD-219286,06.09.26,didnt fit,84.85,Exchange
R8569,524640,ORD-211933,2026-09-11,too small,14.84,Store credit
R8570,525774,ORD-212471,2025-12-12,didnt fit,104.27,Refund
R8571,548646,ORD-223457,2024-08-07,other,23.74,refund
R8572,527771,ORD-213437,2026-09-05,box crushed,19.75,Store credit
R8573,515378,ORD-207470,05-14-2025,found cheaper,,Exchange
R8574,500754,ORD-200354,2026-07-04,found cheaper,152.26,Store credit
R8575,505865,ORD-202864,2024-12-29,too big,473.44,refund
R8576,544621,ORD-221516,2026-08-25,colour different,41.52,Store credit
R8577,537072,ORD-217942,2025-07-15,,41.40,Store credit
R8578,526256,ORD-212700,20 Nov 2025,too small,67.31,Exchange
R8579,506913,ORD-203353,2026-04-29,not as described,53.70,Store credit
R8580,546604,ORD-222488,"March 29, 2026",didn't fit,51.57,Store credit
R8581,504135,ORD-202027,12.10.24,didn't fit,182.54,Refund
R8582,515142,ORD-207371,20.06.26,leaking,,refund
R8583,521604,ORD-210463,2025-11-29,,22.38,REFUND
R8584,536532,ORD-217677,09-29-2026,arrived damaged,76.24,Store credit
R8585,535289,ORD-217075,2024-03-13,wrong size,16.89,Refund
R8586,505580,ORD-202722,2025-05-11,stitching came apart,32.78,Refund
R8587,516893,ORD-208182,2026-09-17,not waterproof,41.96,refund
R8588,515353,ORD-207459,2025-02-25,zip broke,53.33,Exchange
R8589,513087,ORD-206380,18.07.25,zip broke,45.38,REFUND
R8590,532272,ORD-215579,2025-03-13,wrong size,33.22,Exchange
R8591,516393,ORD-207952,N/A,,61.90,REFUND
R8592,525523,ORD-212347,2025-07-01,wrong size,32.23,Exchange
R8593,524965,ORD-212084,2026-06-23,leaking,29.04,Store credit
R8594,503116,ORD-201534,2026-07-16,too big,38.83,Exchange
R8595,502469,ORD-201199,2026-04-04,found cheaper,60.99,refund
R8596,500265,ORD-200129,2025-09-29,leaking,190.29,refund
R8597,509638,ORD-204671,05-30-2026,,56.14,Refund
R8598,534269,ORD-216556,2026-09-29,leaking,285.23,refund
R8599,500380,ORD-200179,12-27-2025,didn't fit,78.07,Exchange
R8600,510769,ORD-205243,2026-02-11,didn't fit,45.38,refund
R8601,544589,ORD-221501,2025-12-22,wrong size,23.06,Exchange
R8602,504709,ORD-202313,07-26-2025,NA,67.31,refund
R8603,533813,ORD-216336,2026-06-05,n/a,202.85,refund
R8604,525299,ORD-212238,2025-12-10,wrong size,59.18,Store credit
R8605,504810,ORD-202366,06/06/2026,not waterproof,28.95,Refund
R8606,507723,ORD-203740,30.09.26,leaking,49.69,Exchange
R8607,533298,ORD-216093,2025-08-02,damaged in transit,241.38,refund
R8608,536091,ORD-217474,2025-11-13,leaking,0.00,Refund
R8609,518257,ORD-208847,2025-10-10,,138.66,refund
R8610,539229,ORD-218953,2025-11-07,faulty zip,161.65,refund
R8611,500874,ORD-200414,2024-09-11,arrived damaged,45.48,REFUND
R8612,539141,ORD-218906,2025-09-19,too big,92.82,Store credit
R8613,542869,ORD-220676,14/04/2026,Doesn't fit,75.01,refund
R8614,514392,ORD-207015,2026-04-11,bought by mistake,11.10,REFUND
R8615,514115,ORD-206882,2026-08-10,not waterproof,29.23,refund
R8616,520040,ORD-209691,2026-09-30,Doesn't fit,121.99,Store credit
R8617,537169,ORD-217988,2025-09-15,Faulty,51.09,Exchange
R8618,541882,ORD-220220,2025-12-31,changed mind,177.44,Store credit
R8619,527891,ORD-213505,2025-12-15,found cheaper,,Exchange
R8620,534259,ORD-216550,21 Aug 2026,too big,24.50,Exchange
R8621,511521,ORD-205618,2025-03-29,,44.28,Store credit
R8622,538507,ORD-218617,12 Nov 2025,,105.16,Refund
R8623,534608,ORD-216735,2024-12-21,stitching came apart,22.69,REFUND
R8624,530096,ORD-214550,25/08/2026,Doesn't fit,92.28,Store credit
R8625,503554,ORD-201740,2025-02-14,arrived damaged,112.19,Refund
R8626,537874,ORD-218329,2026-03-19,box crushed,800.72,Exchange
R8627,513051,ORD-206363,"March 10, 2026",,67.88,Refund
R8628,529680,ORD-214348,2026-07-28,not waterproof,35.62,REFUND
R8629,524315,ORD-211776,2026-07-16,changed mind,42.32,Refund
R8630,505516,ORD-202692,2024-10-13,too big,96.48,Exchange
R8631,545758,ORD-222074,2025-09-04,TOO SMALL,32.78,REFUND
R8632,543834,ORD-221141,2025-08-19,TOO SMALL,29.23,Exchange
R8633,527719,ORD-213415,2025-03-10,TOO SMALL,64.46,refund
R8634,519966,ORD-209656,2026-01-01,,43.70,Exchange
R8635,532621,ORD-215752,,leaking,65.43,Exchange
R8636,548466,ORD-223362,2025-03-04,see email,61.90,refund
R8637,535870,ORD-217361,2024-12-31,damaged in transit,12.20,Store credit
R8638,542117,ORD-220336,2026-09-30,Too Small,44.79,REFUND
R8639,540397,ORD-219505,2025-12-26,DAMAGED,155.62,REFUND
R8640,524145,ORD-211695,2025-12-20,too big,47.34,Store credit
R8641,531821,ORD-215372,2025-01-09,stitching came apart,57.84,refund
R8642,535980,ORD-217421,08-23-2026,too big,181.99,REFUND
R8643,525666,ORD-212416,19/04/2026,Too Small,43.13,Exchange
R8644,514615,ORD-207115,2026-07-17,-,97.59,Store credit
R8645,517000,ORD-208240,2026-03-25,Too Small,184.48,Refund
R8646,520505,ORD-209918,07 Apr 2025,found cheaper,100.09,Exchange
R8647,529878,ORD-214446,2025-12-08,bought by mistake,137.65,Refund
R8648,531889,ORD-215402,2025-04-27,Doesn't fit,97.45,Refund
R8649,547357,ORD-222839,"August 21, 2026",bought by mistake,0.00,Store credit
R8650,529451,ORD-214250,,wrong size,46.14,refund
R8651,518038,ORD-208740,2025-08-25,Doesn't fit,112.86,Refund
R8652,520318,ORD-209826,2025-09-29,too small,41.82,Store credit
R8653,512776,ORD-206221,2026-08-16,faulty zip,188.89,refund
R8654,504422,ORD-202174,2026-04-21,wrong size,80.65,Store credit
R8655,514586,ORD-207100,27/05/2026,Too Small,124.31,Exchange
R8656,526375,ORD-212759,05-07-2026,didnt fit,8.59,Refund
R8657,518552,ORD-208990,2026-06-30,not waterproof,8.59,refund
R8658,550449,ORD-224302,2026-09-30,damaged in transit,97.59,Refund
R8659,504241,ORD-202078,,no longer needed,121.99,Store credit
R8660,548810,ORD-223537,2026-09-12,arrived damaged,8.59,REFUND
R8661,537105,ORD-217956,2025-08-07,looks different to photo,112.86,refund
R8662,544045,ORD-221233,10.09.26,faulty zip,275.89,REFUND
R8663,534850,ORD-216859,2025-07-21,looks different to photo,92.28,refund
R8664,524216,ORD-211732,2026-06-30,not waterproof,57.84,Store credit
R8665,505629,ORD-202748,2026-09-30,didn't fit,225.73,Store credit
R8666,530497,ORD-214740,20/12/2024,box crushed,11.38,Exchange
R8667,513025,ORD-206348,2026-07-11,wrong size,245.63,Store credit
R8668,519396,ORD-209382,09 Sep 2026,faulty zip,58.23,Refund
R8669,524818,ORD-212013,"May 20, 2026",no longer needed,239.47,refund
R8670,535751,ORD-217303,08 Jul 2026,Doesn't fit,6.58,REFUND
R8671,535269,ORD-217066,2026-07-20,leaking,42.68,Refund
R8672,516396,ORD-207953,"August 13, 2026",wrong size,120.98,Refund
R8673,550620,ORD-224382,2025-01-05,too big,93.71,Refund
R8674,523880,ORD-211568,2025-06-13,damaged in transit,14.84,refund
R8675,530357,ORD-214678,2025-10-20,too big,29.23,Store credit
R8676,545384,ORD-221884,"December 31, 2025",zip broke,,REFUND
R8677,543272,ORD-220872,,faulty zip,77.18,REFUND
R8678,505776,ORD-202820,2026-09-05,found cheaper,13.17,refund
R8679,528600,ORD-213841,2025-12-25,bought by mistake,97.45,Store credit
R8680,545403,ORD-221893,29/08/2026,,92.28,Refund
R8681,522811,ORD-211041,"October 17, 2024",faulty zip,23.16,Refund
R8682,520696,ORD-210010,2026-03-25,Doesn't fit,59.40,Store credit
R8683,547391,ORD-222854,2026-09-30,Too Small,190.29,Exchange
R8684,549482,ORD-223852,2026-09-30,no longer needed,170.39,Refund
R8685,536560,ORD-217690,"March 24, 2026",bought by mistake,18.15,Refund
R8686,542878,ORD-220679,N/A,-,66.53,Refund
R8687,528053,ORD-213586,2025-12-22,TOO SMALL,239.47,Exchange
R8688,511697,ORD-205703,2025-10-07,n/a,133.71,refund
R8689,520123,ORD-209734,2026-03-25,Too Small,47.53,REFUND
R8690,519222,ORD-209307,2025-10-06,didn't fit,,Refund
R8691,527195,ORD-213157,2026-07-25,wrong size,72.52,refund
R8692,513912,ORD-206784,26 Aug 2025,not as described,65.25,REFUND
R8693,546538,ORD-222460,01-27-2025,found cheaper,46.75,Store credit
R8694,539217,ORD-218947,2025-01-05,,24.84,Exchange
R8695,549934,ORD-224060,2025-08-22,didn't fit,45.38,Store credit
R8696,549777,ORD-223997,2026-05-01,didn't fit,88.57,Refund
R8697,525530,ORD-212351,2026-07-25,too big,142.62,Exchange
R8698,511785,ORD-205744,2026-08-17,too small,45.48,REFUND
R8699,515038,ORD-207315,02/10/2025,zip broke,152.26,Refund
R8700,525639,ORD-212404,2026-04-09,too small,133.05,Exchange
R8701,513433,ORD-206553,06/09/2026,didn't fit,29.23,refund
R8702,526286,ORD-212714,2025-09-05,zip broke,92.28,Exchange
R8703,533943,ORD-216397,20/05/2026,looks different to photo,0.00,Store credit
R8704,532819,ORD-215851,"December 10, 2025",bought by mistake,139.14,Refund
R8705,536396,ORD-217613,2024-11-01,damaged in transit,158.55,Exchange
R8706,533253,ORD-216067,2026-02-12,found cheaper,51.75,Store credit
R8707,527977,ORD-213549,2025-08-23,wrong size,191.50,Refund
R8708,502331,ORD-201134,2025-12-19,didnt fit,128.01,Store credit
R8709,535437,ORD-217149,2026-07-29,TOO SMALL,40.78,refund
R8710,535350,ORD-217105,02 Dec 2025,no longer needed,122.81,Store credit
R8711,518254,ORD-208845,"April 07, 2026",not waterproof,213.87,Refund
R8712,524994,ORD-212097,2026/09/30,changed mind,21.64,Refund
R8713,500417,ORD-200194,2025-05-30,Too Small,19.64,refund
R8714,548210,ORD-223239,24 Nov 2025,DAMAGED,56.14,Exchange
R8715,528013,ORD-213564,11/11/2025,changed mind,105.50,REFUND
R8716,524795,ORD-212003,2026-02-09,n/a,103.25,refund
R8717,525461,ORD-212313,05/01/2026,wrong size,9.84,Refund
R8718,527241,ORD-213177,2024-06-14,no longer needed,85.32,REFUND
R8719,532339,ORD-215611,2026-07-25,wrong size,16.28,REFUND
R8720,536409,ORD-217621,2025-08-18,Doesn't fit,191.50,Store credit
R8721,515784,ORD-207659,2026-03-01,too small,26.23,Exchange
R8722,538950,ORD-218830,2026-09-14,found cheaper,135.75,Exchange
R8723,548408,ORD-223335,2026-08-03,didn't fit,178.78,Exchange
R8724,536257,ORD-217550,2025-09-04,bought by mistake,28.92,Refund
R8725,511405,ORD-205557,2026-09-13,other,48.79,Refund
R8726,543631,ORD-221039,2024-12-16,Doesn't fit,6.58,REFUND
R8727,507649,ORD-203705,2026-09-28,changed mind,29.23,Store credit
R8728,507926,ORD-203841,11-05-2025,Doesn't fit,167.14,Store credit
R8729,530386,ORD-214687,2025-08-06,too big,46.12,REFUND
R8730,538811,ORD-218763,2025-10-01,didn't fit,11.19,Refund
R8731,547926,ORD-223110,2026-03-11,see email,83.64,Exchange
R8732,525415,ORD-212297,05/01/2026,found cheaper,9.82,Refund
R8733,520485,ORD-209908,2026-01-11,,0.00,Store credit
R8734,503206,ORD-201578,24 Jul 2026,Too Small,10.54,Exchange
R8735,512458,ORD-206070,2025-11-24,not waterproof,22.37,Store credit
R8736,525687,ORD-212425,2026-08-11,stitching came apart,66.90,REFUND
R8737,544466,ORD-221432,2025-11-11,too big,88.57,Refund
R8738,525858,ORD-212518,2026-04-07,found cheaper,276.21,refund
R8739,510817,ORD-205263,2026-01-23,didn't fit,,Exchange
R8740,543429,ORD-220938,2025-01-18,found cheaper,22.37,REFUND
R8741,529867,ORD-214441,2025-06-27,arrived damaged,5.55,Refund
R8742,512822,ORD-206241,2026-05-08,changed mind,77.66,Exchange
R8743,527646,ORD-213375,2025-09-25,didnt fit,46.67,refund
R8744,550460,ORD-224308,28/04/2026,leaking,161.65,REFUND
R8745,541571,ORD-220071,2026-09-14,stitching came apart,81.56,Exchange
R8746,511658,ORD-205684,2026-01-28,Doesn't fit,,refund
R8747,525745,ORD-212455,2026-07-25,didnt fit,161.65,Store credit
R8748,542454,ORD-220485,2026-04-28,not waterproof,84.44,Store credit
R8749,546879,ORD-222612,2025-10-03,no longer needed,9.80,Store credit
R8750,515978,ORD-207752,13 May 2025,stitching came apart,96.96,Store credit
R8751,514165,ORD-206905,2026-08-29,,46.67,REFUND
R8752,505143,ORD-202521,2024-12-31,wrong size,185.02,Exchange
R8753,549123,ORD-223682,2025-02-08,Doesn't fit,204.82,Store credit
R8754,542305,ORD-220418,2026/09/30,Faulty,56.09,refund
R8755,542022,ORD-220290,2026-09-30,damaged in transit,43.13,REFUND
R8756,512074,ORD-205881,2025-01-06,TOO SMALL,925.19,REFUND
R8757,539512,ORD-219094,11-13-2025,looks different to photo,60.99,Store credit
R8758,537632,ORD-218207,2026-08-10,NA,0.00,Exchange
R8759,503064,ORD-201512,2026-09-29,damaged in transit,72.59,refund
R8760,542038,ORD-220298,2026-08-04,wrong size,42.60,Store credit
R8761,527623,ORD-213365,2026-05-31,,29.17,Refund
R8762,508512,ORD-204124,2025-07-03,changed mind,16.39,refund
R8763,544722,ORD-221561,2025-12-16,wrong size,153.16,Exchange
R8764,536686,ORD-217751,2026-09-07,arrived damaged,137.94,Refund
R8765,514702,ORD-207153,2024-08-30,arrived damaged,192.11,REFUND
R8766,522171,ORD-210732,2025-11-30,found cheaper,104.27,Refund
R8767,527958,ORD-213538,2026-04-28,didnt fit,43.29,Exchange
R8768,535592,ORD-217226,2026-08-11,zip broke,135.75,Refund
R8769,508821,ORD-204269,2026-01-29,didn't fit,106.54,refund
R8770,550371,ORD-224261,"March 25, 2026",found cheaper,213.87,REFUND
R8771,537123,ORD-217966,2025-10-09,too big,88.57,REFUND
R8772,548920,ORD-223586,2026-01-27,damaged in transit,30.63,REFUND
R8773,548059,ORD-223174,"April 19, 2026",not as described,220.20,Refund
R8774,539024,ORD-218856,2026/07/28,didnt fit,73.35,REFUND
R8775,536449,ORD-217641,24 Oct 2025,other,191.50,Exchange
R8776,518285,ORD-208860,2024-06-08,faulty zip,8.76,refund
R8777,547569,ORD-222942,2026-07-09,looks different to photo,476.69,Store credit
R8778,501990,ORD-200965,2026-01-21,box crushed,89.31,REFUND
R8779,543376,ORD-220914,2026-04-11,not as described,97.59,REFUND
R8780,551726,ORD-224925,2026-09-30,didn't fit,49.47,Store credit
R8781,546705,ORD-222535,TBC,didn't fit,14.52,refund
R8782,537747,ORD-218270,2024-07-02,bought by mistake,36.67,Store credit
R8783,551077,ORD-224610,2025-05-13,,150.10,refund
R8784,514425,ORD-207032,"March 12, 2026",TOO SMALL,17.90,Exchange
R8785,539614,ORD-219136,2024-06-20,box crushed,25.86,Exchange
R8786,520994,ORD-210155,2026-05-25,arrived damaged,83.64,Store credit
R8787,504957,ORD-202434,14/04/2025,no longer needed,137.65,refund
R8788,536962,ORD-217888,2025-08-20,looks different to photo,150.10,refund
R8789,514351,ORD-206996,2026-02-04,box crushed,93.71,Exchange
R8790,546130,ORD-222266,2025-02-19,colour different,33.74,Store credit
R8791,532969,ORD-215924,2024-11-06,stitching came apart,116.15,Exchange
R8792,516028,ORD-207774,25.01.26,wrong size,38.59,Refund
R8793,515434,ORD-207492,2026/04/25,changed mind,158.08,Store credit
R8794,547942,ORD-223120,2025-08-28,,151.11,Refund
R8795,514227,ORD-206937,2025-04-15,,43.29,Refund
R8796,516846,ORD-208158,2026-07-03,stitching came apart,181.99,Refund
R8797,503069,ORD-201513,2025-12-26,Doesn't fit,46.75,refund
R8798,503956,ORD-201942,2026-04-08,didnt fit,220.20,Exchange
R8799,533711,ORD-216289,2024-04-18,TOO SMALL,0.00,Exchange
R8800,545223,ORD-221813,2026/07/25,,36.54,refund
R8801,541115,ORD-219860,2025-01-11,wrong size,67.31,Exchange
R8802,544240,ORD-221326,2025-08-13,wrong size,131.45,REFUND
R8803,521980,ORD-210643,2025-06-03,not waterproof,42.68,Refund
R8804,509585,ORD-204642,2026-08-11,didn't fit,46.12,Store credit
R8805,545315,ORD-221854,2024-12-15,changed mind,184.48,Refund
R8806,521623,ORD-210471,2026-05-14,bought by mistake,80.65,refund
R8807,514983,ORD-207290,2024-06-18,Faulty,113.87,REFUND
R8808,543092,ORD-220786,2026-07-19,,185.64,Exchange
R8809,509123,ORD-204421,2026-05-16,,213.87,Refund
R8810,525429,ORD-212301,2025-06-30,too big,191.50,Refund
R8811,508032,ORD-203896,2026-07-18,colour different,19.68,REFUND
R8812,544433,ORD-221418,2025-08-05,looks different to photo,,refund
R8813,543658,ORD-221051,01.04.25,damaged in transit,30.36,Store credit
R8814,504072,ORD-201998,2025-12-29,looks different to photo,34.08,REFUND
R8815,517076,ORD-208275,2026-09-30,no longer needed,17.90,refund
R8816,519717,ORD-209534,2026-05-07,changed mind,51.71,Exchange
R8817,540075,ORD-219351,2026-07-22,too small,59.18,Exchange
R8818,512668,ORD-206165,2026-08-03,didnt fit,81.56,Refund
R8819,531980,ORD-215444,2025-10-14,too small,51.09,REFUND
R8820,537005,ORD-217908,2026-07-20,looks different to photo,16.28,REFUND
R8821,530098,ORD-214551,2026-01-20,box crushed,20.76,REFUND
R8822,538611,ORD-218670,,zip broke,80.65,REFUND
R8823,538051,ORD-218401,2024-05-29,changed mind,182.54,refund
R8824,544525,ORD-221466,2026-02-19,stitching came apart,49.69,Refund
R8825,530032,ORD-214521,2024-12-15,colour different,29.67,REFUND
R8826,501239,ORD-200590,2026-01-18,,30.63,Store credit
R8827,523773,ORD-211514,2026-02-02,too big,77.18,Refund
R8828,546211,ORD-222305,2026-01-06,found cheaper,190.29,Refund
R8829,540727,ORD-219664,2025-11-19,stitching came apart,81.56,Store credit
R8830,501628,ORD-200794,11-29-2025,didnt fit,125.03,Refund
R8831,510325,ORD-205022,,too big,0.00,REFUND
R8832,525422,ORD-212298,"September 30, 2026",too small,77.93,Refund
R8833,511743,ORD-205727,2026-09-30,too small,33.86,REFUND
R8834,549539,ORD-223878,2026-08-02,TOO SMALL,31.11,REFUND
R8835,549685,ORD-223952,08.01.26,not as described,192.11,Exchange
R8836,527867,ORD-213488,2026-01-13,DAMAGED,81.11,Exchange
R8837,510418,ORD-205076,2024/05/27,damaged in transit,32.78,Exchange
R8838,532079,ORD-215488,2026-07-23,no longer needed,225.73,refund
R8839,537493,ORD-218137,24.01.26,faulty zip,24.89,Exchange
R8840,548912,ORD-223583,2026-08-16,too big,25.06,Exchange
R8841,527083,ORD-213102,30.09.26,Faulty,45.38,Store credit
R8842,517585,ORD-208514,2026-01-19,no longer needed,60.97,Exchange
R8843,506473,ORD-203155,09-13-2026,box crushed,92.72,Store credit
R8844,525879,ORD-212528,17 Jun 2026,changed mind,43.70,Store credit
R8845,537121,ORD-217965,2025-03-30,too small,202.06,Store credit
R8846,502775,ORD-201362,18/05/2025,too big,79.04,refund
R8847,530663,ORD-214818,2025-03-26,Faulty,,REFUND
R8848,502157,ORD-201043,2026-03-26,too big,65.10,Refund
R8849,546172,ORD-222287,2025-02-14,,22.43,refund
R8850,536675,ORD-217746,2026-04-24,found cheaper,133.71,Refund
R8851,532563,ORD-215728,2026-04-30,Faulty,61.26,REFUND
R8852,511136,ORD-205423,24/10/2025,DAMAGED,80.07,refund
R8853,502915,ORD-201438,2026-05-09,changed mind,106.06,Refund
R8854,517057,ORD-208266,2026-08-04,other,138.66,refund
R8855,549327,ORD-223772,2025-08-01,too small,89.76,Store credit
R8856,547792,ORD-223044,07-09-2024,stitching came apart,54.63,Refund
R8857,520072,ORD-209711,2026-03-26,box crushed,39.83,REFUND
R8858,514422,ORD-207032,22 Feb 2026,didn't fit,103.25,REFUND
R8859,509535,ORD-204617,28 Jun 2025,too big,153.16,Exchange
R8860,543325,ORD-220892,13 Jan 2026,didnt fit,38.97,Exchange
R8861,545526,ORD-221953,"November 07, 2024",not as described,110.10,Refund
R8862,524117,ORD-211680,04/09/2025,changed mind,41.96,Exchange
R8863,531109,ORD-215038,03 Jul 2025,too small,81.38,REFUND
R8864,540495,ORD-219554,2026-07-07,didnt fit,181.99,REFUND
R8865,535281,ORD-217071,2025-03-23,damaged in transit,56.09,refund
R8866,545166,ORD-221779,2026-08-23,too small,92.51,Exchange
R8867,519855,ORD-209605,2025-02-27,zip broke,77.37,Store credit
R8868,545976,ORD-222181,2026-03-25,TOO SMALL,31.11,Exchange
R8869,503813,ORD-201879,"July 05, 2026",bought by mistake,19.56,Refund
R8870,534935,ORD-216900,2026-03-30,TOO SMALL,45.76,refund
R8871,530072,ORD-214541,2025-11-18,damaged in transit,178.61,Store credit
R8872,536249,ORD-217548,07.06.26,changed mind,172.97,REFUND
R8873,530839,ORD-214898,"October 25, 2025",faulty zip,63.17,Refund
R8874,538218,ORD-218487,2024-11-30,too big,41.05,Refund
R8875,512218,ORD-205957,2026/05/17,NA,24.84,refund
R8876,548195,ORD-223235,11.12.25,Doesn't fit,111.35,Store credit
R8877,505142,ORD-202520,2026-08-23,,,Exchange
R8878,531708,ORD-215323,2025-06-09,arrived damaged,65.43,Exchange
R8879,506221,ORD-203037,"February 26, 2026",,42.68,refund
R8880,545098,ORD-221749,2026-09-30,didn't fit,78.16,Exchange
R8881,532325,ORD-215603,2026-06-08,TOO SMALL,182.54,Refund
R8882,532717,ORD-215799,2025-12-12,didn't fit,52.34,Refund
R8883,550989,ORD-224564,2025-10-03,looks different to photo,29.04,Exchange
R8884,524028,ORD-211640,2026-02-26,bought by mistake,28.07,REFUND
R8885,519785,ORD-209570,2024-06-23,,111.74,refund
R8886,539103,ORD-218889,2026-08-27,bought by mistake,142.62,Store credit
R8887,526513,ORD-212828,2024-12-10,DAMAGED,310.13,Store credit
R8888,529436,ORD-214243,30.09.26,leaking,40.87,Store credit
R8889,525212,ORD-212199,2026-02-18,zip broke,72.52,refund
R8890,519511,ORD-209437,2026-09-30,didn't fit,147.98,REFUND
R8891,546565,ORD-222472,2026-05-30,DAMAGED,310.13,Exchange
R8892,541582,ORD-220076,2025-10-14,didnt fit,45.38,Refund
R8893,509889,ORD-204806,2025-06-21,wrong size,73.35,Exchange
R8894,544569,ORD-221489,2025-08-09,,22.69,refund
R8895,525968,ORD-212565,2025-09-20,,43.70,Exchange
R8896,511550,ORD-205630,2026-01-30,Too Small,42.32,REFUND
R8897,526814,ORD-212976,03-30-2026,too small,29.70,REFUND
R8898,513816,ORD-206737,2025-06-01,changed mind,75.01,Store credit
R8899,543753,ORD-221098,2025-12-31,box crushed,38.69,REFUND
R8900,536011,ORD-217437,2025-12-10,stitching came apart,488.33,refund
R8901,512309,ORD-206000,09-21-2025,colour different,133.05,Exchange
R8902,515959,ORD-207744,2024-12-09,not waterproof,38.12,REFUND
R8903,530343,ORD-214670,2026-04-08,box crushed,155.46,REFUND
R8904,514205,ORD-206925,2026-04-06,colour different,5.72,Exchange
R8905,530799,ORD-214883,2025-12-15,didnt fit,89.31,refund
R8906,536801,ORD-217816,2024-08-20,zip broke,46.12,REFUND
R8907,550489,ORD-224319,2026-03-27,Doesn't fit,10.54,Refund
R8908,517227,ORD-208351,05-04-2026,didnt fit,58.23,Exchange
R8909,519184,ORD-209288,2024-12-11,not as described,30.36,Store credit
R8910,505884,ORD-202872,2026-09-23,n/a,121.91,Refund
R8911,540657,ORD-219626,2025-11-23,Doesn't fit,256.03,refund
R8912,502473,ORD-201202,2025-01-13,damaged in transit,97.70,Exchange
R8913,536782,ORD-217806,2024-02-24,TOO SMALL,19.56,REFUND
R8914,551132,ORD-224633,11 Nov 2025,didnt fit,83.68,REFUND
R8915,507199,ORD-203491,09-30-2026,too big,50.05,REFUND
R8916,524497,ORD-211859,2026/09/01,too small,178.61,Store credit
R8917,512058,ORD-205874,2026/03/07,,16.39,Exchange
R8918,520238,ORD-209791,19/07/2025,colour different,132.84,Exchange
R8919,504450,ORD-202189,2025-08-07,no longer needed,22.38,Refund
R8920,530494,ORD-214738,30/08/2026,not waterproof,135.75,Store credit
R8921,525312,ORD-212245,2026-09-10,not waterproof,152.23,Refund
R8922,543628,ORD-221038,"August 25, 2026",damaged in transit,91.00,REFUND
R8923,545979,ORD-222183,2026-03-06,damaged in transit,58.72,Exchange
R8924,525151,ORD-212169,2025-04-18,too small,310.13,refund
R8925,505476,ORD-202675,2024-02-20,changed mind,304.52,refund
R8926,502591,ORD-201261,2025-08-31,looks different to photo,92.24,refund
R8927,547358,ORD-222839,2026-08-28,DAMAGED,22.75,REFUND
R8928,516911,ORD-208193,22 Jul 2025,wrong size,28.92,REFUND
R8929,522389,ORD-210837,2026-07-23,looks different to photo,106.94,Exchange
R8930,551867,ORD-224986,2024/12/29,not as described,60.95,REFUND
R8931,523516,ORD-211380,2026-07-18,box crushed,23.74,refund
R8932,507854,ORD-203806,2025-08-08,Doesn't fit,66.94,refund
R8933,540253,ORD-219436,"February 18, 2025",box crushed,110.10,refund
R8934,533314,ORD-216099,2025-09-02,found cheaper,51.75,refund
R8935,540184,ORD-219399,,Doesn't fit,155.06,refund
R8936,531872,ORD-215395,2025-12-29,didnt fit,39.58,Refund
R8937,544984,ORD-221696,12-23-2025,TOO SMALL,225.73,Refund
R8938,528632,ORD-213859,"December 29, 2024",,137.65,refund
R8939,539580,ORD-219120,"December 22, 2024",faulty zip,5.55,Store credit
R8940,509210,ORD-204462,26.01.26,,121.91,Store credit
R8941,525600,ORD-212386,03/06/2026,,9.80,Refund
R8942,544734,ORD-221569,2024-12-02,box crushed,47.34,Store credit
R8943,510973,ORD-205341,30.05.25,not as described,223.48,REFUND
R8944,537188,ORD-217996,2024-05-16,looks different to photo,185.64,REFUND
R8945,545232,ORD-221818,2025-09-02,leaking,173.32,refund
R8946,528138,ORD-213622,2026-09-30,,129.59,refund
R8947,514634,ORD-207124,2026-09-30,box crushed,51.75,Exchange
R8948,524165,ORD-211705,2026-07-10,damaged in transit,276.21,REFUND
R8949,551887,ORD-224993,2026-06-26,other,100.09,Exchange
R8950,505626,ORD-202747,2025-12-13,,73.35,Store credit
R8951,521992,ORD-210648,18.02.26,looks different to photo,132.05,refund
R8952,516053,ORD-207785,2024-07-09,Too Small,58.34,Refund
R8953,539463,ORD-219070,2026-08-28,found cheaper,37.51,Refund
R8954,551743,ORD-224931,2026-03-12,leaking,181.99,Refund
R8955,538404,ORD-218565,unknown,Doesn't fit,76.58,refund
R8956,513573,ORD-206615,2025-08-27,damaged in transit,35.62,Refund
R8957,507768,ORD-203760,2025-11-23,didn't fit,124.31,Exchange
R8958,541191,ORD-219895,2026-01-16,Faulty,51.09,Refund
R8959,549246,ORD-223734,04 Nov 2024,too small,67.31,refund
R8960,502585,ORD-201259,2025-02-27,faulty zip,89.76,REFUND
R8961,540083,ORD-219354,2025-12-12,n/a,28.95,Exchange
R8962,520605,ORD-209967,2025-06-16,didn't fit,129.59,Refund
R8963,541040,ORD-219826,2026-04-20,TOO SMALL,58.72,refund
R8964,538906,ORD-218813,2025-03-27,Faulty,19.64,refund
R8965,504194,ORD-202056,2026-03-30,bought by mistake,44.87,refund
R8966,548990,ORD-223619,2026-02-04,box crushed,48.24,refund
R8967,513021,ORD-206346,2025-06-27,found cheaper,22.37,Store credit
R8968,546760,ORD-222560,2025-12-21,,145.19,Exchange
R8969,507970,ORD-203865,2025/12/05,Faulty,74.39,Refund
R8970,551364,ORD-224751,2025-06-20,bought by mistake,182.54,Refund
R8971,527709,ORD-213408,2026/06/12,too big,142.34,refund
R8972,527407,ORD-213258,01-14-2026,not as described,44.76,Store credit
R8973,506488,ORD-203162,2026-09-26,zip broke,48.79,REFUND
R8974,533300,ORD-216094,"April 21, 2026",zip broke,46.85,Exchange
R8975,519151,ORD-209275,2025-08-07,wrong size,138.32,refund
R8976,500666,ORD-200307,2025-09-07,stitching came apart,60.97,Refund
R8977,517709,ORD-208566,2024-11-25,box crushed,142.89,Store credit
R8978,544508,ORD-221457,"July 10, 2026",didn't fit,49.69,Exchange
R8979,531056,ORD-215012,2025-05-21,found cheaper,6.10,Refund
R8980,513939,ORD-206802,07-18-2025,changed mind,22.37,Refund
R8981,501613,ORD-200785,15 Oct 2025,Too Small,103.25,Refund
R8982,525650,ORD-212411,2026-06-12,didn't fit,132.84,refund
R8983,517849,ORD-208638,2026-05-26,damaged in transit,,Refund
R8984,542919,ORD-220700,2026-08-02,Doesn't fit,35.90,refund
R8985,538887,ORD-218801,,not as described,73.35,Refund
R8986,537312,ORD-218054,2025/07/10,found cheaper,191.58,Store credit
R8987,534539,ORD-216704,2025-06-20,no longer needed,0.00,REFUND
R8988,535087,ORD-216968,13.11.25,Too Small,72.59,REFUND
R8989,514771,ORD-207187,2026-09-30,see email,48.60,refund
R8990,546115,ORD-222259,13/01/2026,arrived damaged,76.24,refund
R8991,511285,ORD-205494,2026-02-24,zip broke,71.17,Store credit
R8992,513326,ORD-206501,2025-12-12,,245.90,Store credit
R8993,538499,ORD-218614,2026-02-17,TOO SMALL,110.10,Store credit
R8994,501070,ORD-200507,2025-09-05,too small,46.98,Exchange
R8995,530987,ORD-214972,04-15-2026,changed mind,81.38,Refund
R8996,527806,ORD-213454,2025-09-25,stitching came apart,185.02,Exchange
R8997,542812,ORD-220649,2026-07-09,stitching came apart,45.48,Refund
R8998,501144,ORD-200542,2024-03-21,Doesn't fit,56.09,Refund
R8999,534358,ORD-216604,2026-04-02,arrived damaged,131.45,REFUND
R9000,502589,ORD-201261,2025-09-13,didnt fit,126.46,refund
R9001,503950,ORD-201939,2025-08-12,too small,92.72,Refund
R9002,516533,ORD-208012,2024-12-07,stitching came apart,167.14,Store credit
R9003,507351,ORD-203558,2026-09-09,see email,89.75,refund
R9004,544481,ORD-221439,2026-07-16,changed mind,245.63,REFUND
R9005,515642,ORD-207591,12.01.25,Too Small,63.17,refund
R9006,505315,ORD-202602,2025/12/31,zip broke,16.28,refund
R9007,528343,ORD-213718,07 Jul 2025,,139.19,Store credit
R9008,539490,ORD-219082,2025-12-27,didnt fit,74.39,Exchange
R9009,520750,ORD-210039,2025-12-29,wrong size,135.10,Refund
R9010,534660,ORD-216763,05-30-2026,TOO SMALL,22.88,Exchange
R9011,513656,ORD-206657,2025-02-03,too big,49.69,refund
R9012,510545,ORD-205138,2025-12-12,Doesn't fit,47.34,Store credit
R9013,532952,ORD-215916,2025-11-19,,184.48,Exchange
R9014,529201,ORD-214128,2026-05-15,wrong size,19.75,Refund
R9015,549145,ORD-223690,2026-06-03,TOO SMALL,58.72,Exchange
R9016,502807,ORD-201377,2026-05-11,,,refund
R9017,533473,ORD-216175,2026-09-02,DAMAGED,76.58,Store credit
R9018,500750,ORD-200352,2026-09-30,changed mind,30.36,Exchange
R9019,544218,ORD-221317,2025/05/27,leaking,39.75,refund
R9020,520198,ORD-209773,2025-12-11,wrong size,245.90,refund
R9021,530929,ORD-214946,"September 18, 2026",Doesn't fit,82.09,REFUND
R9022,520228,ORD-209786,25.07.25,too small,112.19,REFUND
R9023,528818,ORD-213947,2024-09-01,faulty zip,431.30,Refund
R9024,500833,ORD-200395,"July 12, 2026",,15.31,refund
R9025,525909,ORD-212542,12-13-2025,,42.60,refund
R9026,531830,ORD-215377,2026-08-24,Faulty,46.12,REFUND
R9027,544594,ORD-221502,2025-01-03,zip broke,19.91,REFUND
R9028,526134,ORD-212641,2024-05-14,found cheaper,155.46,Exchange
R9029,501576,ORD-200765,2026-01-06,not waterproof,6.58,Exchange
R9030,505037,ORD-202473,2025-11-08,arrived damaged,22.69,Store credit
R9031,507492,ORD-203631,"November 14, 2024",faulty zip,185.64,Exchange
R9032,517881,ORD-208656,2026-08-16,too big,33.66,Store credit
R9033,509863,ORD-204788,2026-08-25,wrong size,70.86,REFUND
R9034,503852,ORD-201895,2026/01/16,Too Small,11.35,REFUND
R9035,530849,ORD-214904,2026-01-04,changed mind,312.22,REFUND
R9036,546671,ORD-222522,2024-11-18,,48.80,Exchange
R9037,540578,ORD-219592,"March 17, 2026",TOO SMALL,17.90,Exchange
R9038,538287,ORD-218516,18.03.26,not waterproof,8.76,refund
R9039,524266,ORD-211754,,wrong size,123.12,Store credit
R9040,512513,ORD-206096,29.03.25,changed mind,33.45,Refund
R9041,515699,ORD-207621,05 Mar 2026,wrong size,200.05,REFUND
R9042,505798,ORD-202832,2026-04-29,leaking,158.08,Exchange
R9043,542440,ORD-220479,2024-10-05,box crushed,40.87,REFUND
R9044,532670,ORD-215774,2026-01-10,leaking,4.38,Exchange
R9045,516592,ORD-208041,2024-11-09,,,REFUND
R9046,508195,ORD-203974,05-07-2026,bought by mistake,190.29,Refund
R9047,545988,ORD-222188,2026-09-15,zip broke,177.44,refund
R9048,514096,ORD-206873,01.02.25,,32.78,Store credit
R9049,500970,ORD-200461,2026-06-10,damaged in transit,172.97,Store credit
R9050,535467,ORD-217162,2026-01-19,didnt fit,103.25,Store credit
R9051,540735,ORD-219668,06-04-2026,changed mind,122.95,Refund
R9052,506069,ORD-202962,2026-07-18,TOO SMALL,14.84,Store credit
R9053,501355,ORD-200651,"July 23, 2026",too small,145.19,refund
R9054,523980,ORD-211617,17 Mar 2026,n/a,48.60,Store credit
R9055,515062,ORD-207330,2026-07-06,didnt fit,11.10,REFUND
R9056,501063,ORD-200504,2026-07-02,too small,40.87,refund
R9057,540681,ORD-219640,2026-09-30,bought by mistake,34.69,refund
R9058,534967,ORD-216918,2026-03-08,no longer needed,185.57,Refund
R9059,534161,ORD-216503,2026-03-08,-,104.27,Store credit
R9060,503056,ORD-201508,2026-07-17,Faulty,19.91,Refund
R9061,527463,ORD-213282,2026-09-30,wrong size,97.45,Refund
R9062,536631,ORD-217729,2024-06-29,changed mind,88.72,Store credit
R9063,506510,ORD-203172,"February 06, 2025",changed mind,9.80,refund
R9064,535704,ORD-217282,2026-08-30,colour different,32.78,Refund
R9065,541270,ORD-219929,2024-10-02,damaged in transit,17.90,Refund
R9066,522732,ORD-211007,2026-02-10,colour different,59.40,REFUND
R9067,544096,ORD-221258,2026-04-24,no longer needed,310.13,Exchange
R9068,516173,ORD-207840,2025-05-06,DAMAGED,38.12,REFUND
R9069,550126,ORD-224150,2024-10-08,,83.42,Exchange
R9070,534974,ORD-216922,08-11-2026,no longer needed,11.19,REFUND
R9071,525885,ORD-212530,11-11-2025,didn't fit,22.69,refund
R9072,507394,ORD-203578,08 May 2026,wrong size,106.06,Refund
R9073,529709,ORD-214363,06 Apr 2026,TOO SMALL,47.53,Store credit
R9074,526767,ORD-212953,2024-07-26,,44.87,Store credit
R9075,502025,ORD-200984,,stitching came apart,27.32,REFUND
R9076,539506,ORD-219092,24.03.26,didnt fit,44.76,refund
R9077,530387,ORD-214687,2025-08-01,see email,61.90,REFUND
R9078,540400,ORD-219506,2026-06-10,other,301.73,refund
R9079,524439,ORD-211833,2025-07-30,too small,,Refund
R9080,540424,ORD-219517,2026-05-16,-,41.52,Store credit
R9081,551546,ORD-224839,11-20-2025,faulty zip,73.35,Exchange
R9082,524980,ORD-212090,2026-08-13,didnt fit,38.29,Exchange
R9083,527281,ORD-213197,2026-02-20,Too Small,137.94,Exchange
R9084,516158,ORD-207832,2025-05-20,box crushed,14.84,Store credit
R9085,535371,ORD-217116,2025/11/18,wrong size,6.10,Store credit
R9086,522478,ORD-210889,2024-12-28,found cheaper,58.72,Exchange
R9087,539082,ORD-218878,"February 19, 2026",no longer needed,92.28,Store credit
R9088,540867,ORD-219737,2025-11-20,no longer needed,6.58,refund
R9089,546239,ORD-222315,2025/05/19,DAMAGED,97.59,Store credit
R9090,544530,ORD-221467,2024/03/21,didnt fit,190.29,REFUND
R9091,531352,ORD-215151,30/09/2026,bought by mistake,38.83,Exchange
R9092,518485,ORD-208957,2026-06-10,damaged in transit,153.69,refund
R9093,526200,ORD-212671,2026/05/14,damaged in transit,47.34,refund
R9094,510200,ORD-204955,2025-03-25,too small,177.44,Exchange
R9095,532965,ORD-215922,2025-05-26,leaking,58.23,Exchange
R9096,542443,ORD-220480,2025-05-05,found cheaper,71.81,Exchange
R9097,511143,ORD-205426,2026-09-03,Faulty,0.00,REFUND
R9098,505012,ORD-202460,2025-11-20,arrived damaged,34.50,Exchange
R9099,541333,ORD-219958,2025-10-21,faulty zip,161.65,Exchange
R9100,526934,ORD-213036,2026-06-11,Too Small,97.58,REFUND
R9101,505921,ORD-202893,2025-07-31,,133.17,REFUND
R9102,545668,ORD-222028,2024-11-16,didn't fit,42.68,Exchange
R9103,544672,ORD-221541,2024-09-17,Doesn't fit,58.02,Store credit
R9104,542737,ORD-220616,07/05/2025,bought by mistake,42.68,Store credit
R9105,547050,ORD-222689,"March 11, 2025",didn't fit,106.06,Refund
R9106,528802,ORD-213940,2025-01-14,too big,31.11,refund
R9107,502072,ORD-201004,12 Jul 2025,didnt fit,51.71,REFUND
R9108,503015,ORD-201487,2026-07-21,,84.44,refund
R9109,549927,ORD-224058,2024-12-24,Too Small,19.64,REFUND
R9110,549805,ORD-224009,2026-08-31,not waterproof,28.95,REFUND
R9111,523130,ORD-211195,"January 15, 2026",damaged in transit,121.20,Refund
R9112,539611,ORD-219135,2024-03-29,colour different,,Store credit
R9113,530703,ORD-214836,2025-12-04,wrong size,312.22,Exchange
R9114,510140,ORD-204927,15/01/2026,didnt fit,54.57,REFUND
R9115,537266,ORD-218031,2025-03-24,not as described,139.14,Store credit
R9116,518727,ORD-209076,2024-09-03,looks different to photo,661.61,REFUND
R9117,517001,ORD-208241,2024-12-04,Too Small,52.45,refund
R9118,548852,ORD-223558,03-19-2024,box crushed,60.60,refund
R9119,540347,ORD-219478,"March 15, 2025",looks different to photo,69.57,REFUND
R9120,544172,ORD-221300,17/09/2026,TOO SMALL,36.38,Store credit
R9121,516861,ORD-208165,2026-06-22,too big,92.28,Exchange
R9122,517323,ORD-208394,2026-08-09,faulty zip,190.29,refund
R9123,549458,ORD-223841,2026-07-22,box crushed,6.58,Exchange
R9124,503684,ORD-201809,2025-10-06,box crushed,58.34,Refund
R9125,539452,ORD-219067,2026-09-30,damaged in transit,32.72,Exchange
R9126,515153,ORD-207375,2025-12-09,too big,40.87,REFUND
R9127,527340,ORD-213226,2025-12-08,Faulty,112.19,Refund
R9128,514332,ORD-206988,2026-05-20,found cheaper,153.20,refund
R9129,528590,ORD-213837,2025-06-09,Doesn't fit,223.48,REFUND
R9130,547192,ORD-222763,2025-03-21,stitching came apart,43.66,Store credit
R9131,510226,ORD-204969,2026-05-10,Too Small,79.28,REFUND
R9132,506117,ORD-202991,2025-09-01,n/a,44.79,refund
R9133,538509,ORD-218619,2025-07-11,looks different to photo,80.07,refund
R9134,550060,ORD-224119,2026-08-09,didnt fit,19.56,Store credit
R9135,513759,ORD-206706,2024-02-28,found cheaper,61.90,REFUND
R9136,503869,ORD-201901,2024-09-18,didnt fit,22.69,Store credit
R9137,502448,ORD-201191,30/09/2026,zip broke,67.88,Exchange
R9138,521938,ORD-210625,2024-11-29,Faulty,76.58,Exchange
R9139,547766,ORD-223031,23.09.24,wrong size,93.71,Store credit
R9140,517764,ORD-208593,2026-08-10,DAMAGED,131.45,refund
R9141,515641,ORD-207591,2025/01/07,not waterproof,37.20,REFUND
R9142,510046,ORD-204884,2026-09-30,faulty zip,66.90,Refund
R9143,505913,ORD-202888,01-26-2026,box crushed,178.78,REFUND
R9144,529938,ORD-214473,2025-06-03,too small,131.45,Refund
R9145,530421,ORD-214701,20/04/2026,zip broke,41.52,Exchange
R9146,514812,ORD-207209,2026-04-07,Faulty,39.75,Store credit
R9147,537325,ORD-218060,2026-04-24,,36.90,Store credit
R9148,517016,ORD-208249,2026-06-13,zip broke,121.99,Store credit
R9149,500133,ORD-200068,2025-11-29,wrong size,158.08,Store credit
R9150,507667,ORD-203714,2026-07-24,not as described,142.34,Exchange
R9151,503773,ORD-201860,05-18-2026,not as described,33.45,refund
R9152,523588,ORD-211416,2024-11-29,box crushed,32.23,refund
R9153,501453,ORD-200704,2025-10-16,zip broke,239.47,refund
R9154,505679,ORD-202772,2026-07-29,TOO SMALL,81.56,Refund
R9155,512814,ORD-206238,2026-02-24,,59.18,Store credit
R9156,547953,ORD-223125,27.09.25,bought by mistake,43.13,Exchange
R9157,536454,ORD-217643,2026-08-24,faulty zip,76.58,refund
R9158,503167,ORD-201558,2024-12-25,,3.58,REFUND
R9159,532516,ORD-215701,2026-01-16,DAMAGED,185.02,Store credit
R9160,520105,ORD-209724,2026-02-13,colour different,106.65,refund
R9161,529020,ORD-214045,12-03-2025,damaged in transit,51.75,Exchange
R9162,532540,ORD-215713,2025-07-10,didn't fit,151.11,Exchange
R9163,526791,ORD-212966,2026-08-06,didn't fit,131.45,Store credit
R9164,529221,ORD-214139,2026-09-29,wrong size,78.07,Exchange
R9165,546090,ORD-222244,,zip broke,31.59,Store credit
R9166,511823,ORD-205760,2026-09-06,didnt fit,168.87,refund
R9167,525320,ORD-212250,2026-07-25,Faulty,11.19,Store credit
R9168,541547,ORD-220060,05-09-2026,Faulty,96.48,Exchange
R9169,521735,ORD-210531,2026-07-27,leaking,138.32,refund
R9170,527139,ORD-213133,15/11/2025,leaking,301.73,refund
R9171,538238,ORD-218497,2025-07-22,changed mind,245.63,refund
R9172,531619,ORD-215283,2026-09-30,Too Small,131.45,Store credit
R9173,509147,ORD-204434,2025-10-03,damaged in transit,38.02,Exchange
R9174,544387,ORD-221399,2025-08-14,not waterproof,78.07,REFUND
R9175,535894,ORD-217375,07 Jul 2026,looks different to photo,295.96,REFUND
R9176,512806,ORD-206233,2025-12-11,zip broke,112.86,Refund
R9177,509193,ORD-204454,2026-08-26,TOO SMALL,106.65,Store credit
R9178,502273,ORD-201102,2025-09-29,damaged in transit,77.62,refund
R9179,503653,ORD-201787,2025-08-01,didn't fit,304.52,REFUND
R9180,539676,ORD-219167,2026-07-28,box crushed,54.63,refund
R9181,550606,ORD-224373,2025-08-20,zip broke,59.18,Store credit
R9182,524779,ORD-211996,2025-11-01,looks different to photo,142.34,refund
R9183,520665,ORD-209993,27/06/2026,,82.09,Refund
R9184,521435,ORD-210378,2026-09-02,didn't fit,1314.50,Refund
R9185,516144,ORD-207825,2025-12-03,looks different to photo,18.20,Exchange
R9186,532572,ORD-215731,,box crushed,72.52,Store credit
R9187,538001,ORD-218383,30.09.26,didn't fit,225.73,Exchange
R9188,546142,ORD-222272,2025-08-02,n/a,97.59,Store credit
R9189,541371,ORD-219974,0000-00-00,changed mind,236.77,REFUND
R9190,551409,ORD-224774,2025-02-15,Too Small,285.23,REFUND
R9191,508694,ORD-204210,2025-02-09,,65.10,REFUND
R9192,528519,ORD-213806,2025-04-17,,20.05,REFUND
R9193,501754,ORD-200846,2025-10-07,no longer needed,190.29,refund
R9194,534937,ORD-216901,2026-06-18,Doesn't fit,66.58,REFUND
R9195,525840,ORD-212507,2025-12-02,n/a,8.76,Exchange
R9196,545853,ORD-222119,"September 30, 2026",-,51.75,Refund
R9197,532381,ORD-215632,2025-08-21,,23.23,REFUND
R9198,511035,ORD-205373,2025/12/10,-,44.87,Store credit
R9199,549274,ORD-223746,2026/02/01,n/a,29.17,Refund
R9200,542398,ORD-220464,2026-05-11,stitching came apart,43.66,refund
R9201,550846,ORD-224492,2026-01-19,Faulty,15.74,REFUND
R9202,522666,ORD-210979,2025-09-15,Faulty,60.97,Exchange
R9203,521696,ORD-210510,2026-03-18,arrived damaged,50.70,Store credit
R9204,505271,ORD-202581,,box crushed,9.80,Refund
R9205,516346,ORD-207933,2024-10-13,,92.28,Store credit
R9206,507509,ORD-203637,2025-05-08,not waterproof,69.59,Store credit
R9207,523171,ORD-211216,0000-00-00,looks different to photo,190.29,REFUND
R9208,544923,ORD-221665,2025-03-17,no longer needed,65.72,refund
R9209,503105,ORD-201528,2025-01-14,,122.95,Refund
R9210,503208,ORD-201578,2026-07-30,Too Small,72.59,Store credit
R9211,504157,ORD-202036,2024-06-08,box crushed,89.76,REFUND
R9212,521564,ORD-210445,2025-12-10,didn't fit,43.13,Refund
R9213,528202,ORD-213650,2026-07-30,arrived damaged,61.90,refund
R9214,516593,ORD-208042,2026-04-23,too small,65.43,Store credit
R9215,523262,ORD-211262,2025/10/12,wrong size,,Exchange
R9216,511540,ORD-205626,2025/11/30,changed mind,94.44,Exchange
R9217,511407,ORD-205558,07-16-2025,box crushed,45.76,REFUND
R9218,541573,ORD-220072,2025-01-09,damaged in transit,15.18,Store credit
R9219,517870,ORD-208650,11-26-2024,box crushed,42.32,Store credit
R9220,525849,ORD-212513,03 Jul 2026,bought by mistake,65.43,Refund
R9221,543999,ORD-221213,2025/03/13,Doesn't fit,33.74,REFUND
R9222,509452,ORD-204575,2026-08-31,damaged in transit,48.60,Store credit
R9223,537858,ORD-218321,03/01/2026,not waterproof,245.90,refund
R9224,549591,ORD-223900,2026/01/01,damaged in transit,41.84,Exchange
R9225,545214,ORD-221810,2026-01-17,not as described,168.87,REFUND
R9226,548412,ORD-223337,2025-09-08,faulty zip,77.96,REFUND
R9227,522136,ORD-210718,2026-08-10,Doesn't fit,66.91,Exchange
R9228,522316,ORD-210804,27 Sep 2025,wrong size,184.48,refund
R9229,535489,ORD-217172,2025-05-31,-,22.43,Exchange
R9230,551234,ORD-224684,2026/01/26,zip broke,53.48,Store credit
R9231,549678,ORD-223948,2026-01-18,wrong size,24.73,refund
R9232,519170,ORD-209283,2025-07-14,not as described,45.76,Exchange
R9233,530941,ORD-214950,2026-04-12,bought by mistake,39.58,REFUND
R9234,532499,ORD-215689,"September 30, 2026",other,121.20,refund
R9235,514755,ORD-207180,2025-09-16,didnt fit,83.64,Refund
R9236,528518,ORD-213806,2025-04-02,too big,23.16,Store credit
R9237,512093,ORD-205891,2026-04-21,faulty zip,139.19,REFUND
R9238,509615,ORD-204660,08 Aug 2026,box crushed,46.67,Exchange
R9239,548485,ORD-223375,2026-06-26,NA,77.37,Exchange
R9240,501089,ORD-200517,2025-09-24,didnt fit,29.23,REFUND
R9241,545345,ORD-221867,2026-07-11,Faulty,58.68,refund
R9242,551051,ORD-224597,2025-01-10,too big,38.02,Refund
R9243,526939,ORD-213038,2026-06-20,-,42.32,refund
R9244,527714,ORD-213413,2025-02-06,too big,133.05,Exchange
R9245,502917,ORD-201438,04-25-2026,,44.76,Refund
R9246,547426,ORD-222871,2024-12-01,found cheaper,33.22,Exchange
R9247,511844,ORD-205771,2026-01-05,TOO SMALL,310.13,Store credit
R9248,515506,ORD-207523,12 May 2025,box crushed,192.11,refund
R9249,519597,ORD-209479,2026-03-20,,33.22,Refund
R9250,516315,ORD-207919,2026-05-14,DAMAGED,276.21,REFUND
R9251,518150,ORD-208796,2026-04-07,colour different,48.24,Store credit
R9252,524214,ORD-211731,2026/06/07,didn't fit,77.37,Store credit
R9253,539628,ORD-219142,2026-06-23,Faulty,51.57,refund
R9254,516087,ORD-207801,2025-12-09,Doesn't fit,88.57,Store credit
R9255,525271,ORD-212225,2024-12-18,didn't fit,24.29,REFUND
R9256,534880,ORD-216875,28/07/2025,damaged in transit,66.90,Refund
R9257,503311,ORD-201628,2024-09-18,leaking,70.86,Exchange
R9258,517526,ORD-208488,2026-09-09,TOO SMALL,64.46,Store credit
R9259,519023,ORD-209207,24.01.26,didn't fit,57.84,Refund
R9260,514791,ORD-207198,13/08/2026,found cheaper,48.80,Store credit
R9261,526359,ORD-212752,2026-04-24,didnt fit,185.64,REFUND
R9262,538902,ORD-218810,2026-09-30,zip broke,80.65,Refund
R9263,523698,ORD-211474,2024-09-18,too big,129.59,Exchange
R9264,501259,ORD-200604,14/07/2026,n/a,43.13,REFUND
R9265,548110,ORD-223199,2026-08-23,didnt fit,184.48,refund
R9266,522248,ORD-210773,2024-12-30,too small,53.70,Refund
R9267,500687,ORD-200318,2026-06-22,Doesn't fit,75.01,Exchange
R9268,538606,ORD-218668,2026-05-28,too big,20.05,Exchange
R9269,516501,ORD-207999,2026-05-31,too small,129.59,Store credit
R9270,544099,ORD-221260,2025-11-10,,14.52,Exchange
R9271,517669,ORD-208547,2026-02-10,TOO SMALL,131.45,REFUND
R9272,543125,ORD-220803,2026-05-09,didnt fit,23.38,Exchange
R9273,546620,ORD-222494,2026-08-17,not as described,196.72,Store credit
R9274,534882,ORD-216876,2026-07-29,TOO SMALL,28.92,REFUND
R9275,550342,ORD-224248,0000-00-00,found cheaper,92.72,Refund
R9276,523203,ORD-211232,2026-01-01,Faulty,228.17,refund
R9277,528629,ORD-213857,2024-09-26,see email,275.89,Store credit
R9278,517883,ORD-208657,2025-10-05,n/a,44.28,refund
R9279,535959,ORD-217411,2025-11-30,Too Small,59.18,Store credit
R9280,513277,ORD-206475,2025-01-21,Doesn't fit,32.56,REFUND
R9281,537212,ORD-218008,2026/05/10,Doesn't fit,54.57,REFUND
R9282,516091,ORD-207802,2025-11-12,looks different to photo,41.52,REFUND
R9283,536793,ORD-217812,2026-04-23,leaking,150.10,Store credit
R9284,545281,ORD-221840,2025-12-14,,131.45,Refund
R9285,545503,ORD-221942,2025-03-10,not waterproof,64.46,refund
R9286,536797,ORD-217814,"February 27, 2026",Faulty,76.58,Store credit
R9287,542265,ORD-220402,2025-05-19,didn't fit,312.22,Refund
R9288,523845,ORD-211551,2025-12-10,box crushed,72.52,refund
R9289,545675,ORD-222031,09 Oct 2025,too small,7.84,Exchange
R9290,523630,ORD-211437,2025-03-04,Doesn't fit,111.31,Exchange
R9291,511686,ORD-205698,16/12/2025,Doesn't fit,60.01,Exchange
R9292,519030,ORD-209211,2026-08-21,damaged in transit,66.85,Exchange
R9293,551644,ORD-224885,2025-12-11,no longer needed,18.27,REFUND
R9294,501045,ORD-200497,30 Sep 2026,arrived damaged,69.57,REFUND
R9295,503976,ORD-201948,2026-09-30,,29.04,Refund
R9296,523765,ORD-211510,2026-06-24,not as described,48.60,Store credit
R9297,534753,ORD-216809,2024/08/19,wrong size,53.70,Refund
R9298,540531,ORD-219570,02/03/2026,Doesn't fit,285.23,Store credit
R9299,544310,ORD-221361,2026-06-10,didn't fit,75.01,refund
R9300,533276,ORD-216081,2024-08-13,Doesn't fit,29.59,REFUND
R9301,527293,ORD-213203,13/11/2025,zip broke,47.52,refund
R9302,545424,ORD-221902,2025-03-26,Doesn't fit,45.76,Exchange
R9303,503241,ORD-201593,25.11.25,n/a,54.57,REFUND
R9304,515321,ORD-207447,09-28-2025,didn't fit,68.83,refund
R9305,544160,ORD-221293,2024-07-31,,202.06,REFUND
R9306,529351,ORD-214199,2025-08-28,no longer needed,31.11,Exchange
R9307,542168,ORD-220357,02-27-2026,zip broke,142.34,refund
R9308,524310,ORD-211774,2024-11-14,didnt fit,131.45,refund
R9309,533945,ORD-216398,unknown,zip broke,178.61,REFUND
R9310,525487,ORD-212324,28/07/2026,not waterproof,170.39,REFUND
R9311,521781,ORD-210552,2025-08-26,n/a,93.71,Exchange
R9312,531564,ORD-215255,2025-10-18,too small,41.82,Exchange
R9313,503065,ORD-201512,2026-09-29,too small,46.12,Exchange
R9314,537535,ORD-218157,2025-11-13,too small,46.58,refund
R9315,535693,ORD-217275,2025-11-03,wrong size,38.69,REFUND
R9316,537390,ORD-218086,01-15-2026,leaking,89.31,Refund
R9317,519089,ORD-209247,2026-05-06,,167.14,refund
R9318,535262,ORD-217062,2026-07-05,didnt fit,,Store credit
R9319,514919,ORD-207261,2025-06-14,box crushed,46.98,refund
R9320,505946,ORD-202900,2026-07-10,Too Small,158.08,Refund
R9321,547874,ORD-223084,2025-09-02,leaking,36.30,Refund
R9322,519163,ORD-209280,2026-08-12,colour different,58.72,Refund
R9323,539396,ORD-219036,2026/05/23,bought by mistake,11.19,Exchange
R9324,537277,ORD-218036,2026-06-01,looks different to photo,97.59,Refund
R9325,524283,ORD-211761,2026-07-25,changed mind,52.45,REFUND
R9326,537089,ORD-217949,13/01/2026,wrong size,158.55,Store credit
R9327,506013,ORD-202935,2026-09-19,DAMAGED,18.27,Exchange
R9328,510863,ORD-205285,27.09.24,-,185.02,Store credit
R9329,518482,ORD-208956,2025-03-11,,221.31,Store credit
R9330,549672,ORD-223947,2025-12-11,didnt fit,139.14,Refund
R9331,540110,ORD-219363,2026-05-26,box crushed,96.06,refund
R9332,542399,ORD-220465,01/08/2025,arrived damaged,23.74,Store credit
R9333,531474,ORD-215209,2026-05-19,bought by mistake,94.44,Exchange
R9334,513399,ORD-206535,2024-07-03,looks different to photo,91.00,refund
R9335,529925,ORD-214466,2025-05-30,,185.64,REFUND
R9336,522767,ORD-211021,2025-01-17,not as described,76.24,REFUND
R9337,531984,ORD-215446,12.05.24,didn't fit,178.61,refund
R9338,543699,ORD-221069,03-29-2026,not waterproof,17.90,REFUND
R9339,528109,ORD-213608,2025-06-29,didn't fit,29.70,Refund
R9340,518786,ORD-209098,2026-09-08,not waterproof,81.38,refund
R9341,536587,ORD-217705,12 May 2024,found cheaper,42.68,REFUND
R9342,502094,ORD-201014,01-29-2026,see email,46.12,Store credit
R9343,519148,ORD-209273,"March 05, 2025",didnt fit,4.90,REFUND
R9344,504651,ORD-202287,2025-07-22,Doesn't fit,29.11,Exchange
R9345,528743,ORD-213912,2026-09-05,not waterproof,139.14,Exchange
R9346,502865,ORD-201411,2026-05-03,didn't fit,45.48,Refund
R9347,537074,ORD-217942,2025-06-28,found cheaper,32.56,refund
R9348,505217,ORD-202556,2025-09-30,didn't fit,132.84,Refund
R9349,504536,ORD-202232,23.12.25,didn't fit,31.11,Store credit
R9350,519378,ORD-209374,2026-03-27,faulty zip,161.65,refund
R9351,538874,ORD-218794,2025-12-18,NA,285.71,refund
R9352,526988,ORD-213058,2025-11-08,NA,173.32,refund
R9353,528284,ORD-213692,N/A,Doesn't fit,301.73,Exchange
R9354,541393,ORD-219987,2024-12-31,didnt fit,103.25,REFUND
R9355,539534,ORD-219105,2026-09-30,zip broke,33.86,Exchange
R9356,542717,ORD-220607,08.03.25,arrived damaged,40.78,Exchange
R9357,545201,ORD-221801,2025-12-02,TOO SMALL,155.62,Exchange
R9358,536044,ORD-217455,2026-06-23,didnt fit,132.84,Refund
R9359,511328,ORD-205520,2025-08-12,stitching came apart,132.84,Refund
R9360,533909,ORD-216380,2026-08-06,found cheaper,112.19,Refund
R9361,544550,ORD-221480,"September 21, 2025",,49.69,refund
R9362,509872,ORD-204796,2026-05-03,Doesn't fit,48.85,Store credit
R9363,542864,ORD-220674,2025-09-10,not as described,114.08,Store credit
R9364,521937,ORD-210624,2025-12-08,TOO SMALL,149.87,refund
R9365,515883,ORD-207704,2025/07/28,looks different to photo,45.76,Store credit
R9366,550169,ORD-224165,2024-03-08,changed mind,83.64,Exchange
R9367,551825,ORD-224969,2025-11-07,Faulty,29.17,refund
R9368,525691,ORD-212428,2024-09-30,didnt fit,54.63,Exchange
R9369,536067,ORD-217464,27.07.25,wrong size,53.70,Store credit
R9370,524292,ORD-211765,02/12/2025,bought by mistake,60.99,REFUND
R9371,531344,ORD-215147,2026-05-15,,41.40,Exchange
R9372,544849,ORD-221629,09-18-2026,Too Small,77.73,Store credit
R9373,500803,ORD-200379,"September 15, 2026",wrong size,295.96,Store credit
R9374,516766,ORD-208121,2026-07-23,too small,49.69,REFUND
R9375,534305,ORD-216570,2024-03-26,Too Small,239.47,Store credit
R9376,538709,ORD-218719,2025-06-14,Faulty,53.33,Store credit
R9377,506400,ORD-203124,2026-09-18,not as described,185.64,Store credit
R9378,529988,ORD-214498,2026-04-15,wrong size,29.23,REFUND
R9379,544943,ORD-221677,2026-03-27,damaged in transit,245.90,REFUND
R9380,536195,ORD-217522,2026-06-08,,92.28,REFUND
R9381,529553,ORD-214294,2026-04-07,arrived damaged,1819.90,Refund
R9382,520459,ORD-209897,17.05.26,box crushed,150.10,Exchange
R9383,513389,ORD-206531,2026-06-25,too big,92.28,refund
R9384,513320,ORD-206498,2025-05-06,Faulty,177.44,Refund
R9385,547243,ORD-222791,2025-04-04,stitching came apart,51.75,REFUND
R9386,535963,ORD-217414,2025-12-09,wrong size,147.58,REFUND
R9387,520371,ORD-209857,18.05.26,faulty zip,42.68,refund
R9388,539027,ORD-218856,2026-08-21,bought by mistake,44.87,Exchange
R9389,500703,ORD-200326,2024-07-31,too big,81.56,refund
R9390,532641,ORD-215760,2025-10-07,found cheaper,181.99,Refund
R9391,525010,ORD-212105,2026-02-07,not as described,196.72,Store credit
R9392,533527,ORD-216202,2025-08-26,DAMAGED,25.06,REFUND
R9393,535991,ORD-217428,2026-09-12,changed mind,29.04,Refund
R9394,546366,ORD-222378,2026-09-24,not waterproof,9.80,Store credit
R9395,504624,ORD-202275,2025-12-16,faulty zip,101.39,Refund
R9396,533459,ORD-216167,2025-12-10,didnt fit,138.32,Refund
R9397,548871,ORD-223566,2026-06-04,arrived damaged,33.66,refund
R9398,522967,ORD-211120,2025-01-08,didnt fit,80.07,Store credit
R9399,532189,ORD-215537,2026-08-10,not waterproof,16.61,Refund
R9400,524520,ORD-211872,2025/08/29,looks different to photo,24.50,REFUND
R9401,531840,ORD-215382,2026-08-14,colour different,89.76,Exchange
R9402,532702,ORD-215791,2026-08-17,didnt fit,75.01,REFUND
R9403,511050,ORD-205382,2024-05-28,not as described,28.50,Refund
R9404,530486,ORD-214735,2026-02-17,Doesn't fit,25.06,refund
R9405,525682,ORD-212422,2026-09-30,wrong size,44.87,refund
R9406,537436,ORD-218109,2025-12-30,no longer needed,79.04,Exchange
R9407,546234,ORD-222314,27 Jul 2026,didnt fit,42.32,Refund
R9408,551751,ORD-224935,2024-09-28,wrong size,47.53,Store credit
R9409,504002,ORD-201962,2026-08-28,found cheaper,155.46,REFUND
R9410,545510,ORD-221946,2026-07-10,,22.69,REFUND
R9411,504282,ORD-202103,2025-03-11,bought by mistake,225.73,Refund
R9412,538868,ORD-218791,2026-09-11,TOO SMALL,33.86,refund
R9413,549809,ORD-224011,2025-12-11,no longer needed,145.19,Exchange
R9414,517139,ORD-208310,2026-01-01,no longer needed,135.75,REFUND
R9415,505472,ORD-202673,2025-10-04,found cheaper,105.16,refund
R9416,505388,ORD-202639,2025-09-02,wrong size,245.63,refund
R9417,509607,ORD-204655,2025-02-04,didn't fit,167.14,Exchange
R9418,501132,ORD-200536,2024-09-01,wrong size,27.75,Refund
R9419,501494,ORD-200727,2024-12-18,TOO SMALL,16.39,Refund
R9420,541288,ORD-219938,2026-09-16,Doesn't fit,42.32,Refund
R9421,525655,ORD-212412,2026-05-03,damaged in transit,275.89,Exchange
R9422,519794,ORD-209574,2026-06-04,DAMAGED,142.89,refund
R9423,509406,ORD-204550,09-30-2026,Doesn't fit,54.63,Refund
R9424,547293,ORD-222812,2025-11-24,faulty zip,52.13,Exchange
R9425,532217,ORD-215551,2026-03-16,changed mind,56.14,REFUND
R9426,516877,ORD-208174,2026-03-18,not waterproof,66.90,Exchange
R9427,537657,ORD-218224,2026-05-28,Doesn't fit,301.73,Exchange
R9428,522404,ORD-210848,2025-09-25,TOO SMALL,33.22,REFUND
R9429,500821,ORD-200389,2025-11-28,changed mind,184.48,Store credit
R9430,539698,ORD-219177,2025-06-01,not waterproof,275.89,Refund
R9431,548977,ORD-223614,2026-03-06,didn't fit,18.20,REFUND
R9432,529129,ORD-214093,2025-01-27,changed mind,103.25,refund
R9433,546061,ORD-222228,2026-09-30,wrong size,44.87,Exchange
R9434,542795,ORD-220641,2025-12-21,bought by mistake,92.28,Exchange
R9435,503402,ORD-201671,2026-06-03,see email,153.69,REFUND
R9436,504674,ORD-202296,2026-09-30,arrived damaged,21.30,refund
R9437,507590,ORD-203674,"November 19, 2025",bought by mistake,31.86,Exchange
R9438,550128,ORD-224151,2025-08-20,not waterproof,92.24,refund
R9439,549472,ORD-223847,2026-04-11,Faulty,28.50,Store credit
R9440,547062,ORD-222697,2026-04-05,arrived damaged,245.90,Exchange
R9441,546084,ORD-222241,2026-02-25,wrong size,112.19,Exchange
R9442,538329,ORD-218535,2024-04-27,,112.19,Store credit
R9443,545181,ORD-221789,05-18-2026,-,39.58,Refund
R9444,504682,ORD-202299,2024-11-24,bought by mistake,28.50,Refund
R9445,511634,ORD-205670,2026-07-05,colour different,100.09,Refund
R9446,532166,ORD-215527,03-06-2026,not as described,92.72,Refund
R9447,503086,ORD-201522,2025-07-26,not as described,83.64,Store credit
R9448,514492,ORD-207059,05-17-2025,didn't fit,178.61,refund
R9449,506403,ORD-203125,,Doesn't fit,24.50,REFUND
R9450,545034,ORD-221720,,Faulty,106.65,REFUND
R9451,549702,ORD-223960,2025/01/15,too big,46.58,Store credit
R9452,511394,ORD-205551,2025-03-20,too big,66.91,Exchange
R9453,543838,ORD-221143,16/08/2026,Too Small,35.62,REFUND
R9454,509835,ORD-204772,10/04/2026,Doesn't fit,44.87,Store credit
R9455,506090,ORD-202975,"July 11, 2025",leaking,103.25,REFUND
R9456,547503,ORD-222908,"July 31, 2026",bought by mistake,74.97,Refund
R9457,510456,ORD-205091,2026-09-23,wrong size,89.76,Refund
R9458,512386,ORD-206037,2026-07-13,no longer needed,39.83,refund
R9459,546099,ORD-222251,2026-05-31,leaking,103.25,Store credit
R9460,524780,ORD-211996,2025-10-27,box crushed,167.14,Refund
R9461,537137,ORD-217973,"June 15, 2026",faulty zip,83.68,refund
R9462,513738,ORD-206696,21 Aug 2026,didn't fit,148.02,REFUND
R9463,540947,ORD-219774,"June 14, 2025",didnt fit,65.67,refund
R9464,509842,ORD-204776,2026-04-24,found cheaper,476.78,Store credit
R9465,529302,ORD-214178,2026-09-15,didnt fit,38.29,refund
R9466,534813,ORD-216844,2026-08-07,Too Small,139.14,Refund
R9467,533591,ORD-216233,2025-01-26,Too Small,38.02,REFUND
R9468,551552,ORD-224843,2026-05-21,Too Small,249.78,REFUND
R9469,549106,ORD-223673,17 Jun 2026,looks different to photo,54.57,Refund
R9470,551527,ORD-224830,2024-06-13,didn't fit,9.80,REFUND
R9471,512711,ORD-206188,22.04.26,damaged in transit,49.69,refund
R9472,515728,ORD-207634,2026-05-17,arrived damaged,29.22,Exchange
R9473,526610,ORD-212874,"September 01, 2026",too big,33.74,REFUND
R9474,544438,ORD-221419,14 Dec 2024,TOO SMALL,56.09,Refund
R9475,511284,ORD-205494,0000-00-00,n/a,11.35,refund
R9476,531520,ORD-215234,2026-07-30,TOO SMALL,41.37,REFUND
R9477,549050,ORD-223648,2025-08-30,stitching came apart,70.86,Store credit
R9478,505379,ORD-202636,2026-02-06,zip broke,220.20,Exchange
R9479,526428,ORD-212790,06/09/2025,arrived damaged,223.48,Store credit
R9480,524457,ORD-211842,,bought by mistake,13.17,Store credit
R9481,536655,ORD-217738,14/07/2026,wrong size,191.50,Exchange
R9482,513696,ORD-206679,"November 15, 2025",Doesn't fit,116.15,Refund
R9483,538771,ORD-218748,2025-12-27,too small,44.87,REFUND
R9484,540671,ORD-219636,2025-02-05,zip broke,73.35,Refund
R9485,530267,ORD-214633,2025-01-26,colour different,52.45,Store credit
R9486,504299,ORD-202112,2026-05-17,faulty zip,0.00,Store credit
R9487,502512,ORD-201221,"December 26, 2025",box crushed,94.44,refund
R9488,523802,ORD-211530,2026-06-07,wrong size,36.54,Refund
R9489,532727,ORD-215804,2026-04-03,wrong size,44.28,Exchange
R9490,502425,ORD-201183,2024-09-26,didn't fit,10.54,REFUND
R9491,502201,ORD-201062,2026-04-14,Doesn't fit,11.38,refund
R9492,505782,ORD-202822,2026-06-02,,22.75,REFUND
R9493,535658,ORD-217259,2025-05-09,zip broke,153.16,Refund
R9494,510067,ORD-204892,2025-11-08,box crushed,177.44,Refund
R9495,510906,ORD-205310,2025/10/10,didnt fit,57.84,Store credit
R9496,522134,ORD-210718,2026-08-19,not waterproof,44.87,REFUND
R9497,519110,ORD-209256,24/05/2026,colour different,63.17,Store credit
R9498,528696,ORD-213889,2026-07-14,changed mind,35.81,refund
R9499,509892,ORD-204808,2026-01-26,too big,73.35,Store credit
R9500,546695,ORD-222531,2025-05-23,didnt fit,167.14,Store credit
R9501,530763,ORD-214864,08-01-2024,Faulty,106.06,Exchange
R9502,542460,ORD-220489,2025-09-09,Faulty,11.38,Exchange
R9503,514248,ORD-206948,2025-12-15,too small,29.59,Store credit
R9504,502641,ORD-201290,2024-03-10,not waterproof,52.45,refund
R9505,528374,ORD-213733,2026-08-24,damaged in transit,94.44,Exchange
R9506,544619,ORD-221515,18/05/2026,bought by mistake,68.83,refund
R9507,521742,ORD-210535,2025-11-02,TOO SMALL,40.87,REFUND
R9508,513529,ORD-206595,2026-08-07,stitching came apart,145.59,REFUND
R9509,546607,ORD-222490,2025-07-28,didnt fit,72.52,REFUND
R9510,544848,ORD-221628,2025-12-09,too small,53.70,Refund
R9511,531034,ORD-214998,2025-08-27,Too Small,225.73,Exchange
R9512,524816,ORD-212012,"September 13, 2025",too small,13.17,REFUND
R9513,517049,ORD-208263,03-27-2026,Faulty,22.75,refund
R9514,509516,ORD-204603,2024-05-27,Doesn't fit,84.85,REFUND
R9515,505333,ORD-202608,2025-11-01,too big,57.84,REFUND
R9516,536202,ORD-217526,2024-12-19,changed mind,77.37,Exchange
R9517,511950,ORD-205822,2025-01-17,no longer needed,9.82,Exchange
R9518,511661,ORD-205686,29 Apr 2024,,25.55,Exchange
R9519,531004,ORD-214984,"November 16, 2025",found cheaper,106.65,Refund
R9520,520755,ORD-210040,2025-08-28,damaged in transit,22.75,Refund
R9521,549066,ORD-223654,"January 17, 2026",not waterproof,176.39,refund
R9522,530696,ORD-214833,2025-02-16,didn't fit,46.36,REFUND
R9523,533413,ORD-216147,2025-08-17,DAMAGED,78.16,refund
R9524,525056,ORD-212127,2026-04-21,found cheaper,58.72,Store credit
R9525,541460,ORD-220016,2025-10-04,didnt fit,191.58,Exchange
R9526,522867,ORD-211075,2025-06-04,box crushed,18.27,refund
R9527,500146,ORD-200073,30 Sep 2026,looks different to photo,5.72,Exchange
R9528,502149,ORD-201039,2026-09-12,too big,19.68,Refund
R9529,515068,ORD-207334,09-03-2026,found cheaper,60.99,Refund
R9530,548511,ORD-223390,30 Apr 2026,damaged in transit,150.10,REFUND
R9531,523345,ORD-211302,2026-05-20,zip broke,110.12,REFUND
R9532,534841,ORD-216855,05-23-2025,too small,74.97,Store credit
R9533,531048,ORD-215006,06/07/2024,,192.11,REFUND
R9534,527868,ORD-213489,2025-10-19,,93.71,refund
R9535,528476,ORD-213786,2025-03-03,stitching came apart,11.38,Exchange
R9536,522319,ORD-210805,2026-05-26,zip broke,89.76,Exchange
R9537,527788,ORD-213445,2026-03-14,not as described,82.09,refund
R9538,521118,ORD-210216,2025-09-03,changed mind,48.73,Refund
R9539,512949,ORD-206310,2025-07-30,,250.06,refund
R9540,549873,ORD-224034,2026-03-10,,133.17,refund
R9541,550344,ORD-224249,09-05-2025,n/a,184.48,Exchange
R9542,505042,ORD-202476,2026-06-04,no longer needed,92.78,Exchange
R9543,517979,ORD-208711,18.07.25,,43.13,Refund
R9544,522094,ORD-210700,2025-10-12,didn't fit,256.03,REFUND
R9545,508632,ORD-204183,2026-01-09,TOO SMALL,213.87,REFUND
R9546,549974,ORD-224080,2026-07-09,wrong size,21.57,REFUND
R9547,508058,ORD-203907,2026-01-28,Doesn't fit,139.19,refund
R9548,534032,ORD-216440,03-23-2026,found cheaper,45.48,Exchange
R9549,511310,ORD-205508,2024-12-11,arrived damaged,101.39,refund
R9550,519070,ORD-209236,2025-10-19,bought by mistake,181.99,Store credit
R9551,523795,ORD-211525,2026-02-06,NA,54.63,Refund
R9552,545889,ORD-222138,2026-09-30,,80.65,refund
R9553,531616,ORD-215280,2026-06-06,box crushed,29.04,Store credit
R9554,523425,ORD-211338,2026-08-01,no longer needed,133.17,REFUND
R9555,535670,ORD-217264,2026-08-28,found cheaper,77.62,refund
R9556,500206,ORD-200101,2024-12-20,stitching came apart,137.94,REFUND
R9557,523688,ORD-211467,2026-08-28,TOO SMALL,81.11,Exchange
R9558,543730,ORD-221089,2025-12-08,didnt fit,142.89,Exchange
R9559,501794,ORD-200865,2026-08-03,other,28.92,Store credit
R9560,533564,ORD-216219,2025-11-21,not as described,46.36,Refund
R9561,518931,ORD-209163,30/10/2025,wrong size,49.69,REFUND
R9562,533718,ORD-216293,2025-11-30,leaking,132.84,Exchange
R9563,551640,ORD-224882,2026-07-20,didnt fit,132.05,REFUND
R9564,526508,ORD-212825,2025-11-27,colour different,310.13,REFUND
R9565,521521,ORD-210420,2026-09-06,,21.16,Exchange
R9566,517328,ORD-208395,2026-06-28,colour different,19.68,refund
R9567,518807,ORD-209108,2025-06-28,faulty zip,44.76,Exchange
R9568,501139,ORD-200540,"July 20, 2026",no longer needed,29.11,Exchange
R9569,530956,ORD-214957,2026/06/24,found cheaper,8.45,Store credit
R9570,511653,ORD-205680,TBC,wrong size,22.37,Exchange
R9571,529147,ORD-214102,2026-06-16,no longer needed,379.19,Store credit
R9572,550881,ORD-224512,2025-02-03,arrived damaged,0.00,REFUND
R9573,520989,ORD-210153,08-08-2026,wrong size,19.75,refund
R9574,534505,ORD-216687,2025-08-11,TOO SMALL,18.15,Store credit
R9575,542863,ORD-220674,2025-09-20,looks different to photo,24.39,refund
R9576,527804,ORD-213453,2025-09-25,,36.67,refund
R9577,510233,ORD-204975,2025-07-27,changed mind,153.16,REFUND
R9578,546997,ORD-222666,2026-09-07,not as described,310.13,REFUND
R9579,546145,ORD-222273,2026-09-14,leaking,185.64,refund
R9580,509369,ORD-204532,0000-00-00,too small,73.35,Refund
R9581,520702,ORD-210012,2026-03-24,arrived damaged,58.02,Refund
R9582,513721,ORD-206688,2025-01-28,,22.75,Exchange
R9583,532024,ORD-215464,2025-09-05,too big,142.62,Refund
R9584,533676,ORD-216272,2024-08-05,didnt fit,42.68,REFUND
R9585,540585,ORD-219595,2026-01-10,Doesn't fit,79.04,Refund
R9586,532718,ORD-215800,2024/09/09,faulty zip,33.22,Store credit
R9587,524226,ORD-211735,2026-06-19,Too Small,173.32,refund
R9588,550294,ORD-224226,26/10/2025,Faulty,29.22,REFUND
R9589,538255,ORD-218504,2025-06-09,bought by mistake,92.72,Exchange
R9590,551752,ORD-224936,22 Jan 2025,damaged in transit,73.35,Exchange
R9591,513587,ORD-206624,2025-12-23,wrong size,170.39,refund
R9592,522371,ORD-210827,"January 30, 2026",box crushed,147.58,Refund
R9593,513065,ORD-206368,2026-09-30,wrong size,158.55,refund
R9594,519761,ORD-209555,2026-03-05,not waterproof,33.22,Exchange
R9595,507513,ORD-203640,2026-06-16,other,9.80,refund
R9596,509088,ORD-204403,2025-07-11,,73.82,Store credit
R9597,517919,ORD-208679,2025-08-05,bought by mistake,50.54,REFUND
R9598,505345,ORD-202613,17/01/2026,zip broke,60.95,Store credit
R9599,519873,ORD-209612,2026-09-30,wrong size,39.83,Store credit
R9600,551468,ORD-224804,2025-12-09,found cheaper,16.87,Store credit
R9601,526041,ORD-212600,14.07.25,faulty zip,51.09,Refund
R9602,522844,ORD-211060,23/07/2026,wrong size,51.71,Store credit
R9603,526335,ORD-212739,2025-07-26,no longer needed,57.84,Store credit
R9604,504086,ORD-202004,2026-09-30,,246.25,REFUND
R9605,545192,ORD-221795,2026-01-31,wrong size,41.82,REFUND
R9606,515966,ORD-207747,2024-09-22,faulty zip,45.38,Refund
R9607,550181,ORD-224170,2025-12-01,-,106.65,refund
R9608,524686,ORD-211951,2025/08/01,didn't fit,0.00,Exchange
R9609,512999,ORD-206337,2026-01-29,leaking,158.55,Exchange
R9610,509677,ORD-204692,2026-08-01,not waterproof,66.58,Exchange
R9611,537618,ORD-218200,2025-04-08,colour different,40.87,Refund
R9612,517952,ORD-208697,04-24-2026,bought by mistake,122.95,Refund
R9613,538265,ORD-218507,2026-08-19,changed mind,29.04,Refund
R9614,507128,ORD-203454,2026-06-22,see email,275.89,REFUND
R9615,520377,ORD-209861,2024-02-09,bought by mistake,132.84,Store credit
R9616,509454,ORD-204575,2026-08-18,Too Small,158.55,Refund
R9617,541251,ORD-219922,2025-02-05,found cheaper,58.34,REFUND
R9618,518518,ORD-208975,2025-12-06,changed mind,26.58,Store credit
R9619,528059,ORD-213588,2026-07-02,too small,29.70,Exchange
R9620,547567,ORD-222941,2025-10-16,bought by mistake,122.95,REFUND
R9621,516910,ORD-208192,2026-08-17,TOO SMALL,,Refund
R9622,524736,ORD-211977,12 Apr 2026,zip broke,15.65,refund
R9623,526137,ORD-212643,2026-04-27,found cheaper,172.97,Refund
R9624,536035,ORD-217452,2025-11-25,TOO SMALL,58.72,Store credit
R9625,532577,ORD-215733,2025/05/23,no longer needed,65.67,refund
R9626,537207,ORD-218006,2025-12-18,didnt fit,177.44,Refund
R9627,530894,ORD-214929,2026-07-05,too big,19.56,REFUND
R9628,539802,ORD-219225,2025-07-19,didn't fit,30.36,refund
R9629,520159,ORD-209755,2026-09-01,didnt fit,43.29,Refund
R9630,511271,ORD-205487,16 Jul 2026,didnt fit,112.86,refund
R9631,547462,ORD-222888,2025-10-06,,158.08,REFUND
R9632,510830,ORD-205271,2026/06/06,faulty zip,77.66,REFUND
R9633,525008,ORD-212104,2026-01-11,faulty zip,220.20,REFUND
R9634,551714,ORD-224921,2026-06-20,too big,66.91,Exchange
R9635,502418,ORD-201179,2024-03-25,no longer needed,171.10,Exchange
R9636,538521,ORD-218624,2025-12-14,box crushed,213.87,REFUND
R9637,514683,ORD-207144,2025-09-17,too small,100.09,Refund
R9638,533541,ORD-216207,16/06/2026,too big,51.57,REFUND
R9639,537605,ORD-218194,2024-11-29,damaged in transit,32.23,REFUND
R9640,533001,ORD-215943,2026-06-07,leaking,114.08,Exchange
R9641,538645,ORD-218684,2025-12-28,found cheaper,,Store credit
R9642,521785,ORD-210553,23 Jan 2025,faulty zip,13.17,refund
R9643,507059,ORD-203424,2026-08-25,not waterproof,76.24,Refund
R9644,529085,ORD-214071,2026-05-04,TOO SMALL,10.54,Store credit
R9645,520063,ORD-209704,2026-09-30,,76.58,REFUND
R9646,500120,ORD-200062,2025-05-24,leaking,46.58,Exchange
R9647,519093,ORD-209249,2025-03-18,looks different to photo,184.48,REFUND
R9648,523210,ORD-211235,2025-11-10,,30.63,REFUND
R9649,530943,ORD-214950,2026-04-03,colour different,168.87,refund
R9650,520092,ORD-209720,"January 09, 2026",damaged in transit,29.04,REFUND
R9651,501150,ORD-200547,2024-09-12,wrong size,29.67,Exchange
R9652,524771,ORD-211994,07-05-2026,too small,9.80,Refund
R9653,546241,ORD-222317,2026-01-24,not as described,180.58,Refund
R9654,539838,ORD-219244,2026-05-15,DAMAGED,14.62,Store credit
R9655,525254,ORD-212217,2025-03-18,Doesn't fit,17.90,refund
R9656,504234,ORD-202074,2025-03-04,,126.46,Store credit
R9657,531754,ORD-215343,22/12/2025,,65.25,Exchange
R9658,521610,ORD-210466,2025-09-15,looks different to photo,155.46,REFUND
R9659,515694,ORD-207619,2026-01-22,didnt fit,33.42,REFUND
R9660,551559,ORD-224846,2026-04-30,too big,29.11,Refund
R9661,505601,ORD-202732,2025-02-16,stitching came apart,145.19,Exchange
R9662,527889,ORD-213503,"September 30, 2026",zip broke,53.70,REFUND
R9663,518448,ORD-208940,2025-10-08,Doesn't fit,88.57,Refund
R9664,529102,ORD-214080,"June 14, 2026",Faulty,101.39,Refund
R9665,522591,ORD-210946,2025/07/31,Too Small,27.75,Exchange
R9666,541127,ORD-219866,2026-08-29,Doesn't fit,150.10,Refund
R9667,529792,ORD-214403,2025-04-05,changed mind,173.32,REFUND
R9668,500691,ORD-200321,22 Sep 2024,not waterproof,8.76,Store credit
R9669,510910,ORD-205312,2025-10-02,bought by mistake,155.62,refund
R9670,512212,ORD-205954,2025-10-25,box crushed,236.77,REFUND
R9671,542718,ORD-220608,2024-07-21,didn't fit,180.58,refund
R9672,520586,ORD-209957,25/01/2026,leaking,151.11,Exchange
R9673,518255,ORD-208846,2026-03-17,other,85.32,Refund
R9674,523526,ORD-211385,2024-08-30,,213.87,REFUND
R9675,501421,ORD-200688,2026-09-11,wrong size,106.44,refund
R9676,515137,ORD-207368,2025-06-04,NA,35.90,REFUND
R9677,512560,ORD-206118,2025/12/11,DAMAGED,37.51,refund
R9678,501484,ORD-200723,2026-02-19,TOO SMALL,22.69,refund
R9679,528264,ORD-213684,2026/03/04,looks different to photo,33.74,Exchange
R9680,551670,ORD-224900,2026-09-28,faulty zip,104.27,Refund
R9681,508958,ORD-204336,26 Mar 2026,too big,41.52,REFUND
R9682,546729,ORD-222544,06-07-2026,changed mind,79.04,Store credit
R9683,503462,ORD-201698,28.11.25,didn't fit,46.98,REFUND
R9684,531999,ORD-215451,20 Dec 2024,too small,101.03,Exchange
R9685,500302,ORD-200145,2024-04-28,,56.09,Exchange
R9686,512976,ORD-206323,2025-11-21,colour different,168.87,REFUND
R9687,537670,ORD-218233,"April 23, 2026",,51.75,Store credit
R9688,546844,ORD-222598,2025-12-11,DAMAGED,19.68,REFUND
R9689,518747,ORD-209084,2026-06-15,didn't fit,44.79,Refund
R9690,500656,ORD-200301,2026-08-21,didnt fit,285.23,refund
R9691,536710,ORD-217764,2025-02-03,,25.55,REFUND
R9692,522186,ORD-210742,2024-06-29,TOO SMALL,89.31,REFUND
R9693,529577,ORD-214303,2026-01-03,Doesn't fit,28.50,Store credit
R9694,547031,ORD-222680,2026-09-30,no longer needed,83.42,REFUND
R9695,535533,ORD-217192,23.07.25,TOO SMALL,16.89,Refund
R9696,541928,ORD-220245,2025-12-05,too small,74.39,Store credit
R9697,510297,ORD-205008,23.06.25,changed mind,19.64,Exchange
R9698,549365,ORD-223793,2025-08-18,not waterproof,81.56,Exchange
R9699,521892,ORD-210604,2025-07-10,TOO SMALL,46.12,Refund
R9700,529362,ORD-214205,2024-12-06,didnt fit,295.96,Store credit
R9701,533064,ORD-215972,2026-07-31,too big,24.89,Exchange
R9702,511355,ORD-205533,2026-03-07,too big,44.76,Store credit
R9703,531326,ORD-215138,2026-08-21,no longer needed,65.72,REFUND
R9704,512013,ORD-205853,2025-08-13,Too Small,71.81,REFUND
R9705,528386,ORD-213741,"August 16, 2026",Doesn't fit,190.29,REFUND
R9706,530724,ORD-214846,2025-02-18,Faulty,77.96,Store credit
R9707,532138,ORD-215512,2026-09-02,DAMAGED,97.53,Exchange
R9708,535924,ORD-217397,2026-09-02,zip broke,60.97,REFUND
R9709,542677,ORD-220588,2026-06-16,no longer needed,77.37,REFUND
R9710,534941,ORD-216903,07-14-2024,,185.57,Exchange
R9711,506820,ORD-203310,2026-01-08,changed mind,22.37,Exchange
R9712,536447,ORD-217639,2025/09/05,colour different,25.06,Exchange
R9713,520220,ORD-209782,10 Sep 2026,too big,84.44,Store credit
R9714,533749,ORD-216305,2026-02-14,box crushed,339.32,refund
R9715,504065,ORD-201994,2024-10-24,too big,12.53,refund
R9716,529125,ORD-214092,2025-11-22,didn't fit,65.10,refund
R9717,542938,ORD-220709,2026-01-05,stitching came apart,77.66,Exchange
R9718,504023,ORD-201974,2026-03-28,looks different to photo,33.22,Store credit
R9719,506610,ORD-203219,2026-05-22,changed mind,153.16,refund
R9720,540895,ORD-219750,2026-09-01,TOO SMALL,40.69,Refund
R9721,507611,ORD-203685,02 Apr 2026,Doesn't fit,81.11,Exchange
R9722,512735,ORD-206202,12-14-2025,not waterproof,152.23,Exchange
R9723,550508,ORD-224327,2025-11-10,no longer needed,133.71,Refund
R9724,536487,ORD-217657,2025-12-04,looks different to photo,83.42,Exchange
R9725,507134,ORD-203456,2024-05-12,Faulty,276.21,Store credit
R9726,509101,ORD-204410,2025-03-30,colour different,137.65,Refund
R9727,532776,ORD-215830,"September 27, 2025",TOO SMALL,246.25,refund
R9728,547647,ORD-222973,2026-05-20,wrong size,83.64,Refund
R9729,515436,ORD-207493,2026-08-13,Faulty,250.06,REFUND
R9730,534390,ORD-216620,07 Jul 2026,TOO SMALL,49.40,refund
R9731,503979,ORD-201950,02 Jan 2026,bought by mistake,395.76,REFUND
R9732,514810,ORD-207208,2025/01/12,zip broke,52.13,refund
R9733,501294,ORD-200623,2026-08-09,faulty zip,36.61,Refund
R9734,518222,ORD-208831,2025-06-24,Too Small,200.05,Exchange
R9735,518460,ORD-208944,2025-04-06,bought by mistake,137.94,REFUND
R9736,505291,ORD-202592,2026-01-07,bought by mistake,166.55,refund
R9737,534162,ORD-216504,2026-05-09,zip broke,4.29,REFUND
R9738,513672,ORD-206663,2025/05/22,changed mind,133.17,REFUND
R9739,538232,ORD-218494,20 Mar 2026,not waterproof,45.38,Store credit
R9740,501154,ORD-200549,2024-07-15,didn't fit,58.23,Store credit
R9741,502229,ORD-201077,26.05.24,zip broke,36.26,REFUND
R9742,530443,ORD-214714,2024-11-27,changed mind,18.27,Refund
R9743,529019,ORD-214044,25 Jul 2026,faulty zip,36.61,Exchange
R9744,536436,ORD-217632,2026/01/07,wrong size,196.72,Store credit
R9745,505455,ORD-202667,12-30-2025,not as described,53.48,Refund
R9746,513813,ORD-206735,01-09-2026,didnt fit,51.75,Store credit
R9747,504875,ORD-202397,2024-07-30,looks different to photo,31.11,REFUND
R9748,513876,ORD-206766,2025-11-27,arrived damaged,139.14,Exchange
R9749,509867,ORD-204792,30.10.24,leaking,48.60,Exchange
R9750,518512,ORD-208971,2026-06-17,looks different to photo,97.70,REFUND
R9751,520134,ORD-209743,2026-03-16,too big,139.19,refund
R9752,536635,ORD-217731,2025-12-25,wrong size,11.10,refund
R9753,543655,ORD-221050,2025-11-27,arrived damaged,60.99,Store credit
R9754,522568,ORD-210934,"November 25, 2024",not waterproof,58.34,Refund
R9755,529502,ORD-214272,2025-05-15,no longer needed,172.97,REFUND
R9756,500925,ORD-200438,2024-08-20,stitching came apart,18.27,Exchange
R9757,501984,ORD-200961,2026-09-17,DAMAGED,220.20,REFUND
R9758,508304,ORD-204026,2026-04-13,TOO SMALL,704.51,REFUND
R9759,516524,ORD-208009,2026-08-28,not waterproof,31.11,Store credit
R9760,525342,ORD-212259,2025-07-20,damaged in transit,142.62,REFUND
R9761,546870,ORD-222609,12-04-2025,Too Small,19.75,refund
R9762,500261,ORD-200128,2024-08-27,didnt fit,178.61,REFUND
R9763,551717,ORD-224923,2026-08-12,not waterproof,106.65,Refund
R9764,539062,ORD-218871,2026-05-22,looks different to photo,66.42,Exchange
R9765,528060,ORD-213588,2026-07-03,Doesn't fit,185.57,Refund
R9766,511224,ORD-205463,2025-08-24,,48.60,Store credit
R9767,515838,ORD-207685,16 Mar 2026,didnt fit,275.89,Store credit
R9768,522392,ORD-210840,TBC,NA,202.06,Refund
R9769,513349,ORD-206512,"October 17, 2025",no longer needed,275.89,Exchange
R9770,548731,ORD-223500,2024-11-05,didn't fit,73.35,Store credit
R9771,519638,ORD-209494,2026-09-14,too big,59.18,Refund
R9772,532569,ORD-215730,30.03.26,too small,106.27,REFUND
R9773,510134,ORD-204925,2026-07-11,Too Small,49.69,refund
R9774,544352,ORD-221384,2025-04-05,not waterproof,2234.80,Store credit
R9775,529620,ORD-214323,2026-04-03,looks different to photo,105.64,Store credit
R9776,509707,ORD-204708,2025-07-06,TOO SMALL,22.74,Exchange
R9777,510825,ORD-205268,09-12-2026,box crushed,61.90,Exchange
R9778,540618,ORD-219611,TBC,other,19.68,refund
R9779,514315,ORD-206980,2026-02-01,changed mind,29.23,REFUND
R9780,503991,ORD-201958,03 Dec 2025,Faulty,228.18,Exchange
R9781,522315,ORD-210804,2025-09-26,leaking,63.17,Exchange
R9782,545304,ORD-221850,01/05/2026,too small,22.38,Store credit
R9783,543958,ORD-221196,2026-09-28,looks different to photo,51.71,Store credit
R9784,540717,ORD-219659,2026-07-01,not waterproof,37.51,refund
R9785,511984,ORD-205837,"July 17, 2025",box crushed,22.75,REFUND
R9786,512992,ORD-206333,2025-08-24,not as described,4.90,REFUND
R9787,523945,ORD-211601,2026-02-22,arrived damaged,77.93,Exchange
R9788,513260,ORD-206468,2024-09-25,DAMAGED,48.79,REFUND
R9789,530303,ORD-214650,2026-06-30,changed mind,35.62,refund
R9790,521129,ORD-210220,2026-04-14,colour different,276.21,Refund
R9791,535286,ORD-217074,2026-07-31,TOO SMALL,172.97,REFUND
R9792,511154,ORD-205433,2026-02-13,bought by mistake,221.31,Exchange
R9793,515118,ORD-207360,2026-07-25,arrived damaged,250.06,Store credit
R9794,506881,ORD-203337,"May 14, 2026",looks different to photo,46.27,Store credit
R9795,507671,ORD-203715,2024-07-08,damaged in transit,36.54,Store credit
R9796,527210,ORD-213165,2024-06-07,Too Small,45.38,refund
R9797,550817,ORD-224477,0000-00-00,didnt fit,45.76,Store credit
R9798,536628,ORD-217726,,arrived damaged,103.25,refund
R9799,513522,ORD-206590,2024-04-30,Too Small,128.01,REFUND
